route_name,uri,http_methods,controller_class,controller_method,middleware_resolved,active_backoffice_present,mfa_backoffice_present,log_backoffice_present,role_middleware_active,role_middleware_excluded,permission_middleware,permission_catalog_exists,semantic_permission_available,permission_recommendation,permission_semantically_adequate,policy_class,policy_ability,policy_ability_source,form_request,form_request_authorize,feature_entitlement,feature_required,feature_key,municipality_source,municipal_record_scope,fail_closed_without_municipality,platform_route,municipal_route,mixed_context_route,record_model,operation_type,mfa_sensitive,audit_requirement,audit_implementation,private_data,bounded_context,bounded_context_label,target_sprint,risk,confidence,test_coverage,test_sources,source,migration_recommendation
backoffice.access-audit.index,backoffice/access-audit,GET,"App\Http\Controllers\Backoffice\Access\AccessAuditController",index,"web|auth|role:administrator,municipal_technician,jury,financial_manager,maintenance_manager,auditor|active.backoffice|mfa.backoffice|log.backoffice",1,1,1,"role:administrator,municipal_technician,jury,financial_manager,maintenance_manager,auditor",,,1,1,access_audit.view,0,,,missing,,none,,0,,authenticated_user,candidate,,0,1,0,,read,1,recommended,unknown,1,administration_security,"Administração e segurança",47A,critical,medium,route_name_reference,tests/Feature/Security/InventoryBackofficeRoutesCommandTest.php,laravel_route_collection|resolved_middleware|controller_reflection|controller_source|permission_catalog|existing_test_route_reference,remove_fixed_role;apply_permission:access_audit.view;preserve_active_mfa_log;add_http_security_tests
backoffice.security.alert-rules.store,backoffice/security/alert-rules,POST,"App\Http\Controllers\Backoffice\Security\SecurityOperationsController",storeAlertRule,"web|auth|role:administrator,municipal_technician,jury,financial_manager,maintenance_manager,auditor|active.backoffice|mfa.backoffice|log.backoffice",1,1,1,"role:administrator,municipal_technician,jury,financial_manager,maintenance_manager,auditor",,,0,0,,0,,,missing,"App\Http\Requests\StoreSecurityAlertRuleRequest",custom,,0,,authenticated_user,candidate,,0,1,0,,mutation,1,required,missing,1,administration_security,"Administração e segurança",47A,critical,low,not_detected,,laravel_route_collection|resolved_middleware|controller_reflection|controller_source|form_request_reflection,remove_fixed_role;define_semantic_permission;preserve_active_mfa_log;add_http_security_tests
backoffice.security.alert-rules.update,backoffice/security/alert-rules/{securityAlertRule},PUT|PATCH,"App\Http\Controllers\Backoffice\Security\SecurityOperationsController",updateAlertRule,"web|auth|role:administrator,municipal_technician,jury,financial_manager,maintenance_manager,auditor|active.backoffice|mfa.backoffice|log.backoffice",1,1,1,"role:administrator,municipal_technician,jury,financial_manager,maintenance_manager,auditor",,,0,0,,0,"App\Policies\SecurityAlertRulePolicy",viewAny,inferred,"App\Http\Requests\UpdateSecurityAlertRuleRequest",inherited,,0,,authenticated_user_and_route_bound_record,missing,0,0,1,0,"App\Models\SecurityAlertRule",mutation,1,required,missing,1,administration_security,"Administração e segurança",47A,critical,low,not_detected,,laravel_route_collection|resolved_middleware|controller_reflection|controller_source|form_request_reflection|policy_discovery,remove_fixed_role;define_semantic_permission;enforce_municipal_scope;preserve_active_mfa_log;add_http_security_tests
backoffice.security.alerts.index,backoffice/security/alerts,GET,"App\Http\Controllers\Backoffice\Security\SecurityOperationsController",alerts,"web|auth|role:administrator,municipal_technician,jury,financial_manager,maintenance_manager,auditor|active.backoffice|mfa.backoffice|log.backoffice",1,1,1,"role:administrator,municipal_technician,jury,financial_manager,maintenance_manager,auditor",,,0,0,,0,,,missing,,none,,0,,authenticated_user,candidate,,0,1,0,,read,1,recommended,unknown,1,administration_security,"Administração e segurança",47A,critical,low,not_detected,,laravel_route_collection|resolved_middleware|controller_reflection|controller_source,remove_fixed_role;define_semantic_permission;preserve_active_mfa_log;add_http_security_tests
backoffice.security.alerts.resolve,backoffice/security/alerts/{securityAlert}/resolve,POST,"App\Http\Controllers\Backoffice\Security\SecurityOperationsController",resolveAlert,"web|auth|role:administrator,municipal_technician,jury,financial_manager,maintenance_manager,auditor|active.backoffice|mfa.backoffice|log.backoffice",1,1,1,"role:administrator,municipal_technician,jury,financial_manager,maintenance_manager,auditor",,,0,0,,0,"App\Policies\SecurityAlertPolicy",view,inferred,"App\Http\Requests\ResolveSecurityAlertRequest",custom,,0,,authenticated_user_and_route_bound_record,missing,0,0,1,0,"App\Models\SecurityAlert",mutation,1,required,missing,1,administration_security,"Administração e segurança",47A,critical,low,not_detected,,laravel_route_collection|resolved_middleware|controller_reflection|controller_source|form_request_reflection|policy_discovery,remove_fixed_role;define_semantic_permission;enforce_municipal_scope;preserve_active_mfa_log;add_http_security_tests
backoffice.security.alerts.review,backoffice/security/alerts/{securityAlert}/review,POST,"App\Http\Controllers\Backoffice\Security\SecurityOperationsController",reviewAlert,"web|auth|role:administrator,municipal_technician,jury,financial_manager,maintenance_manager,auditor|active.backoffice|mfa.backoffice|log.backoffice",1,1,1,"role:administrator,municipal_technician,jury,financial_manager,maintenance_manager,auditor",,,0,0,,0,"App\Policies\SecurityAlertPolicy",view,inferred,,none,,0,,authenticated_user_and_route_bound_record,missing,0,0,1,0,"App\Models\SecurityAlert",mutation,1,required,missing,1,administration_security,"Administração e segurança",47A,critical,low,not_detected,,laravel_route_collection|resolved_middleware|controller_reflection|controller_source|policy_discovery,remove_fixed_role;define_semantic_permission;enforce_municipal_scope;preserve_active_mfa_log;add_http_security_tests
backoffice.security.audit.access-logs.index,backoffice/security/audit/access-logs,GET,"App\Http\Controllers\Backoffice\Security\AuditController",accessLogs,"web|auth|role:administrator,municipal_technician,jury,financial_manager,maintenance_manager,auditor|active.backoffice|mfa.backoffice|log.backoffice",1,1,1,"role:administrator,municipal_technician,jury,financial_manager,maintenance_manager,auditor",,,0,0,,0,,,missing,,none,,0,,authenticated_user,candidate,,0,1,0,,read,1,recommended,unknown,1,administration_security,"Administração e segurança",47A,critical,low,not_detected,,laravel_route_collection|resolved_middleware|controller_reflection|controller_source,remove_fixed_role;define_semantic_permission;preserve_active_mfa_log;add_http_security_tests
backoffice.security.audit.events.index,backoffice/security/audit/events,GET,"App\Http\Controllers\Backoffice\Security\AuditController",events,"web|auth|role:administrator,municipal_technician,jury,financial_manager,maintenance_manager,auditor|active.backoffice|mfa.backoffice|log.backoffice",1,1,1,"role:administrator,municipal_technician,jury,financial_manager,maintenance_manager,auditor",,,0,0,,0,,,missing,,none,,0,,authenticated_user,candidate,,0,1,0,,read,1,recommended,unknown,1,administration_security,"Administração e segurança",47A,critical,low,not_detected,,laravel_route_collection|resolved_middleware|controller_reflection|controller_source,remove_fixed_role;define_semantic_permission;preserve_active_mfa_log;add_http_security_tests
backoffice.security.audit.events.show,backoffice/security/audit/events/{auditEvent},GET,"App\Http\Controllers\Backoffice\Security\AuditController",event,"web|auth|role:administrator,municipal_technician,jury,financial_manager,maintenance_manager,auditor|active.backoffice|mfa.backoffice|log.backoffice",1,1,1,"role:administrator,municipal_technician,jury,financial_manager,maintenance_manager,auditor",,,0,0,,0,"App\Policies\AuditEventPolicy",view,inferred,,none,,0,,authenticated_user_and_route_bound_record,missing,0,0,1,0,"App\Models\AuditEvent",read,1,recommended,confirmed,1,administration_security,"Administração e segurança",47A,critical,low,not_detected,,laravel_route_collection|resolved_middleware|controller_reflection|controller_source|policy_discovery,remove_fixed_role;define_semantic_permission;enforce_municipal_scope;preserve_active_mfa_log;add_http_security_tests
backoffice.security.audit.sensitive-logs.index,backoffice/security/audit/sensitive-logs,GET,"App\Http\Controllers\Backoffice\Security\AuditController",sensitiveLogs,"web|auth|role:administrator,municipal_technician,jury,financial_manager,maintenance_manager,auditor|active.backoffice|mfa.backoffice|log.backoffice",1,1,1,"role:administrator,municipal_technician,jury,financial_manager,maintenance_manager,auditor",,,0,0,,0,,,missing,,none,,0,,authenticated_user,candidate,,0,1,0,,read,1,recommended,unknown,1,administration_security,"Administração e segurança",47A,critical,low,not_detected,,laravel_route_collection|resolved_middleware|controller_reflection|controller_source,remove_fixed_role;define_semantic_permission;preserve_active_mfa_log;add_http_security_tests
backoffice.security.backups.index,backoffice/security/backups,GET,"App\Http\Controllers\Backoffice\Security\SecurityOperationsController",backups,"web|auth|role:administrator,municipal_technician,jury,financial_manager,maintenance_manager,auditor|active.backoffice|mfa.backoffice|log.backoffice",1,1,1,"role:administrator,municipal_technician,jury,financial_manager,maintenance_manager,auditor",,,0,0,,0,,,missing,,none,,0,,authenticated_user,candidate,,0,1,0,,read,1,recommended,unknown,1,administration_security,"Administração e segurança",47A,critical,low,not_detected,,laravel_route_collection|resolved_middleware|controller_reflection|controller_source,remove_fixed_role;define_semantic_permission;preserve_active_mfa_log;add_http_security_tests
backoffice.security.backups.store,backoffice/security/backups,POST,"App\Http\Controllers\Backoffice\Security\SecurityOperationsController",storeBackupReview,"web|auth|role:administrator,municipal_technician,jury,financial_manager,maintenance_manager,auditor|active.backoffice|mfa.backoffice|log.backoffice",1,1,1,"role:administrator,municipal_technician,jury,financial_manager,maintenance_manager,auditor",,,0,0,,0,,,missing,"App\Http\Requests\StoreBackupReviewRequest",custom,,0,,authenticated_user,candidate,,0,1,0,,mutation,1,required,missing,1,administration_security,"Administração e segurança",47A,critical,low,not_detected,,laravel_route_collection|resolved_middleware|controller_reflection|controller_source|form_request_reflection,remove_fixed_role;define_semantic_permission;preserve_active_mfa_log;add_http_security_tests
backoffice.security.checklist-items.update,backoffice/security/checklist-items/{securityChecklistItem},PUT|PATCH,"App\Http\Controllers\Backoffice\Security\SecurityOperationsController",updateChecklistItem,"web|auth|role:administrator,municipal_technician,jury,financial_manager,maintenance_manager,auditor|active.backoffice|mfa.backoffice|log.backoffice",1,1,1,"role:administrator,municipal_technician,jury,financial_manager,maintenance_manager,auditor",,,0,0,,0,,,missing,"App\Http\Requests\UpdateSecurityChecklistItemRequest",custom,,0,,authenticated_user_and_route_bound_record,missing,0,0,1,0,"App\Models\SecurityChecklistItem",mutation,1,required,missing,1,administration_security,"Administração e segurança",47A,critical,low,not_detected,,laravel_route_collection|resolved_middleware|controller_reflection|controller_source|form_request_reflection,remove_fixed_role;define_semantic_permission;add_policy;enforce_municipal_scope;preserve_active_mfa_log;add_http_security_tests
backoffice.security.checklists.approve,backoffice/security/checklists/{securityChecklist}/approve,POST,"App\Http\Controllers\Backoffice\Security\SecurityOperationsController",approveChecklist,"web|auth|role:administrator,municipal_technician,jury,financial_manager,maintenance_manager,auditor|active.backoffice|mfa.backoffice|log.backoffice",1,1,1,"role:administrator,municipal_technician,jury,financial_manager,maintenance_manager,auditor",,,0,0,,0,"App\Policies\SecurityChecklistPolicy",view,inferred,,none,,0,,authenticated_user_and_route_bound_record,missing,0,0,1,0,"App\Models\SecurityChecklist",mutation,1,required,missing,1,administration_security,"Administração e segurança",47A,critical,low,not_detected,,laravel_route_collection|resolved_middleware|controller_reflection|controller_source|policy_discovery,remove_fixed_role;define_semantic_permission;enforce_municipal_scope;preserve_active_mfa_log;add_http_security_tests
backoffice.security.checklists.index,backoffice/security/checklists,GET,"App\Http\Controllers\Backoffice\Security\SecurityOperationsController",checklists,"web|auth|role:administrator,municipal_technician,jury,financial_manager,maintenance_manager,auditor|active.backoffice|mfa.backoffice|log.backoffice",1,1,1,"role:administrator,municipal_technician,jury,financial_manager,maintenance_manager,auditor",,,0,0,,0,,,missing,,none,,0,,authenticated_user,candidate,,0,1,0,,read,1,recommended,unknown,1,administration_security,"Administração e segurança",47A,critical,low,not_detected,,laravel_route_collection|resolved_middleware|controller_reflection|controller_source,remove_fixed_role;define_semantic_permission;preserve_active_mfa_log;add_http_security_tests
backoffice.security.checklists.show,backoffice/security/checklists/{securityChecklist},GET,"App\Http\Controllers\Backoffice\Security\SecurityOperationsController",showChecklist,"web|auth|role:administrator,municipal_technician,jury,financial_manager,maintenance_manager,auditor|active.backoffice|mfa.backoffice|log.backoffice",1,1,1,"role:administrator,municipal_technician,jury,financial_manager,maintenance_manager,auditor",,,0,0,,0,"App\Policies\SecurityChecklistPolicy",view,inferred,,none,,0,,authenticated_user_and_route_bound_record,missing,0,0,1,0,"App\Models\SecurityChecklist",read,1,recommended,unknown,1,administration_security,"Administração e segurança",47A,critical,low,not_detected,,laravel_route_collection|resolved_middleware|controller_reflection|controller_source|policy_discovery,remove_fixed_role;define_semantic_permission;enforce_municipal_scope;preserve_active_mfa_log;add_http_security_tests
backoffice.security.checklists.store,backoffice/security/checklists,POST,"App\Http\Controllers\Backoffice\Security\SecurityOperationsController",storeChecklist,"web|auth|role:administrator,municipal_technician,jury,financial_manager,maintenance_manager,auditor|active.backoffice|mfa.backoffice|log.backoffice",1,1,1,"role:administrator,municipal_technician,jury,financial_manager,maintenance_manager,auditor",,,0,0,,0,,,missing,"App\Http\Requests\StoreSecurityChecklistRequest",custom,,0,,authenticated_user,candidate,,0,1,0,,mutation,1,required,missing,1,administration_security,"Administração e segurança",47A,critical,low,not_detected,,laravel_route_collection|resolved_middleware|controller_reflection|controller_source|form_request_reflection,remove_fixed_role;define_semantic_permission;preserve_active_mfa_log;add_http_security_tests
backoffice.security.dashboard,backoffice/security,GET,"App\Http\Controllers\Backoffice\Security\SecurityDashboardController",__invoke,"web|auth|role:administrator,municipal_technician,jury,financial_manager,maintenance_manager,auditor|active.backoffice|mfa.backoffice|log.backoffice",1,1,1,"role:administrator,municipal_technician,jury,financial_manager,maintenance_manager,auditor",,,0,0,,0,,,missing,,none,,,,dynamic_domain_context,candidate,,0,0,1,,read,1,recommended,unknown,1,administration_security,"Administração e segurança",47A,critical,low,route_name_reference,tests/Feature/Security/AuthorizationFeedbackDirectUrlTest.php|tests/Feature/Security/MfaEnforcementBackofficeTest.php|tests/Feature/Security/PermissionMatrixTest.php|tests/Feature/Sprint18RgpdSecurityAuditTest.php,laravel_route_collection|resolved_middleware|controller_reflection|controller_source|existing_test_route_reference,remove_fixed_role;define_semantic_permission;preserve_active_mfa_log;add_http_security_tests
backoffice.security.encrypted-fields.index,backoffice/security/encrypted-fields,GET,"App\Http\Controllers\Backoffice\Security\SecurityOperationsController",encryptedFields,"web|auth|role:administrator,municipal_technician,jury,financial_manager,maintenance_manager,auditor|active.backoffice|mfa.backoffice|log.backoffice",1,1,1,"role:administrator,municipal_technician,jury,financial_manager,maintenance_manager,auditor",,,0,0,,0,,,missing,,none,,0,,authenticated_user,candidate,,0,1,0,,read,1,recommended,unknown,1,administration_security,"Administração e segurança",47A,critical,low,not_detected,,laravel_route_collection|resolved_middleware|controller_reflection|controller_source,remove_fixed_role;define_semantic_permission;preserve_active_mfa_log;add_http_security_tests
backoffice.security.mfa.confirm,backoffice/security/mfa/{mfaDevice}/confirm,POST,"App\Http\Controllers\Backoffice\Security\MfaController",confirm,"web|auth|role:administrator,municipal_technician,jury,financial_manager,maintenance_manager,auditor|active.backoffice|mfa.backoffice|log.backoffice",1,1,1,"role:administrator,municipal_technician,jury,financial_manager,maintenance_manager,auditor",,,0,0,,0,"App\Policies\MfaDevicePolicy",view,inferred,"App\Http\Requests\ConfirmMfaRequest",custom,,0,,authenticated_user_and_route_bound_record,missing,0,0,1,0,"App\Models\MfaDevice",mutation,1,required,confirmed,1,administration_security,"Administração e segurança",47A,critical,low,not_detected,,laravel_route_collection|resolved_middleware|controller_reflection|controller_source|form_request_reflection|policy_discovery,remove_fixed_role;define_semantic_permission;enforce_municipal_scope;preserve_active_mfa_log;add_http_security_tests
backoffice.security.mfa.disable,backoffice/security/mfa/{mfaDevice}/disable,POST,"App\Http\Controllers\Backoffice\Security\MfaController",disable,"web|auth|role:administrator,municipal_technician,jury,financial_manager,maintenance_manager,auditor|active.backoffice|mfa.backoffice|log.backoffice",1,1,1,"role:administrator,municipal_technician,jury,financial_manager,maintenance_manager,auditor",,,0,0,,0,"App\Policies\MfaDevicePolicy",view,inferred,"App\Http\Requests\DisableMfaRequest",custom,,0,,authenticated_user_and_route_bound_record,missing,0,0,1,0,"App\Models\MfaDevice",mutation,1,required,confirmed,1,administration_security,"Administração e segurança",47A,critical,low,not_detected,,laravel_route_collection|resolved_middleware|controller_reflection|controller_source|form_request_reflection|policy_discovery,remove_fixed_role;define_semantic_permission;enforce_municipal_scope;preserve_active_mfa_log;add_http_security_tests
backoffice.security.mfa.enable,backoffice/security/mfa/enable,POST,"App\Http\Controllers\Backoffice\Security\MfaController",enable,"web|auth|role:administrator,municipal_technician,jury,financial_manager,maintenance_manager,auditor|active.backoffice|mfa.backoffice|log.backoffice",1,1,1,"role:administrator,municipal_technician,jury,financial_manager,maintenance_manager,auditor",,,0,0,,0,,,missing,"App\Http\Requests\EnableMfaRequest",custom,,0,,authenticated_user,candidate,,0,1,0,,mutation,1,required,confirmed,1,administration_security,"Administração e segurança",47A,critical,low,not_detected,,laravel_route_collection|resolved_middleware|controller_reflection|controller_source|form_request_reflection,remove_fixed_role;define_semantic_permission;preserve_active_mfa_log;add_http_security_tests
backoffice.security.mfa.index,backoffice/security/mfa,GET,"App\Http\Controllers\Backoffice\Security\MfaController",index,"web|auth|role:administrator,municipal_technician,jury,financial_manager,maintenance_manager,auditor|active.backoffice|mfa.backoffice|log.backoffice",1,1,1,"role:administrator,municipal_technician,jury,financial_manager,maintenance_manager,auditor",,,0,0,,0,,,missing,,none,,0,,authenticated_user,candidate,,0,1,0,,read,1,recommended,unknown,1,administration_security,"Administração e segurança",47A,critical,low,route_name_reference,tests/Feature/Security/ApplicationFeatureEntitlementAccessTest.php|tests/Feature/Security/AuthorizationFeedbackDirectUrlTest.php|tests/Feature/Security/MfaEnforcementBackofficeTest.php|tests/Feature/Security/PermissionMatrixTest.php|tests/Feature/Security/PermissionSensitiveMfaTest.php|tests/Feature/Sprint18RgpdSecurityAuditTest.php,laravel_route_collection|resolved_middleware|controller_reflection|controller_source|existing_test_route_reference,remove_fixed_role;define_semantic_permission;preserve_active_mfa_log;add_http_security_tests
backoffice.security.mfa.recovery-codes.regenerate,backoffice/security/mfa/recovery-codes/regenerate,POST,"App\Http\Controllers\Backoffice\Security\MfaController",regenerate,"web|auth|role:administrator,municipal_technician,jury,financial_manager,maintenance_manager,auditor|active.backoffice|mfa.backoffice|log.backoffice",1,1,1,"role:administrator,municipal_technician,jury,financial_manager,maintenance_manager,auditor",,,0,0,,0,,,missing,"App\Http\Requests\RegenerateRecoveryCodesRequest",custom,,0,,authenticated_user,candidate,,0,1,0,,mutation,1,required,confirmed,1,administration_security,"Administração e segurança",47A,critical,low,not_detected,,laravel_route_collection|resolved_middleware|controller_reflection|controller_source|form_request_reflection,remove_fixed_role;define_semantic_permission;preserve_active_mfa_log;add_http_security_tests
backoffice.security.mfa.verify,backoffice/security/mfa/verify,POST,"App\Http\Controllers\Backoffice\Security\MfaController",verify,"web|auth|role:administrator,municipal_technician,jury,financial_manager,maintenance_manager,auditor|active.backoffice|mfa.backoffice|log.backoffice",1,1,1,"role:administrator,municipal_technician,jury,financial_manager,maintenance_manager,auditor",,,0,0,,0,,,missing,"App\Http\Requests\VerifyMfaChallengeRequest",custom,,0,,authenticated_user,candidate,,0,1,0,,mutation,1,required,confirmed,1,administration_security,"Administração e segurança",47A,critical,low,not_detected,,laravel_route_collection|resolved_middleware|controller_reflection|controller_source|form_request_reflection,remove_fixed_role;define_semantic_permission;preserve_active_mfa_log;add_http_security_tests
backoffice.security.permission-reviews.complete,backoffice/security/permission-reviews/{permissionReview}/complete,POST,"App\Http\Controllers\Backoffice\Security\PermissionReviewController",complete,"web|auth|role:administrator,municipal_technician,jury,financial_manager,maintenance_manager,auditor|active.backoffice|mfa.backoffice|log.backoffice",1,1,1,"role:administrator,municipal_technician,jury,financial_manager,maintenance_manager,auditor",,,0,0,,0,"App\Policies\PermissionReviewPolicy",view,inferred,"App\Http\Requests\CompletePermissionReviewRequest",custom,,0,,authenticated_user_and_route_bound_record,missing,0,0,1,0,"App\Models\PermissionReview",mutation,1,required,confirmed,1,administration_security,"Administração e segurança",47A,critical,low,not_detected,,laravel_route_collection|resolved_middleware|controller_reflection|controller_source|form_request_reflection|policy_discovery,remove_fixed_role;define_semantic_permission;enforce_municipal_scope;preserve_active_mfa_log;add_http_security_tests
backoffice.security.permission-reviews.index,backoffice/security/permission-reviews,GET,"App\Http\Controllers\Backoffice\Security\PermissionReviewController",index,"web|auth|role:administrator,municipal_technician,jury,financial_manager,maintenance_manager,auditor|active.backoffice|mfa.backoffice|log.backoffice",1,1,1,"role:administrator,municipal_technician,jury,financial_manager,maintenance_manager,auditor",,,0,0,,0,"App\Policies\PermissionReviewPolicy",viewAny,inferred,,none,,0,,authenticated_user_and_route_bound_record,missing,0,0,1,0,"App\Models\PermissionReview",read,1,recommended,unknown,1,administration_security,"Administração e segurança",47A,critical,low,not_detected,,laravel_route_collection|resolved_middleware|controller_reflection|controller_source|policy_discovery,remove_fixed_role;define_semantic_permission;enforce_municipal_scope;preserve_active_mfa_log;add_http_security_tests
backoffice.security.permission-reviews.show,backoffice/security/permission-reviews/{permissionReview},GET,"App\Http\Controllers\Backoffice\Security\PermissionReviewController",show,"web|auth|role:administrator,municipal_technician,jury,financial_manager,maintenance_manager,auditor|active.backoffice|mfa.backoffice|log.backoffice",1,1,1,"role:administrator,municipal_technician,jury,financial_manager,maintenance_manager,auditor",,,0,0,,0,"App\Policies\PermissionReviewPolicy",view,inferred,,none,,0,,authenticated_user_and_route_bound_record,missing,0,0,1,0,"App\Models\PermissionReview",read,1,recommended,unknown,1,administration_security,"Administração e segurança",47A,critical,low,not_detected,,laravel_route_collection|resolved_middleware|controller_reflection|controller_source|policy_discovery,remove_fixed_role;define_semantic_permission;enforce_municipal_scope;preserve_active_mfa_log;add_http_security_tests
backoffice.security.permission-reviews.store,backoffice/security/permission-reviews,POST,"App\Http\Controllers\Backoffice\Security\PermissionReviewController",store,"web|auth|role:administrator,municipal_technician,jury,financial_manager,maintenance_manager,auditor|active.backoffice|mfa.backoffice|log.backoffice",1,1,1,"role:administrator,municipal_technician,jury,financial_manager,maintenance_manager,auditor",,,0,0,,0,"App\Policies\PermissionReviewPolicy",view,inferred,"App\Http\Requests\StorePermissionReviewRequest",custom,,0,,authenticated_user_and_route_bound_record,missing,0,0,1,0,"App\Models\PermissionReview",mutation,1,required,confirmed,1,administration_security,"Administração e segurança",47A,critical,low,not_detected,,laravel_route_collection|resolved_middleware|controller_reflection|controller_source|form_request_reflection|policy_discovery,remove_fixed_role;define_semantic_permission;enforce_municipal_scope;preserve_active_mfa_log;add_http_security_tests
backoffice.security.privacy.anonymization.approve,backoffice/security/privacy/anonymization/{anonymizationRequest}/approve,POST,"App\Http\Controllers\Backoffice\Security\PrivacyController",approveAnonymization,"web|auth|role:administrator,municipal_technician,jury,financial_manager,maintenance_manager,auditor|active.backoffice|mfa.backoffice|log.backoffice",1,1,1,"role:administrator,municipal_technician,jury,financial_manager,maintenance_manager,auditor",,,1,1,privacy.approve,0,"App\Policies\AnonymizationRequestPolicy",,missing,,none,,0,,authenticated_user_and_route_bound_record,missing,0,0,1,0,"App\Models\AnonymizationRequest",mutation,1,required,confirmed,1,administration_security,"Administração e segurança",47A,critical,high,not_detected,,laravel_route_collection|resolved_middleware|controller_reflection|controller_source|policy_discovery|permission_catalog,remove_fixed_role;apply_permission:privacy.approve;enforce_municipal_scope;preserve_active_mfa_log;add_http_security_tests
backoffice.security.privacy.anonymization.index,backoffice/security/privacy/anonymization,GET,"App\Http\Controllers\Backoffice\Security\PrivacyController",anonymization,"web|auth|role:administrator,municipal_technician,jury,financial_manager,maintenance_manager,auditor|active.backoffice|mfa.backoffice|log.backoffice",1,1,1,"role:administrator,municipal_technician,jury,financial_manager,maintenance_manager,auditor",,,1,1,privacy.view,0,,,missing,,none,,0,,authenticated_user,candidate,,0,1,0,,read,1,recommended,unknown,1,administration_security,"Administração e segurança",47A,critical,medium,not_detected,,laravel_route_collection|resolved_middleware|controller_reflection|controller_source|permission_catalog,remove_fixed_role;apply_permission:privacy.view;preserve_active_mfa_log;add_http_security_tests
backoffice.security.privacy.anonymization.run,backoffice/security/privacy/anonymization/{anonymizationRequest}/run,POST,"App\Http\Controllers\Backoffice\Security\PrivacyController",runAnonymization,"web|auth|role:administrator,municipal_technician,jury,financial_manager,maintenance_manager,auditor|active.backoffice|mfa.backoffice|log.backoffice",1,1,1,"role:administrator,municipal_technician,jury,financial_manager,maintenance_manager,auditor",,,0,0,,0,"App\Policies\AnonymizationRequestPolicy",view,inferred,,none,,0,,authenticated_user_and_route_bound_record,missing,0,0,1,0,"App\Models\AnonymizationRequest",mutation,1,required,confirmed,1,administration_security,"Administração e segurança",47A,critical,low,not_detected,,laravel_route_collection|resolved_middleware|controller_reflection|controller_source|policy_discovery,remove_fixed_role;define_semantic_permission;enforce_municipal_scope;preserve_active_mfa_log;add_http_security_tests
backoffice.security.privacy.anonymization.show,backoffice/security/privacy/anonymization/{anonymizationRequest},GET,"App\Http\Controllers\Backoffice\Security\PrivacyController",showAnonymization,"web|auth|role:administrator,municipal_technician,jury,financial_manager,maintenance_manager,auditor|active.backoffice|mfa.backoffice|log.backoffice",1,1,1,"role:administrator,municipal_technician,jury,financial_manager,maintenance_manager,auditor",,,1,1,privacy.view,0,"App\Policies\AnonymizationRequestPolicy",view,inferred,,none,,0,,authenticated_user_and_route_bound_record,missing,0,0,1,0,"App\Models\AnonymizationRequest",read,1,recommended,unknown,1,administration_security,"Administração e segurança",47A,critical,high,not_detected,,laravel_route_collection|resolved_middleware|controller_reflection|controller_source|policy_discovery|permission_catalog,remove_fixed_role;apply_permission:privacy.view;enforce_municipal_scope;preserve_active_mfa_log;add_http_security_tests
backoffice.security.privacy.anonymization.store,backoffice/security/privacy/anonymization,POST,"App\Http\Controllers\Backoffice\Security\PrivacyController",storeAnonymization,"web|auth|role:administrator,municipal_technician,jury,financial_manager,maintenance_manager,auditor|active.backoffice|mfa.backoffice|log.backoffice",1,1,1,"role:administrator,municipal_technician,jury,financial_manager,maintenance_manager,auditor",,,1,1,privacy.create,0,,,missing,"App\Http\Requests\StoreAnonymizationRequestRequest",custom,,0,,authenticated_user,candidate,,0,1,0,,mutation,1,required,confirmed,1,administration_security,"Administração e segurança",47A,critical,medium,not_detected,,laravel_route_collection|resolved_middleware|controller_reflection|controller_source|form_request_reflection|permission_catalog,remove_fixed_role;apply_permission:privacy.create;preserve_active_mfa_log;add_http_security_tests
backoffice.security.privacy.exports.download,backoffice/security/privacy/exports/{dataExportPackage}/download,GET,"App\Http\Controllers\Backoffice\Security\PrivacyController",downloadExport,"web|auth|role:administrator,municipal_technician,jury,financial_manager,maintenance_manager,auditor|active.backoffice|mfa.backoffice|log.backoffice",1,1,1,"role:administrator,municipal_technician,jury,financial_manager,maintenance_manager,auditor",,,0,0,,0,"App\Policies\DataExportPackagePolicy",view,inferred,,none,,0,,authenticated_user_and_route_bound_record,missing,0,0,1,0,"App\Models\DataExportPackage",read,1,recommended,confirmed,1,administration_security,"Administração e segurança",47A,critical,low,not_detected,,laravel_route_collection|resolved_middleware|controller_reflection|controller_source|policy_discovery,remove_fixed_role;define_semantic_permission;enforce_municipal_scope;preserve_active_mfa_log;add_http_security_tests
backoffice.security.privacy.exports.show,backoffice/security/privacy/exports/{dataExportPackage},GET,"App\Http\Controllers\Backoffice\Security\PrivacyController",showExport,"web|auth|role:administrator,municipal_technician,jury,financial_manager,maintenance_manager,auditor|active.backoffice|mfa.backoffice|log.backoffice",1,1,1,"role:administrator,municipal_technician,jury,financial_manager,maintenance_manager,auditor",,,1,1,privacy.export,0,"App\Policies\DataExportPackagePolicy",,missing,,none,,0,,authenticated_user_and_route_bound_record,missing,0,0,1,0,"App\Models\DataExportPackage",read,1,recommended,unknown,1,administration_security,"Administração e segurança",47A,critical,high,not_detected,,laravel_route_collection|resolved_middleware|controller_reflection|controller_source|policy_discovery|permission_catalog,remove_fixed_role;apply_permission:privacy.export;enforce_municipal_scope;preserve_active_mfa_log;add_http_security_tests
backoffice.security.privacy.purposes.index,backoffice/security/privacy/purposes,GET,"App\Http\Controllers\Backoffice\Security\PrivacyController",purposes,"web|auth|role:administrator,municipal_technician,jury,financial_manager,maintenance_manager,auditor|active.backoffice|mfa.backoffice|log.backoffice",1,1,1,"role:administrator,municipal_technician,jury,financial_manager,maintenance_manager,auditor",,,1,1,privacy.view,0,,,missing,,none,,0,,authenticated_user,candidate,,0,1,0,,read,1,recommended,unknown,1,administration_security,"Administração e segurança",47A,critical,medium,not_detected,,laravel_route_collection|resolved_middleware|controller_reflection|controller_source|permission_catalog,remove_fixed_role;apply_permission:privacy.view;preserve_active_mfa_log;add_http_security_tests
backoffice.security.privacy.purposes.store,backoffice/security/privacy/purposes,POST,"App\Http\Controllers\Backoffice\Security\PrivacyController",storePurpose,"web|auth|role:administrator,municipal_technician,jury,financial_manager,maintenance_manager,auditor|active.backoffice|mfa.backoffice|log.backoffice",1,1,1,"role:administrator,municipal_technician,jury,financial_manager,maintenance_manager,auditor",,,1,1,privacy.create,0,,,missing,"App\Http\Requests\StoreConsentPurposeRequest",custom,,0,,authenticated_user,candidate,,0,1,0,,mutation,1,required,confirmed,1,administration_security,"Administração e segurança",47A,critical,medium,not_detected,,laravel_route_collection|resolved_middleware|controller_reflection|controller_source|form_request_reflection|permission_catalog,remove_fixed_role;apply_permission:privacy.create;preserve_active_mfa_log;add_http_security_tests
backoffice.security.privacy.purposes.update,backoffice/security/privacy/purposes/{consentPurpose},PUT|PATCH,"App\Http\Controllers\Backoffice\Security\PrivacyController",updatePurpose,"web|auth|role:administrator,municipal_technician,jury,financial_manager,maintenance_manager,auditor|active.backoffice|mfa.backoffice|log.backoffice",1,1,1,"role:administrator,municipal_technician,jury,financial_manager,maintenance_manager,auditor",,,1,1,privacy.update,0,"App\Policies\ConsentPurposePolicy",update,inferred,"App\Http\Requests\UpdateConsentPurposeRequest",inherited,,0,,authenticated_user_and_route_bound_record,missing,0,0,1,0,"App\Models\ConsentPurpose",mutation,1,required,confirmed,1,administration_security,"Administração e segurança",47A,critical,high,not_detected,,laravel_route_collection|resolved_middleware|controller_reflection|controller_source|form_request_reflection|policy_discovery|permission_catalog,remove_fixed_role;apply_permission:privacy.update;enforce_municipal_scope;preserve_active_mfa_log;add_http_security_tests
backoffice.security.privacy.requests.assign,backoffice/security/privacy/requests/{dataSubjectRequest}/assign,POST,"App\Http\Controllers\Backoffice\Security\PrivacyController",assignRequest,"web|auth|role:administrator,municipal_technician,jury,financial_manager,maintenance_manager,auditor|active.backoffice|mfa.backoffice|log.backoffice",1,1,1,"role:administrator,municipal_technician,jury,financial_manager,maintenance_manager,auditor",,,0,0,,0,"App\Policies\DataSubjectRequestPolicy",view,inferred,"App\Http\Requests\AssignDataSubjectRequestRequest",custom,,0,,authenticated_user_and_route_bound_record,missing,0,0,1,0,"App\Models\DataSubjectRequest",mutation,1,required,confirmed,1,administration_security,"Administração e segurança",47A,critical,low,route_name_reference,tests/Feature/Sprint18RgpdSecurityAuditTest.php,laravel_route_collection|resolved_middleware|controller_reflection|controller_source|form_request_reflection|policy_discovery|existing_test_route_reference,remove_fixed_role;define_semantic_permission;enforce_municipal_scope;preserve_active_mfa_log;add_http_security_tests
backoffice.security.privacy.requests.complete,backoffice/security/privacy/requests/{dataSubjectRequest}/complete,POST,"App\Http\Controllers\Backoffice\Security\PrivacyController",completeRequest,"web|auth|role:administrator,municipal_technician,jury,financial_manager,maintenance_manager,auditor|active.backoffice|mfa.backoffice|log.backoffice",1,1,1,"role:administrator,municipal_technician,jury,financial_manager,maintenance_manager,auditor",,,0,0,,0,"App\Policies\DataSubjectRequestPolicy",view,inferred,"App\Http\Requests\CompleteDataSubjectRequestRequest",custom,,0,,authenticated_user_and_route_bound_record,missing,0,0,1,0,"App\Models\DataSubjectRequest",mutation,1,required,confirmed,1,administration_security,"Administração e segurança",47A,critical,low,not_detected,,laravel_route_collection|resolved_middleware|controller_reflection|controller_source|form_request_reflection|policy_discovery,remove_fixed_role;define_semantic_permission;enforce_municipal_scope;preserve_active_mfa_log;add_http_security_tests
backoffice.security.privacy.requests.exports.store,backoffice/security/privacy/requests/{dataSubjectRequest}/exports,POST,"App\Http\Controllers\Backoffice\Security\PrivacyController",generateExport,"web|auth|role:administrator,municipal_technician,jury,financial_manager,maintenance_manager,auditor|active.backoffice|mfa.backoffice|log.backoffice",1,1,1,"role:administrator,municipal_technician,jury,financial_manager,maintenance_manager,auditor",,,0,0,,0,"App\Policies\DataSubjectRequestPolicy",view,inferred,"App\Http\Requests\GenerateDataExportPackageRequest",custom,,0,,authenticated_user_and_route_bound_record,missing,0,0,1,0,"App\Models\DataSubjectRequest",mutation,1,required,confirmed,1,administration_security,"Administração e segurança",47A,critical,low,not_detected,,laravel_route_collection|resolved_middleware|controller_reflection|controller_source|form_request_reflection|policy_discovery,remove_fixed_role;define_semantic_permission;enforce_municipal_scope;preserve_active_mfa_log;add_http_security_tests
backoffice.security.privacy.requests.index,backoffice/security/privacy/requests,GET,"App\Http\Controllers\Backoffice\Security\PrivacyController",requests,"web|auth|role:administrator,municipal_technician,jury,financial_manager,maintenance_manager,auditor|active.backoffice|mfa.backoffice|log.backoffice",1,1,1,"role:administrator,municipal_technician,jury,financial_manager,maintenance_manager,auditor",,,1,1,privacy.view,0,,,missing,,none,,0,,authenticated_user,candidate,,0,1,0,,read,1,recommended,unknown,1,administration_security,"Administração e segurança",47A,critical,medium,not_detected,,laravel_route_collection|resolved_middleware|controller_reflection|controller_source|permission_catalog,remove_fixed_role;apply_permission:privacy.view;preserve_active_mfa_log;add_http_security_tests
backoffice.security.privacy.requests.reject,backoffice/security/privacy/requests/{dataSubjectRequest}/reject,POST,"App\Http\Controllers\Backoffice\Security\PrivacyController",rejectRequest,"web|auth|role:administrator,municipal_technician,jury,financial_manager,maintenance_manager,auditor|active.backoffice|mfa.backoffice|log.backoffice",1,1,1,"role:administrator,municipal_technician,jury,financial_manager,maintenance_manager,auditor",,,1,1,privacy.reject,0,"App\Policies\DataSubjectRequestPolicy",update,inferred,"App\Http\Requests\RejectDataSubjectRequestRequest",custom,,0,,authenticated_user_and_route_bound_record,missing,0,0,1,0,"App\Models\DataSubjectRequest",mutation,1,required,confirmed,1,administration_security,"Administração e segurança",47A,critical,high,not_detected,,laravel_route_collection|resolved_middleware|controller_reflection|controller_source|form_request_reflection|policy_discovery|permission_catalog,remove_fixed_role;apply_permission:privacy.reject;enforce_municipal_scope;preserve_active_mfa_log;add_http_security_tests
backoffice.security.privacy.requests.show,backoffice/security/privacy/requests/{dataSubjectRequest},GET,"App\Http\Controllers\Backoffice\Security\PrivacyController",showRequest,"web|auth|role:administrator,municipal_technician,jury,financial_manager,maintenance_manager,auditor|active.backoffice|mfa.backoffice|log.backoffice",1,1,1,"role:administrator,municipal_technician,jury,financial_manager,maintenance_manager,auditor",,,1,1,privacy.view,0,"App\Policies\DataSubjectRequestPolicy",view,inferred,,none,,0,,authenticated_user_and_route_bound_record,missing,0,0,1,0,"App\Models\DataSubjectRequest",read,1,recommended,unknown,1,administration_security,"Administração e segurança",47A,critical,high,not_detected,,laravel_route_collection|resolved_middleware|controller_reflection|controller_source|policy_discovery|permission_catalog,remove_fixed_role;apply_permission:privacy.view;enforce_municipal_scope;preserve_active_mfa_log;add_http_security_tests
backoffice.security.privacy.requests.store,backoffice/security/privacy/requests,POST,"App\Http\Controllers\Backoffice\Security\PrivacyController",storeRequest,"web|auth|role:administrator,municipal_technician,jury,financial_manager,maintenance_manager,auditor|active.backoffice|mfa.backoffice|log.backoffice",1,1,1,"role:administrator,municipal_technician,jury,financial_manager,maintenance_manager,auditor",,,1,1,privacy.create,0,,,missing,"App\Http\Requests\StoreDataSubjectRequestRequest",custom,,0,,authenticated_user,candidate,,0,1,0,,mutation,1,required,confirmed,1,administration_security,"Administração e segurança",47A,critical,medium,route_name_reference,tests/Feature/Sprint18RgpdSecurityAuditTest.php,laravel_route_collection|resolved_middleware|controller_reflection|controller_source|form_request_reflection|permission_catalog|existing_test_route_reference,remove_fixed_role;apply_permission:privacy.create;preserve_active_mfa_log;add_http_security_tests
backoffice.security.privacy.retention-executions.approve,backoffice/security/privacy/retention-executions/{retentionExecution}/approve,POST,"App\Http\Controllers\Backoffice\Security\PrivacyController",approveRetention,"web|auth|role:administrator,municipal_technician,jury,financial_manager,maintenance_manager,auditor|active.backoffice|mfa.backoffice|log.backoffice",1,1,1,"role:administrator,municipal_technician,jury,financial_manager,maintenance_manager,auditor",,,1,1,privacy.approve,0,"App\Policies\RetentionExecutionPolicy",,missing,,none,,0,,authenticated_user_and_route_bound_record,missing,0,0,1,0,"App\Models\RetentionExecution",mutation,1,required,confirmed,1,administration_security,"Administração e segurança",47A,critical,high,not_detected,,laravel_route_collection|resolved_middleware|controller_reflection|controller_source|policy_discovery|permission_catalog,remove_fixed_role;apply_permission:privacy.approve;enforce_municipal_scope;preserve_active_mfa_log;add_http_security_tests
backoffice.security.privacy.retention-executions.run,backoffice/security/privacy/retention-executions/{retentionExecution}/run,POST,"App\Http\Controllers\Backoffice\Security\PrivacyController",runRetention,"web|auth|role:administrator,municipal_technician,jury,financial_manager,maintenance_manager,auditor|active.backoffice|mfa.backoffice|log.backoffice",1,1,1,"role:administrator,municipal_technician,jury,financial_manager,maintenance_manager,auditor",,,0,0,,0,"App\Policies\RetentionExecutionPolicy",view,inferred,,none,,0,,authenticated_user_and_route_bound_record,missing,0,0,1,0,"App\Models\RetentionExecution",mutation,1,required,confirmed,1,administration_security,"Administração e segurança",47A,critical,low,not_detected,,laravel_route_collection|resolved_middleware|controller_reflection|controller_source|policy_discovery,remove_fixed_role;define_semantic_permission;enforce_municipal_scope;preserve_active_mfa_log;add_http_security_tests
backoffice.security.privacy.retention.index,backoffice/security/privacy/retention,GET,"App\Http\Controllers\Backoffice\Security\PrivacyController",retention,"web|auth|role:administrator,municipal_technician,jury,financial_manager,maintenance_manager,auditor|active.backoffice|mfa.backoffice|log.backoffice",1,1,1,"role:administrator,municipal_technician,jury,financial_manager,maintenance_manager,auditor",,,1,1,privacy.view,0,,,missing,,none,,0,,authenticated_user,candidate,,0,1,0,,read,1,recommended,unknown,1,administration_security,"Administração e segurança",47A,critical,medium,not_detected,,laravel_route_collection|resolved_middleware|controller_reflection|controller_source|permission_catalog,remove_fixed_role;apply_permission:privacy.view;preserve_active_mfa_log;add_http_security_tests
backoffice.security.privacy.retention.simulate,backoffice/security/privacy/retention/{retentionPolicy}/simulate,POST,"App\Http\Controllers\Backoffice\Security\PrivacyController",simulateRetention,"web|auth|role:administrator,municipal_technician,jury,financial_manager,maintenance_manager,auditor|active.backoffice|mfa.backoffice|log.backoffice",1,1,1,"role:administrator,municipal_technician,jury,financial_manager,maintenance_manager,auditor",,,1,1,privacy.view,0,"App\Policies\RetentionPolicyPolicy",view,inferred,"App\Http\Requests\RunRetentionSimulationRequest",custom,,0,,authenticated_user_and_route_bound_record,missing,0,0,1,0,"App\Models\RetentionPolicy",mutation,1,required,confirmed,1,administration_security,"Administração e segurança",47A,critical,high,not_detected,,laravel_route_collection|resolved_middleware|controller_reflection|controller_source|form_request_reflection|policy_discovery|permission_catalog,remove_fixed_role;apply_permission:privacy.view;enforce_municipal_scope;preserve_active_mfa_log;add_http_security_tests
backoffice.security.privacy.retention.store,backoffice/security/privacy/retention,POST,"App\Http\Controllers\Backoffice\Security\PrivacyController",storeRetention,"web|auth|role:administrator,municipal_technician,jury,financial_manager,maintenance_manager,auditor|active.backoffice|mfa.backoffice|log.backoffice",1,1,1,"role:administrator,municipal_technician,jury,financial_manager,maintenance_manager,auditor",,,1,1,privacy.create,0,,,missing,"App\Http\Requests\StoreRetentionPolicyRequest",custom,,0,,authenticated_user,candidate,,0,1,0,,mutation,1,required,missing,1,administration_security,"Administração e segurança",47A,critical,medium,not_detected,,laravel_route_collection|resolved_middleware|controller_reflection|controller_source|form_request_reflection|permission_catalog,remove_fixed_role;apply_permission:privacy.create;preserve_active_mfa_log;add_http_security_tests
backoffice.security.privacy.retention.update,backoffice/security/privacy/retention/{retentionPolicy},PUT|PATCH,"App\Http\Controllers\Backoffice\Security\PrivacyController",updateRetention,"web|auth|role:administrator,municipal_technician,jury,financial_manager,maintenance_manager,auditor|active.backoffice|mfa.backoffice|log.backoffice",1,1,1,"role:administrator,municipal_technician,jury,financial_manager,maintenance_manager,auditor",,,1,1,privacy.update,0,"App\Policies\RetentionPolicyPolicy",update,inferred,"App\Http\Requests\UpdateRetentionPolicyRequest",inherited,,0,,authenticated_user_and_route_bound_record,missing,0,0,1,0,"App\Models\RetentionPolicy",mutation,1,required,missing,1,administration_security,"Administração e segurança",47A,critical,high,not_detected,,laravel_route_collection|resolved_middleware|controller_reflection|controller_source|form_request_reflection|policy_discovery|permission_catalog,remove_fixed_role;apply_permission:privacy.update;enforce_municipal_scope;preserve_active_mfa_log;add_http_security_tests
backoffice.security.storage.index,backoffice/security/storage,GET,"App\Http\Controllers\Backoffice\Security\SecurityOperationsController",storage,"web|auth|role:administrator,municipal_technician,jury,financial_manager,maintenance_manager,auditor|active.backoffice|mfa.backoffice|log.backoffice",1,1,1,"role:administrator,municipal_technician,jury,financial_manager,maintenance_manager,auditor",,,0,0,,0,,,missing,,none,,0,,authenticated_user,candidate,,0,1,0,,read,1,recommended,unknown,1,administration_security,"Administração e segurança",47A,critical,low,not_detected,,laravel_route_collection|resolved_middleware|controller_reflection|controller_source,remove_fixed_role;define_semantic_permission;preserve_active_mfa_log;add_http_security_tests
backoffice.cases.rgpd.show,backoffice/cases/rgpd/{dataSubjectRequest},GET,"App\Http\Controllers\Backoffice\CaseWorkspaceController",rgpd,"web|auth|role:administrator,municipal_technician,jury,financial_manager,maintenance_manager,auditor",0,0,0,"role:administrator,municipal_technician,jury,financial_manager,maintenance_manager,auditor",,,0,0,,0,"App\Policies\DataSubjectRequestPolicy",view,inferred,,none,,,,dynamic_domain_context,candidate,,0,0,1,"App\Models\DataSubjectRequest",read,1,recommended,unknown,1,rgpd,RGPD,47A,critical,low,not_detected,,laravel_route_collection|resolved_middleware|controller_reflection|controller_source|policy_discovery,remove_fixed_role;define_semantic_permission;preserve_active_mfa_log;add_http_security_tests
backoffice.teams.create,backoffice/teams/create,GET,"App\Http\Controllers\Backoffice\Access\MunicipalTeamController",create,"web|auth|role:administrator,municipal_technician,jury,financial_manager,maintenance_manager,auditor|active.backoffice|mfa.backoffice|log.backoffice",1,1,1,"role:administrator,municipal_technician,jury,financial_manager,maintenance_manager,auditor",,,1,1,teams.create,0,,,missing,,none,,0,,authenticated_user_and_route_bound_record,missing,0,0,1,0,"App\Models\MunicipalTeam",read,1,recommended,unknown,1,users_teams,"Utilizadores e equipas",47A,critical,high,not_detected,,laravel_route_collection|resolved_middleware|controller_reflection|controller_source|permission_catalog,remove_fixed_role;apply_permission:teams.create;add_policy;enforce_municipal_scope;preserve_active_mfa_log;add_http_security_tests
backoffice.teams.edit,backoffice/teams/{municipalTeam}/edit,GET,"App\Http\Controllers\Backoffice\Access\MunicipalTeamController",edit,"web|auth|role:administrator,municipal_technician,jury,financial_manager,maintenance_manager,auditor|active.backoffice|mfa.backoffice|log.backoffice",1,1,1,"role:administrator,municipal_technician,jury,financial_manager,maintenance_manager,auditor",,,1,1,teams.update,0,,,missing,,none,,0,,authenticated_user_and_route_bound_record,missing,0,0,1,0,"App\Models\MunicipalTeam",read,1,recommended,unknown,1,users_teams,"Utilizadores e equipas",47A,critical,high,not_detected,,laravel_route_collection|resolved_middleware|controller_reflection|controller_source|permission_catalog,remove_fixed_role;apply_permission:teams.update;add_policy;enforce_municipal_scope;preserve_active_mfa_log;add_http_security_tests
backoffice.teams.index,backoffice/teams,GET,"App\Http\Controllers\Backoffice\Access\MunicipalTeamController",index,"web|auth|role:administrator,municipal_technician,jury,financial_manager,maintenance_manager,auditor|active.backoffice|mfa.backoffice|log.backoffice",1,1,1,"role:administrator,municipal_technician,jury,financial_manager,maintenance_manager,auditor",,,1,1,teams.view,0,,,missing,,none,,0,,authenticated_user_and_route_bound_record,missing,0,0,1,0,"App\Models\MunicipalTeam",read,1,recommended,unknown,1,users_teams,"Utilizadores e equipas",47A,critical,high,not_detected,,laravel_route_collection|resolved_middleware|controller_reflection|controller_source|permission_catalog,remove_fixed_role;apply_permission:teams.view;add_policy;enforce_municipal_scope;preserve_active_mfa_log;add_http_security_tests
backoffice.teams.members.remove,backoffice/teams/{municipalTeam}/members/remove,POST,"App\Http\Controllers\Backoffice\Access\MunicipalTeamController",removeMember,"web|auth|role:administrator,municipal_technician,jury,financial_manager,maintenance_manager,auditor|active.backoffice|mfa.backoffice|log.backoffice",1,1,1,"role:administrator,municipal_technician,jury,financial_manager,maintenance_manager,auditor",,,1,1,teams.manage_members,0,,,missing,"App\Http\Requests\Backoffice\Access\MunicipalTeamMemberRequest",custom,,0,,authenticated_user_and_route_bound_record,missing,0,0,1,0,"App\Models\MunicipalTeam",mutation,1,required,confirmed,1,users_teams,"Utilizadores e equipas",47A,critical,high,route_name_reference,tests/Feature/Backoffice/TeamManagementTest.php,laravel_route_collection|resolved_middleware|controller_reflection|controller_source|form_request_reflection|permission_catalog|existing_test_route_reference,remove_fixed_role;apply_permission:teams.manage_members;add_policy;enforce_municipal_scope;preserve_active_mfa_log;add_http_security_tests
backoffice.teams.members.store,backoffice/teams/{municipalTeam}/members,POST,"App\Http\Controllers\Backoffice\Access\MunicipalTeamController",addMember,"web|auth|role:administrator,municipal_technician,jury,financial_manager,maintenance_manager,auditor|active.backoffice|mfa.backoffice|log.backoffice",1,1,1,"role:administrator,municipal_technician,jury,financial_manager,maintenance_manager,auditor",,,1,1,teams.manage_members,0,,,missing,"App\Http\Requests\Backoffice\Access\MunicipalTeamMemberRequest",custom,,0,,authenticated_user_and_route_bound_record,missing,0,0,1,0,"App\Models\MunicipalTeam",mutation,1,required,confirmed,1,users_teams,"Utilizadores e equipas",47A,critical,high,route_name_reference,tests/Feature/Backoffice/TeamManagementTest.php,laravel_route_collection|resolved_middleware|controller_reflection|controller_source|form_request_reflection|permission_catalog|existing_test_route_reference,remove_fixed_role;apply_permission:teams.manage_members;add_policy;enforce_municipal_scope;preserve_active_mfa_log;add_http_security_tests
backoffice.teams.show,backoffice/teams/{municipalTeam},GET,"App\Http\Controllers\Backoffice\Access\MunicipalTeamController",show,"web|auth|role:administrator,municipal_technician,jury,financial_manager,maintenance_manager,auditor|active.backoffice|mfa.backoffice|log.backoffice",1,1,1,"role:administrator,municipal_technician,jury,financial_manager,maintenance_manager,auditor",,,1,1,teams.view,0,,,missing,,none,,0,,authenticated_user_and_route_bound_record,missing,0,0,1,0,"App\Models\MunicipalTeam",read,1,recommended,unknown,1,users_teams,"Utilizadores e equipas",47A,critical,high,route_name_reference,tests/Feature/Backoffice/TeamManagementTest.php,laravel_route_collection|resolved_middleware|controller_reflection|controller_source|permission_catalog|existing_test_route_reference,remove_fixed_role;apply_permission:teams.view;add_policy;enforce_municipal_scope;preserve_active_mfa_log;add_http_security_tests
backoffice.teams.store,backoffice/teams,POST,"App\Http\Controllers\Backoffice\Access\MunicipalTeamController",store,"web|auth|role:administrator,municipal_technician,jury,financial_manager,maintenance_manager,auditor|active.backoffice|mfa.backoffice|log.backoffice",1,1,1,"role:administrator,municipal_technician,jury,financial_manager,maintenance_manager,auditor",,,1,1,teams.create,0,,,missing,"App\Http\Requests\Backoffice\Access\StoreMunicipalTeamRequest",custom,,0,,authenticated_user_and_route_bound_record,missing,0,0,1,0,"App\Models\MunicipalTeam",mutation,1,required,confirmed,1,users_teams,"Utilizadores e equipas",47A,critical,high,route_name_reference,tests/Feature/Backoffice/TeamManagementTest.php,laravel_route_collection|resolved_middleware|controller_reflection|controller_source|form_request_reflection|permission_catalog|existing_test_route_reference,remove_fixed_role;apply_permission:teams.create;add_policy;enforce_municipal_scope;preserve_active_mfa_log;add_http_security_tests
backoffice.teams.update,backoffice/teams/{municipalTeam},PUT|PATCH,"App\Http\Controllers\Backoffice\Access\MunicipalTeamController",update,"web|auth|role:administrator,municipal_technician,jury,financial_manager,maintenance_manager,auditor|active.backoffice|mfa.backoffice|log.backoffice",1,1,1,"role:administrator,municipal_technician,jury,financial_manager,maintenance_manager,auditor",,,1,1,teams.update,0,,,missing,"App\Http\Requests\Backoffice\Access\UpdateMunicipalTeamRequest",custom,,0,,authenticated_user_and_route_bound_record,missing,0,0,1,0,"App\Models\MunicipalTeam",mutation,1,required,confirmed,1,users_teams,"Utilizadores e equipas",47A,critical,high,route_name_reference,tests/Feature/Backoffice/TeamManagementTest.php,laravel_route_collection|resolved_middleware|controller_reflection|controller_source|form_request_reflection|permission_catalog|existing_test_route_reference,remove_fixed_role;apply_permission:teams.update;add_policy;enforce_municipal_scope;preserve_active_mfa_log;add_http_security_tests
backoffice.users.create,backoffice/users/create,GET,"App\Http\Controllers\Backoffice\Access\UserAdministrationController",create,"web|auth|role:administrator,municipal_technician,jury,financial_manager,maintenance_manager,auditor|active.backoffice|mfa.backoffice|log.backoffice",1,1,1,"role:administrator,municipal_technician,jury,financial_manager,maintenance_manager,auditor",,,1,1,users.create,0,,,missing,,none,,0,,authenticated_user,candidate,,0,1,0,,read,1,recommended,unknown,1,users_teams,"Utilizadores e equipas",47A,critical,medium,not_detected,,laravel_route_collection|resolved_middleware|controller_reflection|controller_source|permission_catalog,remove_fixed_role;apply_permission:users.create;preserve_active_mfa_log;add_http_security_tests
backoffice.users.deactivate,backoffice/users/{user}/deactivate,POST,"App\Http\Controllers\Backoffice\Access\UserAdministrationController",deactivate,"web|auth|role:administrator,municipal_technician,jury,financial_manager,maintenance_manager,auditor|active.backoffice|mfa.backoffice|log.backoffice",1,1,1,"role:administrator,municipal_technician,jury,financial_manager,maintenance_manager,auditor",,,0,0,,0,"App\Policies\UserPolicy",view,inferred,"App\Http\Requests\Backoffice\Access\AccessJustificationRequest",custom,,0,,authenticated_user_and_route_bound_record,missing,0,0,1,0,"App\Models\User",mutation,1,required,confirmed,1,users_teams,"Utilizadores e equipas",47A,critical,low,route_name_reference,tests/Feature/Backoffice/UserAdministrationTest.php,laravel_route_collection|resolved_middleware|controller_reflection|controller_source|form_request_reflection|policy_discovery|existing_test_route_reference,remove_fixed_role;define_semantic_permission;enforce_municipal_scope;preserve_active_mfa_log;add_http_security_tests
backoffice.users.edit,backoffice/users/{user}/edit,GET,"App\Http\Controllers\Backoffice\Access\UserAdministrationController",edit,"web|auth|role:administrator,municipal_technician,jury,financial_manager,maintenance_manager,auditor|active.backoffice|mfa.backoffice|log.backoffice",1,1,1,"role:administrator,municipal_technician,jury,financial_manager,maintenance_manager,auditor",,,1,1,users.update,0,"App\Policies\UserPolicy",update,inferred,,none,,0,,authenticated_user_and_route_bound_record,missing,0,0,1,0,"App\Models\User",read,1,recommended,unknown,1,users_teams,"Utilizadores e equipas",47A,critical,high,not_detected,,laravel_route_collection|resolved_middleware|controller_reflection|controller_source|policy_discovery|permission_catalog,remove_fixed_role;apply_permission:users.update;enforce_municipal_scope;preserve_active_mfa_log;add_http_security_tests
backoffice.users.force-mfa,backoffice/users/{user}/force-mfa,POST,"App\Http\Controllers\Backoffice\Access\UserAdministrationController",forceMfa,"web|auth|role:administrator,municipal_technician,jury,financial_manager,maintenance_manager,auditor|active.backoffice|mfa.backoffice|log.backoffice",1,1,1,"role:administrator,municipal_technician,jury,financial_manager,maintenance_manager,auditor",,,1,1,users.view,0,"App\Policies\UserPolicy",view,inferred,"App\Http\Requests\Backoffice\Access\AccessJustificationRequest",custom,,0,,authenticated_user_and_route_bound_record,missing,0,0,1,0,"App\Models\User",mutation,1,required,confirmed,1,users_teams,"Utilizadores e equipas",47A,critical,high,route_name_reference,tests/Feature/Security/MfaEnforcementBackofficeTest.php,laravel_route_collection|resolved_middleware|controller_reflection|controller_source|form_request_reflection|policy_discovery|permission_catalog|existing_test_route_reference,remove_fixed_role;apply_permission:users.view;enforce_municipal_scope;preserve_active_mfa_log;add_http_security_tests
backoffice.users.index,backoffice/users,GET,"App\Http\Controllers\Backoffice\Access\UserAdministrationController",index,"web|auth|role:administrator,municipal_technician,jury,financial_manager,maintenance_manager,auditor|active.backoffice|mfa.backoffice|log.backoffice",1,1,1,"role:administrator,municipal_technician,jury,financial_manager,maintenance_manager,auditor",,,1,1,users.view,0,,,missing,,none,,0,,authenticated_user,candidate,,0,1,0,,read,1,recommended,unknown,1,users_teams,"Utilizadores e equipas",47A,critical,medium,route_name_reference,tests/Feature/Backoffice/UserAdministrationTest.php,laravel_route_collection|resolved_middleware|controller_reflection|controller_source|permission_catalog|existing_test_route_reference,remove_fixed_role;apply_permission:users.view;preserve_active_mfa_log;add_http_security_tests
backoffice.users.reactivate,backoffice/users/{user}/reactivate,POST,"App\Http\Controllers\Backoffice\Access\UserAdministrationController",reactivate,"web|auth|role:administrator,municipal_technician,jury,financial_manager,maintenance_manager,auditor|active.backoffice|mfa.backoffice|log.backoffice",1,1,1,"role:administrator,municipal_technician,jury,financial_manager,maintenance_manager,auditor",,,0,0,,0,"App\Policies\UserPolicy",view,inferred,"App\Http\Requests\Backoffice\Access\AccessJustificationRequest",custom,,0,,authenticated_user_and_route_bound_record,missing,0,0,1,0,"App\Models\User",mutation,1,required,confirmed,1,users_teams,"Utilizadores e equipas",47A,critical,low,not_detected,,laravel_route_collection|resolved_middleware|controller_reflection|controller_source|form_request_reflection|policy_discovery,remove_fixed_role;define_semantic_permission;enforce_municipal_scope;preserve_active_mfa_log;add_http_security_tests
backoffice.users.reset-password,backoffice/users/{user}/reset-password,POST,"App\Http\Controllers\Backoffice\Access\UserAdministrationController",resetPassword,"web|auth|role:administrator,municipal_technician,jury,financial_manager,maintenance_manager,auditor|active.backoffice|mfa.backoffice|log.backoffice",1,1,1,"role:administrator,municipal_technician,jury,financial_manager,maintenance_manager,auditor",,,1,1,users.view,0,"App\Policies\UserPolicy",view,inferred,"App\Http\Requests\Backoffice\Access\AccessJustificationRequest",custom,,0,,authenticated_user_and_route_bound_record,missing,0,0,1,0,"App\Models\User",mutation,1,required,confirmed,1,users_teams,"Utilizadores e equipas",47A,critical,high,route_name_reference,tests/Feature/Backoffice/UserAdministrationTest.php,laravel_route_collection|resolved_middleware|controller_reflection|controller_source|form_request_reflection|policy_discovery|permission_catalog|existing_test_route_reference,remove_fixed_role;apply_permission:users.view;enforce_municipal_scope;preserve_active_mfa_log;add_http_security_tests
backoffice.users.show,backoffice/users/{user},GET,"App\Http\Controllers\Backoffice\Access\UserAdministrationController",show,"web|auth|role:administrator,municipal_technician,jury,financial_manager,maintenance_manager,auditor|active.backoffice|mfa.backoffice|log.backoffice",1,1,1,"role:administrator,municipal_technician,jury,financial_manager,maintenance_manager,auditor",,,1,1,users.view,0,"App\Policies\UserPolicy",view,inferred,,none,,0,,authenticated_user_and_route_bound_record,missing,0,0,1,0,"App\Models\User",read,1,recommended,unknown,1,users_teams,"Utilizadores e equipas",47A,critical,high,route_name_reference,tests/Feature/QA30UserRoleCompetencyManagementTest.php,laravel_route_collection|resolved_middleware|controller_reflection|controller_source|policy_discovery|permission_catalog|existing_test_route_reference,remove_fixed_role;apply_permission:users.view;enforce_municipal_scope;preserve_active_mfa_log;add_http_security_tests
backoffice.users.store,backoffice/users,POST,"App\Http\Controllers\Backoffice\Access\UserAdministrationController",store,"web|auth|role:administrator,municipal_technician,jury,financial_manager,maintenance_manager,auditor|active.backoffice|mfa.backoffice|log.backoffice",1,1,1,"role:administrator,municipal_technician,jury,financial_manager,maintenance_manager,auditor",,,1,1,users.create,0,,,missing,"App\Http\Requests\Backoffice\Access\StoreBackofficeUserRequest",custom,,0,,authenticated_user,candidate,,0,1,0,,mutation,1,required,confirmed,1,users_teams,"Utilizadores e equipas",47A,critical,medium,route_name_reference,tests/Feature/Backoffice/UserAdministrationTest.php|tests/Feature/QA30UserRoleCompetencyManagementTest.php,laravel_route_collection|resolved_middleware|controller_reflection|controller_source|form_request_reflection|permission_catalog|existing_test_route_reference,remove_fixed_role;apply_permission:users.create;preserve_active_mfa_log;add_http_security_tests
backoffice.users.update,backoffice/users/{user},PUT|PATCH,"App\Http\Controllers\Backoffice\Access\UserAdministrationController",update,"web|auth|role:administrator,municipal_technician,jury,financial_manager,maintenance_manager,auditor|active.backoffice|mfa.backoffice|log.backoffice",1,1,1,"role:administrator,municipal_technician,jury,financial_manager,maintenance_manager,auditor",,,1,1,users.update,0,"App\Policies\UserPolicy",update,inferred,"App\Http\Requests\Backoffice\Access\UpdateBackofficeUserRequest",custom,,0,,authenticated_user_and_route_bound_record,missing,0,0,1,0,"App\Models\User",mutation,1,required,confirmed,1,users_teams,"Utilizadores e equipas",47A,critical,high,not_detected,,laravel_route_collection|resolved_middleware|controller_reflection|controller_source|form_request_reflection|policy_discovery|permission_catalog,remove_fixed_role;apply_permission:users.update;enforce_municipal_scope;preserve_active_mfa_log;add_http_security_tests
backoffice.administrative-notes.destroy,backoffice/administrative-notes/{administrativeProcessNote},DELETE,"App\Http\Controllers\Backoffice\AdministrativeProcessNoteController",destroy,"web|auth|role:administrator,municipal_technician,jury,financial_manager,maintenance_manager,auditor",0,0,0,"role:administrator,municipal_technician,jury,financial_manager,maintenance_manager,auditor",,,1,1,administrative_processes.delete,0,"App\Policies\AdministrativeProcessNotePolicy",delete,confirmed,,none,,1,applications.review,authenticated_user_and_route_bound_record,missing,0,0,1,0,"App\Models\AdministrativeProcessNote",mutation,1,required,confirmed,1,administrative_processes,"Processos administrativos",47B,high,high,not_detected,,laravel_route_collection|resolved_middleware|controller_reflection|controller_source|policy_discovery|permission_catalog,remove_fixed_role;apply_permission:administrative_processes.delete;enforce_municipal_scope;preserve_active_mfa_log;add_http_security_tests
backoffice.administrative-notes.store,backoffice/administrative-processes/{administrativeProcess}/notes,POST,"App\Http\Controllers\Backoffice\AdministrativeProcessNoteController",store,"web|auth|role:administrator,municipal_technician,jury,financial_manager,maintenance_manager,auditor",0,0,0,"role:administrator,municipal_technician,jury,financial_manager,maintenance_manager,auditor",,,1,1,administrative_processes.create,0,"App\Policies\AdministrativeProcessPolicy",create,confirmed,"App\Http\Requests\StoreAdministrativeProcessNoteRequest",always_true,,1,applications.review,authenticated_user_and_route_bound_record,confirmed,1,0,1,0,"App\Models\AdministrativeProcess",mutation,1,required,confirmed,1,administrative_processes,"Processos administrativos",47B,high,high,not_detected,,laravel_route_collection|resolved_middleware|controller_reflection|controller_source|form_request_reflection|policy_discovery|permission_catalog,remove_fixed_role;apply_permission:administrative_processes.create;preserve_active_mfa_log;add_http_security_tests
backoffice.administrative-notes.update,backoffice/administrative-notes/{administrativeProcessNote},PUT|PATCH,"App\Http\Controllers\Backoffice\AdministrativeProcessNoteController",update,"web|auth|role:administrator,municipal_technician,jury,financial_manager,maintenance_manager,auditor",0,0,0,"role:administrator,municipal_technician,jury,financial_manager,maintenance_manager,auditor",,,1,1,administrative_processes.update,0,"App\Policies\AdministrativeProcessNotePolicy",update,confirmed,"App\Http\Requests\StoreAdministrativeProcessNoteRequest",always_true,,1,applications.review,authenticated_user_and_route_bound_record,missing,0,0,1,0,"App\Models\AdministrativeProcessNote",mutation,1,required,confirmed,1,administrative_processes,"Processos administrativos",47B,high,high,not_detected,,laravel_route_collection|resolved_middleware|controller_reflection|controller_source|form_request_reflection|policy_discovery|permission_catalog,remove_fixed_role;apply_permission:administrative_processes.update;enforce_municipal_scope;preserve_active_mfa_log;add_http_security_tests
backoffice.administrative-tasks.cancel,backoffice/administrative-tasks/{administrativeTask}/cancel,POST,"App\Http\Controllers\Backoffice\AdministrativeTaskController",cancel,"web|auth|role:administrator,municipal_technician,jury,financial_manager,maintenance_manager,auditor",0,0,0,"role:administrator,municipal_technician,jury,financial_manager,maintenance_manager,auditor",,,0,0,,0,"App\Policies\AdministrativeTaskPolicy",update,confirmed,,none,,1,applications.review,authenticated_user_and_route_bound_record,missing,0,0,1,0,"App\Models\AdministrativeTask",mutation,1,required,confirmed,1,administrative_processes,"Processos administrativos",47B,high,low,not_detected,,laravel_route_collection|resolved_middleware|controller_reflection|controller_source|policy_discovery,remove_fixed_role;define_semantic_permission;enforce_municipal_scope;preserve_active_mfa_log;add_http_security_tests
backoffice.administrative-tasks.complete,backoffice/administrative-tasks/{administrativeTask}/complete,POST,"App\Http\Controllers\Backoffice\AdministrativeTaskController",complete,"web|auth|role:administrator,municipal_technician,jury,financial_manager,maintenance_manager,auditor",0,0,0,"role:administrator,municipal_technician,jury,financial_manager,maintenance_manager,auditor",,,0,0,,0,"App\Policies\AdministrativeTaskPolicy",update,confirmed,,none,,1,applications.review,authenticated_user_and_route_bound_record,missing,0,0,1,0,"App\Models\AdministrativeTask",mutation,1,required,confirmed,1,administrative_processes,"Processos administrativos",47B,high,low,not_detected,,laravel_route_collection|resolved_middleware|controller_reflection|controller_source|policy_discovery,remove_fixed_role;define_semantic_permission;enforce_municipal_scope;preserve_active_mfa_log;add_http_security_tests
backoffice.administrative-tasks.index,backoffice/administrative-tasks,GET,"App\Http\Controllers\Backoffice\AdministrativeTaskController",index,"web|auth|role:administrator,municipal_technician,jury,financial_manager,maintenance_manager,auditor",0,0,0,"role:administrator,municipal_technician,jury,financial_manager,maintenance_manager,auditor",,,1,1,administrative_processes.view,0,"App\Policies\AdministrativeTaskPolicy",viewAny,confirmed,,none,,1,applications.review,authenticated_user_and_route_bound_record,missing,0,0,1,0,"App\Models\AdministrativeTask",read,0,recommended,confirmed,1,administrative_processes,"Processos administrativos",47B,high,high,not_detected,,laravel_route_collection|resolved_middleware|controller_reflection|controller_source|policy_discovery|permission_catalog,remove_fixed_role;apply_permission:administrative_processes.view;enforce_municipal_scope;preserve_active_mfa_log;add_http_security_tests
backoffice.administrative-tasks.store,backoffice/administrative-processes/{administrativeProcess}/tasks,POST,"App\Http\Controllers\Backoffice\AdministrativeTaskController",store,"web|auth|role:administrator,municipal_technician,jury,financial_manager,maintenance_manager,auditor",0,0,0,"role:administrator,municipal_technician,jury,financial_manager,maintenance_manager,auditor",,,1,1,administrative_processes.create,0,"App\Policies\AdministrativeProcessPolicy",create,confirmed,"App\Http\Requests\StoreAdministrativeTaskRequest",always_true,,1,applications.review,authenticated_user_and_route_bound_record,confirmed,1,0,1,0,"App\Models\AdministrativeProcess",mutation,1,required,confirmed,1,administrative_processes,"Processos administrativos",47B,high,high,not_detected,,laravel_route_collection|resolved_middleware|controller_reflection|controller_source|form_request_reflection|policy_discovery|permission_catalog,remove_fixed_role;apply_permission:administrative_processes.create;preserve_active_mfa_log;add_http_security_tests
backoffice.administrative-tasks.update,backoffice/administrative-tasks/{administrativeTask},PUT|PATCH,"App\Http\Controllers\Backoffice\AdministrativeTaskController",update,"web|auth|role:administrator,municipal_technician,jury,financial_manager,maintenance_manager,auditor",0,0,0,"role:administrator,municipal_technician,jury,financial_manager,maintenance_manager,auditor",,,1,1,administrative_processes.update,0,"App\Policies\AdministrativeTaskPolicy",update,confirmed,"App\Http\Requests\UpdateAdministrativeTaskRequest",always_true,,1,applications.review,authenticated_user_and_route_bound_record,missing,0,0,1,0,"App\Models\AdministrativeTask",mutation,1,required,confirmed,1,administrative_processes,"Processos administrativos",47B,high,high,not_detected,,laravel_route_collection|resolved_middleware|controller_reflection|controller_source|form_request_reflection|policy_discovery|permission_catalog,remove_fixed_role;apply_permission:administrative_processes.update;enforce_municipal_scope;preserve_active_mfa_log;add_http_security_tests
backoffice.application-inconsistencies.index,backoffice/application-inconsistencies,GET,"App\Http\Controllers\Backoffice\ApplicationSimulationInconsistencyController",index,"web|auth|role:administrator,municipal_technician,jury,financial_manager,maintenance_manager,auditor",0,0,0,"role:administrator,municipal_technician,jury,financial_manager,maintenance_manager,auditor",,,1,1,administrative_processes.view,0,"App\Policies\ApplicationSimulationInconsistencyPolicy",viewAny,confirmed,,none,,1,applications.review,authenticated_user_and_route_bound_record,missing,0,0,1,0,"App\Models\ApplicationSimulationInconsistency",read,0,recommended,confirmed,1,administrative_processes,"Processos administrativos",47B,high,high,not_detected,,laravel_route_collection|resolved_middleware|controller_reflection|controller_source|policy_discovery|permission_catalog,remove_fixed_role;apply_permission:administrative_processes.view;enforce_municipal_scope;preserve_active_mfa_log;add_http_security_tests
backoffice.application-inconsistencies.resolve,backoffice/application-inconsistencies/{inconsistency}/resolve,POST,"App\Http\Controllers\Backoffice\ApplicationSimulationInconsistencyController",resolve,"web|auth|role:administrator,municipal_technician,jury,financial_manager,maintenance_manager,auditor",0,0,0,"role:administrator,municipal_technician,jury,financial_manager,maintenance_manager,auditor",,,1,1,administrative_processes.view,0,"App\Policies\ApplicationSimulationInconsistencyPolicy",resolve,confirmed,"App\Http\Requests\ResolveApplicationSimulationInconsistencyRequest",gate_or_policy,,1,applications.review,authenticated_user_and_route_bound_record,missing,0,0,1,0,"App\Models\ApplicationSimulationInconsistency",mutation,1,required,confirmed,1,administrative_processes,"Processos administrativos",47B,high,high,route_name_reference,tests/Feature/Sprint22CandidateSupportTest.php,laravel_route_collection|resolved_middleware|controller_reflection|controller_source|form_request_reflection|policy_discovery|permission_catalog|existing_test_route_reference,remove_fixed_role;apply_permission:administrative_processes.view;enforce_municipal_scope;preserve_active_mfa_log;add_http_security_tests
backoffice.correction-requests.cancel,backoffice/correction-requests/{correctionRequest}/cancel,POST,"App\Http\Controllers\Backoffice\CorrectionRequestController",cancel,"web|auth|role:administrator,municipal_technician,jury,financial_manager,maintenance_manager,auditor",0,0,0,"role:administrator,municipal_technician,jury,financial_manager,maintenance_manager,auditor",,,0,0,,0,"App\Policies\CorrectionRequestPolicy",update,confirmed,,none,,1,applications.review,authenticated_user_and_route_bound_record,missing,0,0,1,0,"App\Models\CorrectionRequest",mutation,1,required,confirmed,1,administrative_processes,"Processos administrativos",47B,high,low,not_detected,,laravel_route_collection|resolved_middleware|controller_reflection|controller_source|policy_discovery,remove_fixed_role;define_semantic_permission;enforce_municipal_scope;preserve_active_mfa_log;add_http_security_tests
backoffice.correction-requests.close,backoffice/correction-requests/{correctionRequest}/close,POST,"App\Http\Controllers\Backoffice\CorrectionRequestController",close,"web|auth|role:administrator,municipal_technician,jury,financial_manager,maintenance_manager,auditor",0,0,0,"role:administrator,municipal_technician,jury,financial_manager,maintenance_manager,auditor",,,1,1,administrative_processes.update,0,"App\Policies\CorrectionRequestPolicy",update,confirmed,,none,,1,applications.review,authenticated_user_and_route_bound_record,missing,0,0,1,0,"App\Models\CorrectionRequest",mutation,1,required,confirmed,1,administrative_processes,"Processos administrativos",47B,high,high,not_detected,,laravel_route_collection|resolved_middleware|controller_reflection|controller_source|policy_discovery|permission_catalog,remove_fixed_role;apply_permission:administrative_processes.update;enforce_municipal_scope;preserve_active_mfa_log;add_http_security_tests
backoffice.correction-requests.create,backoffice/administrative-processes/{administrativeProcess}/correction-requests/create,GET,"App\Http\Controllers\Backoffice\CorrectionRequestController",create,"web|auth|role:administrator,municipal_technician,jury,financial_manager,maintenance_manager,auditor",0,0,0,"role:administrator,municipal_technician,jury,financial_manager,maintenance_manager,auditor",,,1,1,administrative_processes.create,0,"App\Policies\AdministrativeProcessPolicy",create,confirmed,,none,,1,applications.review,authenticated_user_and_route_bound_record,confirmed,1,0,1,0,"App\Models\AdministrativeProcess",read,0,recommended,confirmed,1,administrative_processes,"Processos administrativos",47B,high,high,not_detected,,laravel_route_collection|resolved_middleware|controller_reflection|controller_source|policy_discovery|permission_catalog,remove_fixed_role;apply_permission:administrative_processes.create;preserve_active_mfa_log;add_http_security_tests
backoffice.correction-requests.edit,backoffice/correction-requests/{correctionRequest}/edit,GET,"App\Http\Controllers\Backoffice\CorrectionRequestController",edit,"web|auth|role:administrator,municipal_technician,jury,financial_manager,maintenance_manager,auditor",0,0,0,"role:administrator,municipal_technician,jury,financial_manager,maintenance_manager,auditor",,,1,1,administrative_processes.update,0,"App\Policies\CorrectionRequestPolicy",update,confirmed,,none,,1,applications.review,authenticated_user_and_route_bound_record,missing,0,0,1,0,"App\Models\CorrectionRequest",read,0,recommended,confirmed,1,administrative_processes,"Processos administrativos",47B,high,high,not_detected,,laravel_route_collection|resolved_middleware|controller_reflection|controller_source|policy_discovery|permission_catalog,remove_fixed_role;apply_permission:administrative_processes.update;enforce_municipal_scope;preserve_active_mfa_log;add_http_security_tests
backoffice.correction-requests.index,backoffice/administrative-processes/{administrativeProcess}/correction-requests,GET,"App\Http\Controllers\Backoffice\CorrectionRequestController",index,"web|auth|role:administrator,municipal_technician,jury,financial_manager,maintenance_manager,auditor",0,0,0,"role:administrator,municipal_technician,jury,financial_manager,maintenance_manager,auditor",,,1,1,administrative_processes.view,0,"App\Policies\AdministrativeProcessPolicy",view,confirmed,,none,,1,applications.review,authenticated_user_and_route_bound_record,confirmed,1,0,1,0,"App\Models\AdministrativeProcess",read,0,recommended,confirmed,1,administrative_processes,"Processos administrativos",47B,high,high,not_detected,,laravel_route_collection|resolved_middleware|controller_reflection|controller_source|policy_discovery|permission_catalog,remove_fixed_role;apply_permission:administrative_processes.view;preserve_active_mfa_log;add_http_security_tests
backoffice.correction-requests.issue,backoffice/correction-requests/{correctionRequest}/issue,POST,"App\Http\Controllers\Backoffice\CorrectionRequestController",issue,"web|auth|role:administrator,municipal_technician,jury,financial_manager,maintenance_manager,auditor",0,0,0,"role:administrator,municipal_technician,jury,financial_manager,maintenance_manager,auditor",,,1,1,administrative_processes.view,0,"App\Policies\CorrectionRequestPolicy",update,confirmed,"App\Http\Requests\IssueCorrectionRequestRequest",always_true,,1,applications.review,authenticated_user_and_route_bound_record,missing,0,0,1,0,"App\Models\CorrectionRequest",mutation,1,required,confirmed,1,administrative_processes,"Processos administrativos",47B,high,high,not_detected,,laravel_route_collection|resolved_middleware|controller_reflection|controller_source|form_request_reflection|policy_discovery|permission_catalog,remove_fixed_role;apply_permission:administrative_processes.view;enforce_municipal_scope;preserve_active_mfa_log;add_http_security_tests
backoffice.correction-requests.mark-overdue,backoffice/correction-requests/{correctionRequest}/mark-overdue,POST,"App\Http\Controllers\Backoffice\CorrectionRequestController",markOverdue,"web|auth|role:administrator,municipal_technician,jury,financial_manager,maintenance_manager,auditor",0,0,0,"role:administrator,municipal_technician,jury,financial_manager,maintenance_manager,auditor",,,1,1,administrative_processes.view,0,"App\Policies\CorrectionRequestPolicy",update,confirmed,,none,,1,applications.review,authenticated_user_and_route_bound_record,missing,0,0,1,0,"App\Models\CorrectionRequest",mutation,1,required,confirmed,1,administrative_processes,"Processos administrativos",47B,high,high,not_detected,,laravel_route_collection|resolved_middleware|controller_reflection|controller_source|policy_discovery|permission_catalog,remove_fixed_role;apply_permission:administrative_processes.view;enforce_municipal_scope;preserve_active_mfa_log;add_http_security_tests
backoffice.correction-requests.show,backoffice/correction-requests/{correctionRequest},GET,"App\Http\Controllers\Backoffice\CorrectionRequestController",show,"web|auth|role:administrator,municipal_technician,jury,financial_manager,maintenance_manager,auditor",0,0,0,"role:administrator,municipal_technician,jury,financial_manager,maintenance_manager,auditor",,,1,1,administrative_processes.view,0,"App\Policies\CorrectionRequestPolicy",view,confirmed,,none,,1,applications.review,authenticated_user_and_route_bound_record,missing,0,0,1,0,"App\Models\CorrectionRequest",read,0,recommended,confirmed,1,administrative_processes,"Processos administrativos",47B,high,high,not_detected,,laravel_route_collection|resolved_middleware|controller_reflection|controller_source|policy_discovery|permission_catalog,remove_fixed_role;apply_permission:administrative_processes.view;enforce_municipal_scope;preserve_active_mfa_log;add_http_security_tests
backoffice.correction-requests.store,backoffice/administrative-processes/{administrativeProcess}/correction-requests,POST,"App\Http\Controllers\Backoffice\CorrectionRequestController",store,"web|auth|role:administrator,municipal_technician,jury,financial_manager,maintenance_manager,auditor",0,0,0,"role:administrator,municipal_technician,jury,financial_manager,maintenance_manager,auditor",,,1,1,administrative_processes.create,0,"App\Policies\AdministrativeProcessPolicy",create,confirmed,"App\Http\Requests\StoreCorrectionRequestRequest",always_true,,1,applications.review,authenticated_user_and_route_bound_record,confirmed,1,0,1,0,"App\Models\AdministrativeProcess",mutation,1,required,confirmed,1,administrative_processes,"Processos administrativos",47B,high,high,not_detected,,laravel_route_collection|resolved_middleware|controller_reflection|controller_source|form_request_reflection|policy_discovery|permission_catalog,remove_fixed_role;apply_permission:administrative_processes.create;preserve_active_mfa_log;add_http_security_tests
backoffice.correction-requests.update,backoffice/correction-requests/{correctionRequest},PUT|PATCH,"App\Http\Controllers\Backoffice\CorrectionRequestController",update,"web|auth|role:administrator,municipal_technician,jury,financial_manager,maintenance_manager,auditor",0,0,0,"role:administrator,municipal_technician,jury,financial_manager,maintenance_manager,auditor",,,1,1,administrative_processes.update,0,"App\Policies\CorrectionRequestPolicy",update,confirmed,"App\Http\Requests\UpdateCorrectionRequestRequest",always_true,,1,applications.review,authenticated_user_and_route_bound_record,missing,0,0,1,0,"App\Models\CorrectionRequest",mutation,1,required,confirmed,1,administrative_processes,"Processos administrativos",47B,high,high,not_detected,,laravel_route_collection|resolved_middleware|controller_reflection|controller_source|form_request_reflection|policy_discovery|permission_catalog,remove_fixed_role;apply_permission:administrative_processes.update;enforce_municipal_scope;preserve_active_mfa_log;add_http_security_tests
backoffice.correction-responses.accept,backoffice/correction-responses/{correctionResponse}/accept,POST,"App\Http\Controllers\Backoffice\CorrectionResponseReviewController",accept,"web|auth|role:administrator,municipal_technician,jury,financial_manager,maintenance_manager,auditor",0,0,0,"role:administrator,municipal_technician,jury,financial_manager,maintenance_manager,auditor",,,1,1,administrative_processes.view,0,"App\Policies\CorrectionResponsePolicy",review,confirmed,"App\Http\Requests\ReviewCorrectionResponseRequest",always_true,,1,applications.review,authenticated_user_and_route_bound_record,missing,0,0,1,0,"App\Models\CorrectionResponse",mutation,1,required,confirmed,1,administrative_processes,"Processos administrativos",47B,high,high,route_name_reference,tests/Feature/Sprint9AdministrativeWorkflowTest.php,laravel_route_collection|resolved_middleware|controller_reflection|controller_source|form_request_reflection|policy_discovery|permission_catalog|existing_test_route_reference,remove_fixed_role;apply_permission:administrative_processes.view;enforce_municipal_scope;preserve_active_mfa_log;add_http_security_tests
backoffice.correction-responses.reject,backoffice/correction-responses/{correctionResponse}/reject,POST,"App\Http\Controllers\Backoffice\CorrectionResponseReviewController",reject,"web|auth|role:administrator,municipal_technician,jury,financial_manager,maintenance_manager,auditor",0,0,0,"role:administrator,municipal_technician,jury,financial_manager,maintenance_manager,auditor",,,1,1,administrative_processes.reject,0,"App\Policies\CorrectionResponsePolicy",review,confirmed,"App\Http\Requests\ReviewCorrectionResponseRequest",always_true,,1,applications.review,authenticated_user_and_route_bound_record,missing,0,0,1,0,"App\Models\CorrectionResponse",mutation,1,required,confirmed,1,administrative_processes,"Processos administrativos",47B,high,high,not_detected,,laravel_route_collection|resolved_middleware|controller_reflection|controller_source|form_request_reflection|policy_discovery|permission_catalog,remove_fixed_role;apply_permission:administrative_processes.reject;enforce_municipal_scope;preserve_active_mfa_log;add_http_security_tests
backoffice.correction-responses.request-more-information,backoffice/correction-responses/{correctionResponse}/request-more-information,POST,"App\Http\Controllers\Backoffice\CorrectionResponseReviewController",requestMoreInformation,"web|auth|role:administrator,municipal_technician,jury,financial_manager,maintenance_manager,auditor",0,0,0,"role:administrator,municipal_technician,jury,financial_manager,maintenance_manager,auditor",,,1,1,administrative_processes.view,0,"App\Policies\CorrectionResponsePolicy",review,confirmed,"App\Http\Requests\ReviewCorrectionResponseRequest",always_true,,1,applications.review,authenticated_user_and_route_bound_record,missing,0,0,1,0,"App\Models\CorrectionResponse",mutation,1,required,confirmed,1,administrative_processes,"Processos administrativos",47B,high,high,not_detected,,laravel_route_collection|resolved_middleware|controller_reflection|controller_source|form_request_reflection|policy_discovery|permission_catalog,remove_fixed_role;apply_permission:administrative_processes.view;enforce_municipal_scope;preserve_active_mfa_log;add_http_security_tests
backoffice.correction-responses.show,backoffice/correction-responses/{correctionResponse},GET,"App\Http\Controllers\Backoffice\CorrectionResponseReviewController",show,"web|auth|role:administrator,municipal_technician,jury,financial_manager,maintenance_manager,auditor",0,0,0,"role:administrator,municipal_technician,jury,financial_manager,maintenance_manager,auditor",,,1,1,administrative_processes.view,0,"App\Policies\CorrectionResponsePolicy",view,confirmed,,none,,1,applications.review,authenticated_user_and_route_bound_record,missing,0,0,1,0,"App\Models\CorrectionResponse",read,0,recommended,confirmed,1,administrative_processes,"Processos administrativos",47B,high,high,not_detected,,laravel_route_collection|resolved_middleware|controller_reflection|controller_source|policy_discovery|permission_catalog,remove_fixed_role;apply_permission:administrative_processes.view;enforce_municipal_scope;preserve_active_mfa_log;add_http_security_tests
applications.create,applications/create,GET,"App\Http\Controllers\HousingApplicationController",create,"web|auth|role:administrator,municipal_technician,jury,financial_manager,maintenance_manager,auditor",0,0,0,"role:administrator,municipal_technician,jury,financial_manager,maintenance_manager,auditor",,,1,1,applications.create,0,"App\Policies\HousingApplicationPolicy",create,inferred,,none,,1,applications.intake,authenticated_user_and_route_bound_record,missing,0,0,1,0,"App\Models\HousingApplication",read,0,recommended,unknown,1,applications,Candidaturas,47B,high,high,not_detected,,laravel_route_collection|resolved_middleware|controller_reflection|controller_source|policy_discovery|permission_catalog,remove_fixed_role;apply_permission:applications.create;enforce_municipal_scope;preserve_active_mfa_log;add_http_security_tests
applications.destroy,applications/{application},DELETE,"App\Http\Controllers\HousingApplicationController",destroy,"web|auth|role:administrator,municipal_technician,jury,financial_manager,maintenance_manager,auditor",0,0,0,"role:administrator,municipal_technician,jury,financial_manager,maintenance_manager,auditor",,,1,1,applications.delete,0,"App\Policies\HousingApplicationPolicy",delete,inferred,,none,,1,applications.review,authenticated_user_and_route_bound_record,missing,0,0,1,0,"App\Models\HousingApplication",mutation,1,required,missing,1,applications,Candidaturas,47B,high,high,not_detected,,laravel_route_collection|resolved_middleware|controller_reflection|controller_source|policy_discovery|permission_catalog,remove_fixed_role;apply_permission:applications.delete;enforce_municipal_scope;preserve_active_mfa_log;add_http_security_tests
applications.edit,applications/{application}/edit,GET,"App\Http\Controllers\HousingApplicationController",edit,"web|auth|role:administrator,municipal_technician,jury,financial_manager,maintenance_manager,auditor",0,0,0,"role:administrator,municipal_technician,jury,financial_manager,maintenance_manager,auditor",,,1,1,applications.update,0,"App\Policies\HousingApplicationPolicy",update,inferred,,none,,1,applications.review,authenticated_user_and_route_bound_record,missing,0,0,1,0,"App\Models\HousingApplication",read,0,recommended,unknown,1,applications,Candidaturas,47B,high,high,not_detected,,laravel_route_collection|resolved_middleware|controller_reflection|controller_source|policy_discovery|permission_catalog,remove_fixed_role;apply_permission:applications.update;enforce_municipal_scope;preserve_active_mfa_log;add_http_security_tests
applications.index,applications,GET,"App\Http\Controllers\HousingApplicationController",index,"web|auth|role:administrator,municipal_technician,jury,financial_manager,maintenance_manager,auditor",0,0,0,"role:administrator,municipal_technician,jury,financial_manager,maintenance_manager,auditor",,,1,1,applications.view,0,"App\Policies\HousingApplicationPolicy",viewAny,inferred,,none,,1,applications.review,authenticated_user_and_route_bound_record,missing,0,0,1,0,"App\Models\HousingApplication",read,0,recommended,unknown,1,applications,Candidaturas,47B,high,high,not_detected,,laravel_route_collection|resolved_middleware|controller_reflection|controller_source|policy_discovery|permission_catalog,remove_fixed_role;apply_permission:applications.view;enforce_municipal_scope;preserve_active_mfa_log;add_http_security_tests
applications.show,applications/{application},GET,"App\Http\Controllers\HousingApplicationController",show,"web|auth|role:administrator,municipal_technician,jury,financial_manager,maintenance_manager,auditor",0,0,0,"role:administrator,municipal_technician,jury,financial_manager,maintenance_manager,auditor",,,1,1,applications.view,0,"App\Policies\HousingApplicationPolicy",view,inferred,,none,,1,applications.review,authenticated_user_and_route_bound_record,missing,0,0,1,0,"App\Models\HousingApplication",read,0,recommended,unknown,1,applications,Candidaturas,47B,high,high,not_detected,,laravel_route_collection|resolved_middleware|controller_reflection|controller_source|policy_discovery|permission_catalog,remove_fixed_role;apply_permission:applications.view;enforce_municipal_scope;preserve_active_mfa_log;add_http_security_tests
applications.store,applications,POST,"App\Http\Controllers\HousingApplicationController",store,"web|auth|role:administrator,municipal_technician,jury,financial_manager,maintenance_manager,auditor",0,0,0,"role:administrator,municipal_technician,jury,financial_manager,maintenance_manager,auditor",,,1,1,applications.create,0,"App\Policies\HousingApplicationPolicy",create,inferred,"App\Http\Requests\StoreHousingApplicationRequest",always_true,,1,applications.intake,authenticated_user_and_route_bound_record,missing,0,0,1,0,"App\Models\HousingApplication",mutation,1,required,missing,1,applications,Candidaturas,47B,high,high,not_detected,,laravel_route_collection|resolved_middleware|controller_reflection|controller_source|form_request_reflection|policy_discovery|permission_catalog,remove_fixed_role;apply_permission:applications.create;enforce_municipal_scope;preserve_active_mfa_log;add_http_security_tests
applications.update,applications/{application},PUT|PATCH,"App\Http\Controllers\HousingApplicationController",update,"web|auth|role:administrator,municipal_technician,jury,financial_manager,maintenance_manager,auditor",0,0,0,"role:administrator,municipal_technician,jury,financial_manager,maintenance_manager,auditor",,,1,1,applications.update,0,"App\Policies\HousingApplicationPolicy",update,inferred,"App\Http\Requests\UpdateHousingApplicationRequest",always_true,,1,applications.review,authenticated_user_and_route_bound_record,missing,0,0,1,0,"App\Models\HousingApplication",mutation,1,required,missing,1,applications,Candidaturas,47B,high,high,not_detected,,laravel_route_collection|resolved_middleware|controller_reflection|controller_source|form_request_reflection|policy_discovery|permission_catalog,remove_fixed_role;apply_permission:applications.update;enforce_municipal_scope;preserve_active_mfa_log;add_http_security_tests
backoffice.data-reuse.index,backoffice/reutilizacao-dados,GET,"App\Http\Controllers\Backoffice\FutureApplicationDataReuseController",index,"web|auth|role:administrator,municipal_technician,jury,financial_manager,maintenance_manager,auditor",0,0,0,"role:administrator,municipal_technician,jury,financial_manager,maintenance_manager,auditor",,,1,1,applications.view,0,"App\Policies\FutureApplicationDataReusePolicy",viewAny,confirmed,,none,,1,applications.review,authenticated_user_and_route_bound_record,missing,0,0,1,0,"App\Models\FutureApplicationDataReuse",read,0,recommended,unknown,1,applications,Candidaturas,47B,high,high,not_detected,,laravel_route_collection|resolved_middleware|controller_reflection|controller_source|policy_discovery|permission_catalog,remove_fixed_role;apply_permission:applications.view;enforce_municipal_scope;preserve_active_mfa_log;add_http_security_tests
backoffice.simulator.configuration.edit,backoffice/simulator/configuration,GET,"App\Http\Controllers\Backoffice\SimulatorConfigurationController",edit,"web|auth|role:administrator,municipal_technician,jury,financial_manager,maintenance_manager,auditor",0,0,0,"role:administrator,municipal_technician,jury,financial_manager,maintenance_manager,auditor",,,1,1,simulator.update,0,"App\Policies\SimulatorConfigurationPolicy",view,confirmed,,none,,1,applications.review,authenticated_user_and_route_bound_record,missing,0,0,1,0,"App\Models\SimulatorConfiguration",read,0,recommended,unknown,1,applications,Candidaturas,47B,high,high,not_detected,,laravel_route_collection|resolved_middleware|controller_reflection|controller_source|policy_discovery|permission_catalog,remove_fixed_role;apply_permission:simulator.update;enforce_municipal_scope;preserve_active_mfa_log;add_http_security_tests
backoffice.simulator.configuration.update,backoffice/simulator/configuration,PUT|PATCH,"App\Http\Controllers\Backoffice\SimulatorConfigurationController",update,"web|auth|role:administrator,municipal_technician,jury,financial_manager,maintenance_manager,auditor",0,0,0,"role:administrator,municipal_technician,jury,financial_manager,maintenance_manager,auditor",,,1,1,simulator.update,0,"App\Policies\SimulatorConfigurationPolicy",update,confirmed,"App\Http\Requests\Simulator\UpdateSimulatorConfigurationRequest",custom,,1,applications.review,authenticated_user_and_route_bound_record,missing,0,0,1,0,"App\Models\SimulatorConfiguration",mutation,1,required,missing,1,applications,Candidaturas,47B,high,high,not_detected,,laravel_route_collection|resolved_middleware|controller_reflection|controller_source|form_request_reflection|policy_discovery|permission_catalog,remove_fixed_role;apply_permission:simulator.update;enforce_municipal_scope;preserve_active_mfa_log;add_http_security_tests
backoffice.simulator.insights.index,backoffice/simulator/insights,GET,"App\Http\Controllers\Backoffice\SimulatorInsightController",index,"web|auth|role:administrator,municipal_technician,jury,financial_manager,maintenance_manager,auditor",0,0,0,"role:administrator,municipal_technician,jury,financial_manager,maintenance_manager,auditor",,,1,1,simulator.view,0,,viewInsights,confirmed,,none,,1,applications.review,authenticated_user,candidate,,0,1,0,,read,0,recommended,unknown,1,applications,Candidaturas,47B,high,medium,not_detected,,laravel_route_collection|resolved_middleware|controller_reflection|controller_source|permission_catalog,remove_fixed_role;apply_permission:simulator.view;preserve_active_mfa_log;add_http_security_tests
backoffice.simulator.insights.show,backoffice/simulator/insights/{simulationSession},GET,"App\Http\Controllers\Backoffice\SimulatorInsightController",show,"web|auth|role:administrator,municipal_technician,jury,financial_manager,maintenance_manager,auditor",0,0,0,"role:administrator,municipal_technician,jury,financial_manager,maintenance_manager,auditor",,,1,1,simulator.view,0,"App\Policies\SimulationSessionPolicy",viewInsights,confirmed,,none,,1,applications.review,authenticated_user_and_route_bound_record,missing,0,0,1,0,"App\Models\SimulationSession",read,0,recommended,unknown,1,applications,Candidaturas,47B,high,high,not_detected,,laravel_route_collection|resolved_middleware|controller_reflection|controller_source|policy_discovery|permission_catalog,remove_fixed_role;apply_permission:simulator.view;enforce_municipal_scope;preserve_active_mfa_log;add_http_security_tests
citizens.create,citizens/create,GET,"App\Http\Controllers\CitizenController",create,"web|auth|role:administrator,municipal_technician,jury,financial_manager,maintenance_manager,auditor",0,0,0,"role:administrator,municipal_technician,jury,financial_manager,maintenance_manager,auditor",,,1,1,citizens.create,0,"App\Policies\CitizenPolicy",create,inferred,,none,,1,applications.intake,authenticated_user_and_route_bound_record,missing,0,0,1,0,"App\Models\Citizen",read,0,recommended,unknown,1,applications,Candidaturas,47B,high,high,not_detected,,laravel_route_collection|resolved_middleware|controller_reflection|controller_source|policy_discovery|permission_catalog,remove_fixed_role;apply_permission:citizens.create;enforce_municipal_scope;preserve_active_mfa_log;add_http_security_tests
citizens.destroy,citizens/{citizen},DELETE,"App\Http\Controllers\CitizenController",destroy,"web|auth|role:administrator,municipal_technician,jury,financial_manager,maintenance_manager,auditor",0,0,0,"role:administrator,municipal_technician,jury,financial_manager,maintenance_manager,auditor",,,1,1,citizens.delete,0,"App\Policies\CitizenPolicy",delete,inferred,,none,,1,applications.review,authenticated_user_and_route_bound_record,missing,0,0,1,0,"App\Models\Citizen",mutation,1,required,missing,1,applications,Candidaturas,47B,high,high,not_detected,,laravel_route_collection|resolved_middleware|controller_reflection|controller_source|policy_discovery|permission_catalog,remove_fixed_role;apply_permission:citizens.delete;enforce_municipal_scope;preserve_active_mfa_log;add_http_security_tests
citizens.edit,citizens/{citizen}/edit,GET,"App\Http\Controllers\CitizenController",edit,"web|auth|role:administrator,municipal_technician,jury,financial_manager,maintenance_manager,auditor",0,0,0,"role:administrator,municipal_technician,jury,financial_manager,maintenance_manager,auditor",,,1,1,citizens.update,0,"App\Policies\CitizenPolicy",update,inferred,,none,,1,applications.review,authenticated_user_and_route_bound_record,missing,0,0,1,0,"App\Models\Citizen",read,0,recommended,unknown,1,applications,Candidaturas,47B,high,high,not_detected,,laravel_route_collection|resolved_middleware|controller_reflection|controller_source|policy_discovery|permission_catalog,remove_fixed_role;apply_permission:citizens.update;enforce_municipal_scope;preserve_active_mfa_log;add_http_security_tests
citizens.index,citizens,GET,"App\Http\Controllers\CitizenController",index,"web|auth|role:administrator,municipal_technician,jury,financial_manager,maintenance_manager,auditor",0,0,0,"role:administrator,municipal_technician,jury,financial_manager,maintenance_manager,auditor",,,1,1,citizens.view,0,"App\Policies\CitizenPolicy",viewAny,inferred,,none,,1,applications.review,authenticated_user_and_route_bound_record,missing,0,0,1,0,"App\Models\Citizen",read,0,recommended,unknown,1,applications,Candidaturas,47B,high,high,not_detected,,laravel_route_collection|resolved_middleware|controller_reflection|controller_source|policy_discovery|permission_catalog,remove_fixed_role;apply_permission:citizens.view;enforce_municipal_scope;preserve_active_mfa_log;add_http_security_tests
citizens.show,citizens/{citizen},GET,"App\Http\Controllers\CitizenController",show,"web|auth|role:administrator,municipal_technician,jury,financial_manager,maintenance_manager,auditor",0,0,0,"role:administrator,municipal_technician,jury,financial_manager,maintenance_manager,auditor",,,1,1,citizens.view,0,"App\Policies\CitizenPolicy",view,inferred,,none,,1,applications.review,authenticated_user_and_route_bound_record,missing,0,0,1,0,"App\Models\Citizen",read,0,recommended,unknown,1,applications,Candidaturas,47B,high,high,not_detected,,laravel_route_collection|resolved_middleware|controller_reflection|controller_source|policy_discovery|permission_catalog,remove_fixed_role;apply_permission:citizens.view;enforce_municipal_scope;preserve_active_mfa_log;add_http_security_tests
citizens.store,citizens,POST,"App\Http\Controllers\CitizenController",store,"web|auth|role:administrator,municipal_technician,jury,financial_manager,maintenance_manager,auditor",0,0,0,"role:administrator,municipal_technician,jury,financial_manager,maintenance_manager,auditor",,,1,1,citizens.create,0,"App\Policies\CitizenPolicy",create,inferred,"App\Http\Requests\StoreCitizenRequest",always_true,,1,applications.intake,authenticated_user_and_route_bound_record,missing,0,0,1,0,"App\Models\Citizen",mutation,1,required,missing,1,applications,Candidaturas,47B,high,high,not_detected,,laravel_route_collection|resolved_middleware|controller_reflection|controller_source|form_request_reflection|policy_discovery|permission_catalog,remove_fixed_role;apply_permission:citizens.create;enforce_municipal_scope;preserve_active_mfa_log;add_http_security_tests
citizens.update,citizens/{citizen},PUT|PATCH,"App\Http\Controllers\CitizenController",update,"web|auth|role:administrator,municipal_technician,jury,financial_manager,maintenance_manager,auditor",0,0,0,"role:administrator,municipal_technician,jury,financial_manager,maintenance_manager,auditor",,,1,1,citizens.update,0,"App\Policies\CitizenPolicy",update,inferred,"App\Http\Requests\UpdateCitizenRequest",always_true,,1,applications.review,authenticated_user_and_route_bound_record,missing,0,0,1,0,"App\Models\Citizen",mutation,1,required,missing,1,applications,Candidaturas,47B,high,high,not_detected,,laravel_route_collection|resolved_middleware|controller_reflection|controller_source|form_request_reflection|policy_discovery|permission_catalog,remove_fixed_role;apply_permission:citizens.update;enforce_municipal_scope;preserve_active_mfa_log;add_http_security_tests
households.create,households/create,GET,"App\Http\Controllers\HouseholdController",create,"web|auth|role:administrator,municipal_technician,jury,financial_manager,maintenance_manager,auditor",0,0,0,"role:administrator,municipal_technician,jury,financial_manager,maintenance_manager,auditor",,,1,1,households.create,0,"App\Policies\HouseholdPolicy",create,inferred,,none,,1,applications.intake,authenticated_user_and_route_bound_record,missing,0,0,1,0,"App\Models\Household",read,0,recommended,unknown,1,applications,Candidaturas,47B,high,high,not_detected,,laravel_route_collection|resolved_middleware|controller_reflection|controller_source|policy_discovery|permission_catalog,remove_fixed_role;apply_permission:households.create;enforce_municipal_scope;preserve_active_mfa_log;add_http_security_tests
households.destroy,households/{household},DELETE,"App\Http\Controllers\HouseholdController",destroy,"web|auth|role:administrator,municipal_technician,jury,financial_manager,maintenance_manager,auditor",0,0,0,"role:administrator,municipal_technician,jury,financial_manager,maintenance_manager,auditor",,,1,1,households.delete,0,"App\Policies\HouseholdPolicy",delete,inferred,,none,,1,applications.review,authenticated_user_and_route_bound_record,missing,0,0,1,0,"App\Models\Household",mutation,1,required,missing,1,applications,Candidaturas,47B,high,high,not_detected,,laravel_route_collection|resolved_middleware|controller_reflection|controller_source|policy_discovery|permission_catalog,remove_fixed_role;apply_permission:households.delete;enforce_municipal_scope;preserve_active_mfa_log;add_http_security_tests
households.edit,households/{household}/edit,GET,"App\Http\Controllers\HouseholdController",edit,"web|auth|role:administrator,municipal_technician,jury,financial_manager,maintenance_manager,auditor",0,0,0,"role:administrator,municipal_technician,jury,financial_manager,maintenance_manager,auditor",,,1,1,households.update,0,"App\Policies\HouseholdPolicy",update,inferred,,none,,1,applications.review,authenticated_user_and_route_bound_record,missing,0,0,1,0,"App\Models\Household",read,0,recommended,unknown,1,applications,Candidaturas,47B,high,high,not_detected,,laravel_route_collection|resolved_middleware|controller_reflection|controller_source|policy_discovery|permission_catalog,remove_fixed_role;apply_permission:households.update;enforce_municipal_scope;preserve_active_mfa_log;add_http_security_tests
households.index,households,GET,"App\Http\Controllers\HouseholdController",index,"web|auth|role:administrator,municipal_technician,jury,financial_manager,maintenance_manager,auditor",0,0,0,"role:administrator,municipal_technician,jury,financial_manager,maintenance_manager,auditor",,,1,1,households.view,0,"App\Policies\HouseholdPolicy",viewAny,inferred,,none,,1,applications.review,authenticated_user_and_route_bound_record,missing,0,0,1,0,"App\Models\Household",read,0,recommended,unknown,1,applications,Candidaturas,47B,high,high,not_detected,,laravel_route_collection|resolved_middleware|controller_reflection|controller_source|policy_discovery|permission_catalog,remove_fixed_role;apply_permission:households.view;enforce_municipal_scope;preserve_active_mfa_log;add_http_security_tests
households.show,households/{household},GET,"App\Http\Controllers\HouseholdController",show,"web|auth|role:administrator,municipal_technician,jury,financial_manager,maintenance_manager,auditor",0,0,0,"role:administrator,municipal_technician,jury,financial_manager,maintenance_manager,auditor",,,1,1,households.view,0,"App\Policies\HouseholdPolicy",view,inferred,,none,,1,applications.review,authenticated_user_and_route_bound_record,missing,0,0,1,0,"App\Models\Household",read,0,recommended,unknown,1,applications,Candidaturas,47B,high,high,not_detected,,laravel_route_collection|resolved_middleware|controller_reflection|controller_source|policy_discovery|permission_catalog,remove_fixed_role;apply_permission:households.view;enforce_municipal_scope;preserve_active_mfa_log;add_http_security_tests
households.store,households,POST,"App\Http\Controllers\HouseholdController",store,"web|auth|role:administrator,municipal_technician,jury,financial_manager,maintenance_manager,auditor",0,0,0,"role:administrator,municipal_technician,jury,financial_manager,maintenance_manager,auditor",,,1,1,households.create,0,"App\Policies\HouseholdPolicy",create,inferred,"App\Http\Requests\StoreHouseholdRequest",always_true,,1,applications.intake,authenticated_user_and_route_bound_record,missing,0,0,1,0,"App\Models\Household",mutation,1,required,missing,1,applications,Candidaturas,47B,high,high,not_detected,,laravel_route_collection|resolved_middleware|controller_reflection|controller_source|form_request_reflection|policy_discovery|permission_catalog,remove_fixed_role;apply_permission:households.create;enforce_municipal_scope;preserve_active_mfa_log;add_http_security_tests
households.update,households/{household},PUT|PATCH,"App\Http\Controllers\HouseholdController",update,"web|auth|role:administrator,municipal_technician,jury,financial_manager,maintenance_manager,auditor",0,0,0,"role:administrator,municipal_technician,jury,financial_manager,maintenance_manager,auditor",,,1,1,households.update,0,"App\Policies\HouseholdPolicy",update,inferred,"App\Http\Requests\UpdateHouseholdRequest",always_true,,1,applications.review,authenticated_user_and_route_bound_record,missing,0,0,1,0,"App\Models\Household",mutation,1,required,missing,1,applications,Candidaturas,47B,high,high,not_detected,,laravel_route_collection|resolved_middleware|controller_reflection|controller_source|form_request_reflection|policy_discovery|permission_catalog,remove_fixed_role;apply_permission:households.update;enforce_municipal_scope;preserve_active_mfa_log;add_http_security_tests
backoffice.cases.documents.show,backoffice/cases/documents/{documentSubmission},GET,"App\Http\Controllers\Backoffice\CaseWorkspaceController",document,"web|auth|role:administrator,municipal_technician,jury,financial_manager,maintenance_manager,auditor",0,0,0,"role:administrator,municipal_technician,jury,financial_manager,maintenance_manager,auditor",,,1,1,documents.view,0,"App\Policies\DocumentSubmissionPolicy",viewBackoffice,inferred,,none,,1,applications.review,dynamic_domain_context,confirmed,1,0,0,1,"App\Models\DocumentSubmission",read,1,recommended,unknown,1,documents,Documentos,47B,critical,high,route_name_reference,tests/Feature/UX/CaseWorkspaceRgpdTest.php,laravel_route_collection|resolved_middleware|controller_reflection|controller_source|policy_discovery|permission_catalog|existing_test_route_reference,remove_fixed_role;apply_permission:documents.view;preserve_active_mfa_log;add_http_security_tests
backoffice.contracts.documents.download,backoffice/contracts/documents/{leaseContractDocument}/download,GET,"App\Http\Controllers\Backoffice\LeaseContractDocumentController",download,"web|auth|role:administrator,municipal_technician,jury,financial_manager,maintenance_manager,auditor",0,0,0,"role:administrator,municipal_technician,jury,financial_manager,maintenance_manager,auditor",,,0,0,,0,"App\Policies\LeaseContractDocumentPolicy",download,confirmed,,none,,1,applications.review,authenticated_user_and_route_bound_record,missing,0,0,1,0,"App\Models\LeaseContractDocument",read,1,recommended,confirmed,1,documents,Documentos,47B,critical,low,not_detected,,laravel_route_collection|resolved_middleware|controller_reflection|controller_source|policy_discovery,remove_fixed_role;define_semantic_permission;enforce_municipal_scope;preserve_active_mfa_log;add_http_security_tests
backoffice.contracts.documents.generate,backoffice/contracts/leases/{leaseContract}/documents/generate,POST,"App\Http\Controllers\Backoffice\LeaseContractDocumentController",generate,"web|auth|role:administrator,municipal_technician,jury,financial_manager,maintenance_manager,auditor",0,0,0,"role:administrator,municipal_technician,jury,financial_manager,maintenance_manager,auditor",,,0,0,,0,"App\Policies\ContractPolicy",generateDocument,confirmed,"App\Http\Requests\GenerateLeaseContractDocumentRequest",always_true,,1,applications.review,authenticated_user_and_route_bound_record,missing,0,0,1,0,"App\Models\Contract",mutation,1,required,confirmed,1,documents,Documentos,47B,critical,low,route_name_reference,tests/Feature/Sprint13ContractsRentDepositTest.php,laravel_route_collection|resolved_middleware|controller_reflection|controller_source|form_request_reflection|policy_discovery|existing_test_route_reference,remove_fixed_role;define_semantic_permission;enforce_municipal_scope;preserve_active_mfa_log;add_http_security_tests
backoffice.document-ai.assistant.index,backoffice/documentos/ia/assistente,GET,"App\Http\Controllers\Backoffice\DocumentAiAssistantController",index,"web|auth|role:administrator,municipal_technician,jury,financial_manager,maintenance_manager,auditor",0,0,0,"role:administrator,municipal_technician,jury,financial_manager,maintenance_manager,auditor",,,1,1,documents.view,0,,viewAny,confirmed,"App\Http\Requests\Backoffice\FilterDocumentAiAssistantRequest",gate_or_policy,,1,applications.review,authenticated_user,candidate,,0,1,0,,read,1,recommended,confirmed,1,documents,Documentos,47B,critical,medium,route_name_reference,tests/Feature/Backoffice/DocumentAiAssistantDashboardTest.php,laravel_route_collection|resolved_middleware|controller_reflection|controller_source|form_request_reflection|permission_catalog|existing_test_route_reference,remove_fixed_role;apply_permission:documents.view;preserve_active_mfa_log;add_http_security_tests
backoffice.document-ai.assistant.recalculate,backoffice/documentos/ia/assistente/{analysis}/recalcular,POST,"App\Http\Controllers\Backoffice\DocumentAiAssistantController",recalculate,"web|auth|role:administrator,municipal_technician,jury,financial_manager,maintenance_manager,auditor",0,0,0,"role:administrator,municipal_technician,jury,financial_manager,maintenance_manager,auditor",,,0,0,,0,"App\Policies\DocumentAiAnalysisPolicy",view,inferred,"App\Http\Requests\Backoffice\RecalculateDocumentAiScoreRequest",custom,,1,applications.review,authenticated_user_and_route_bound_record,missing,0,0,1,0,"App\Models\DocumentAiAnalysis",mutation,1,required,confirmed,1,documents,Documentos,47B,critical,low,route_name_reference,tests/Feature/DocumentIntelligence/DocumentAiManualReviewExecutionTest.php,laravel_route_collection|resolved_middleware|controller_reflection|controller_source|form_request_reflection|policy_discovery|existing_test_route_reference,remove_fixed_role;define_semantic_permission;enforce_municipal_scope;preserve_active_mfa_log;add_http_security_tests
backoffice.document-ai.assistant.show,backoffice/documentos/ia/assistente/{analysis},GET,"App\Http\Controllers\Backoffice\DocumentAiAssistantController",show,"web|auth|role:administrator,municipal_technician,jury,financial_manager,maintenance_manager,auditor",0,0,0,"role:administrator,municipal_technician,jury,financial_manager,maintenance_manager,auditor",,,1,1,documents.view,0,"App\Policies\DocumentAiAnalysisPolicy",view,inferred,,none,,1,applications.review,authenticated_user_and_route_bound_record,missing,0,0,1,0,"App\Models\DocumentAiAnalysis",read,1,recommended,confirmed,1,documents,Documentos,47B,critical,high,route_name_reference,tests/Feature/Backoffice/DocumentAiAssistantDashboardTest.php|tests/Feature/DocumentIntelligence/DocumentAiAssistantSuggestionTest.php|tests/Feature/DocumentIntelligence/DocumentAiManualReviewExecutionTest.php|tests/Feature/DocumentIntelligence/DocumentAiSecurityRgpdTest.php|tests/Feature/Security/DocumentReviewPermissionAccessTest.php,laravel_route_collection|resolved_middleware|controller_reflection|controller_source|policy_discovery|permission_catalog|existing_test_route_reference,remove_fixed_role;apply_permission:documents.view;enforce_municipal_scope;preserve_active_mfa_log;add_http_security_tests
backoffice.document-ai.assistant.suggestions.accept,backoffice/documentos/ia/sugestoes/{suggestion}/aceitar,POST,"App\Http\Controllers\Backoffice\DocumentAiAssistantController",acceptSuggestion,"web|auth|role:administrator,municipal_technician,jury,financial_manager,maintenance_manager,auditor",0,0,0,"role:administrator,municipal_technician,jury,financial_manager,maintenance_manager,auditor",,,1,1,documents.view,0,"App\Policies\DocumentAiSuggestionPolicy",accept,confirmed,"App\Http\Requests\Backoffice\AcceptDocumentAiSuggestionRequest",gate_or_policy,,1,applications.review,authenticated_user_and_route_bound_record,missing,0,0,1,0,"App\Models\DocumentAiSuggestion",mutation,1,required,confirmed,1,documents,Documentos,47B,critical,high,route_name_reference,tests/Feature/Backoffice/DocumentAiAssistantDashboardTest.php|tests/Feature/DocumentIntelligence/DocumentAiAssistantSuggestionTest.php,laravel_route_collection|resolved_middleware|controller_reflection|controller_source|form_request_reflection|policy_discovery|permission_catalog|existing_test_route_reference,remove_fixed_role;apply_permission:documents.view;enforce_municipal_scope;preserve_active_mfa_log;add_http_security_tests
backoffice.document-ai.assistant.suggestions.dismiss,backoffice/documentos/ia/sugestoes/{suggestion}/descartar,POST,"App\Http\Controllers\Backoffice\DocumentAiAssistantController",dismissSuggestion,"web|auth|role:administrator,municipal_technician,jury,financial_manager,maintenance_manager,auditor",0,0,0,"role:administrator,municipal_technician,jury,financial_manager,maintenance_manager,auditor",,,1,1,documents.view,0,"App\Policies\DocumentAiSuggestionPolicy",dismiss,confirmed,"App\Http\Requests\Backoffice\DismissDocumentAiSuggestionRequest",gate_or_policy,,1,applications.review,authenticated_user_and_route_bound_record,missing,0,0,1,0,"App\Models\DocumentAiSuggestion",mutation,1,required,confirmed,1,documents,Documentos,47B,critical,high,route_name_reference,tests/Feature/Backoffice/DocumentAiAssistantDashboardTest.php|tests/Feature/DocumentIntelligence/DocumentAiAssistantSuggestionTest.php,laravel_route_collection|resolved_middleware|controller_reflection|controller_source|form_request_reflection|policy_discovery|permission_catalog|existing_test_route_reference,remove_fixed_role;apply_permission:documents.view;enforce_municipal_scope;preserve_active_mfa_log;add_http_security_tests
backoffice.document-ai.assistant.suggestions.update,backoffice/documentos/ia/sugestoes/{suggestion},PUT,"App\Http\Controllers\Backoffice\DocumentAiAssistantController",updateSuggestion,"web|auth|role:administrator,municipal_technician,jury,financial_manager,maintenance_manager,auditor",0,0,0,"role:administrator,municipal_technician,jury,financial_manager,maintenance_manager,auditor",,,1,1,documents.update,0,"App\Policies\DocumentAiSuggestionPolicy",update,confirmed,"App\Http\Requests\Backoffice\UpdateDocumentAiSuggestionRequest",gate_or_policy,,1,applications.review,authenticated_user_and_route_bound_record,missing,0,0,1,0,"App\Models\DocumentAiSuggestion",mutation,1,required,confirmed,1,documents,Documentos,47B,critical,high,route_name_reference,tests/Feature/Backoffice/DocumentAiAssistantDashboardTest.php,laravel_route_collection|resolved_middleware|controller_reflection|controller_source|form_request_reflection|policy_discovery|permission_catalog|existing_test_route_reference,remove_fixed_role;apply_permission:documents.update;enforce_municipal_scope;preserve_active_mfa_log;add_http_security_tests
backoffice.document-ai.extractions.index,backoffice/documentos/ia/extracoes,GET,"App\Http\Controllers\Backoffice\DocumentAiExtractionController",index,"web|auth|role:administrator,municipal_technician,jury,financial_manager,maintenance_manager,auditor",0,0,0,"role:administrator,municipal_technician,jury,financial_manager,maintenance_manager,auditor",,,1,1,documents.view,0,,viewAny,confirmed,"App\Http\Requests\Backoffice\FilterDocumentAiExtractionsRequest",gate_or_policy,,1,applications.review,authenticated_user,candidate,,0,1,0,,read,1,recommended,confirmed,1,documents,Documentos,47B,critical,medium,route_name_reference,tests/Feature/Backoffice/DocumentAiExtractionPanelTest.php,laravel_route_collection|resolved_middleware|controller_reflection|controller_source|form_request_reflection|permission_catalog|existing_test_route_reference,remove_fixed_role;apply_permission:documents.view;preserve_active_mfa_log;add_http_security_tests
backoffice.document-ai.extractions.show,backoffice/documentos/ia/extracoes/{analysis},GET,"App\Http\Controllers\Backoffice\DocumentAiExtractionController",show,"web|auth|role:administrator,municipal_technician,jury,financial_manager,maintenance_manager,auditor",0,0,0,"role:administrator,municipal_technician,jury,financial_manager,maintenance_manager,auditor",,,1,1,documents.view,0,"App\Policies\DocumentAiAnalysisPolicy",viewExtractedFields,confirmed,,none,,1,applications.review,authenticated_user_and_route_bound_record,missing,0,0,1,0,"App\Models\DocumentAiAnalysis",read,1,recommended,confirmed,1,documents,Documentos,47B,critical,high,route_name_reference,tests/Feature/Backoffice/DocumentAiExtractionPanelTest.php,laravel_route_collection|resolved_middleware|controller_reflection|controller_source|policy_discovery|permission_catalog|existing_test_route_reference,remove_fixed_role;apply_permission:documents.view;enforce_municipal_scope;preserve_active_mfa_log;add_http_security_tests
backoffice.document-ai.fields.review,backoffice/documentos/ia/campos/{field}/revisao,POST,"App\Http\Controllers\Backoffice\DocumentAiExtractionController",markFieldForReview,"web|auth|role:administrator,municipal_technician,jury,financial_manager,maintenance_manager,auditor",0,0,0,"role:administrator,municipal_technician,jury,financial_manager,maintenance_manager,auditor",,,1,1,documents.update,0,"App\Policies\DocumentAiFieldPolicy",markForReview,confirmed,"App\Http\Requests\Backoffice\MarkDocumentAiFieldReviewRequest",gate_or_policy,,1,applications.review,authenticated_user_and_route_bound_record,missing,0,0,1,0,"App\Models\DocumentAiField",mutation,1,required,confirmed,1,documents,Documentos,47B,critical,high,route_name_reference,tests/Feature/Backoffice/DocumentAiExtractionPanelTest.php,laravel_route_collection|resolved_middleware|controller_reflection|controller_source|form_request_reflection|policy_discovery|permission_catalog|existing_test_route_reference,remove_fixed_role;apply_permission:documents.update;enforce_municipal_scope;preserve_active_mfa_log;add_http_security_tests
backoffice.document-ai.validations.index,backoffice/documentos/ia/validacoes,GET,"App\Http\Controllers\Backoffice\DocumentAiValidationController",index,"web|auth|role:administrator,municipal_technician,jury,financial_manager,maintenance_manager,auditor",0,0,0,"role:administrator,municipal_technician,jury,financial_manager,maintenance_manager,auditor",,,1,1,documents.view,0,"App\Policies\DocumentAiValidationPolicy",viewAny,confirmed,"App\Http\Requests\Backoffice\FilterDocumentAiValidationsRequest",gate_or_policy,,1,applications.review,authenticated_user_and_route_bound_record,missing,0,0,1,0,"App\Models\DocumentAiValidation",read,1,recommended,confirmed,1,documents,Documentos,47B,critical,high,route_name_reference,tests/Feature/Backoffice/DocumentAiValidationPanelTest.php,laravel_route_collection|resolved_middleware|controller_reflection|controller_source|form_request_reflection|policy_discovery|permission_catalog|existing_test_route_reference,remove_fixed_role;apply_permission:documents.view;enforce_municipal_scope;preserve_active_mfa_log;add_http_security_tests
backoffice.document-ai.validations.manual-review,backoffice/documentos/ia/validacoes/detalhe/{validation}/revisao-manual,POST,"App\Http\Controllers\Backoffice\DocumentAiValidationController",markManualReview,"web|auth|role:administrator,municipal_technician,jury,financial_manager,maintenance_manager,auditor",0,0,0,"role:administrator,municipal_technician,jury,financial_manager,maintenance_manager,auditor",,,1,1,documents.update,0,"App\Policies\DocumentAiValidationPolicy",markManualReview,confirmed,"App\Http\Requests\Backoffice\MarkDocumentAiValidationReviewRequest",gate_or_policy,,1,applications.review,authenticated_user_and_route_bound_record,missing,0,0,1,0,"App\Models\DocumentAiValidation",mutation,1,required,confirmed,1,documents,Documentos,47B,critical,high,route_name_reference,tests/Feature/Backoffice/DocumentAiValidationPanelTest.php,laravel_route_collection|resolved_middleware|controller_reflection|controller_source|form_request_reflection|policy_discovery|permission_catalog|existing_test_route_reference,remove_fixed_role;apply_permission:documents.update;enforce_municipal_scope;preserve_active_mfa_log;add_http_security_tests
backoffice.document-ai.validations.rerun,backoffice/documentos/ia/validacoes/{application}/reprocessar,POST,"App\Http\Controllers\Backoffice\DocumentAiValidationController",rerun,"web|auth|role:administrator,municipal_technician,jury,financial_manager,maintenance_manager,auditor",0,0,0,"role:administrator,municipal_technician,jury,financial_manager,maintenance_manager,auditor",,,0,0,,0,"App\Policies\ApplicationPolicy",rerun,confirmed,"App\Http\Requests\Backoffice\RerunDocumentAiValidationRequest",gate_or_policy,,1,applications.review,authenticated_user_and_route_bound_record,confirmed,1,0,1,0,"App\Models\Application",mutation,1,required,confirmed,1,documents,Documentos,47B,critical,low,not_detected,,laravel_route_collection|resolved_middleware|controller_reflection|controller_source|form_request_reflection|policy_discovery,remove_fixed_role;define_semantic_permission;preserve_active_mfa_log;add_http_security_tests
backoffice.document-ai.validations.show,backoffice/documentos/ia/validacoes/{application},GET,"App\Http\Controllers\Backoffice\DocumentAiValidationController",show,"web|auth|role:administrator,municipal_technician,jury,financial_manager,maintenance_manager,auditor",0,0,0,"role:administrator,municipal_technician,jury,financial_manager,maintenance_manager,auditor",,,1,1,documents.view,0,"App\Policies\ApplicationPolicy",viewAny,confirmed,,none,,1,applications.review,authenticated_user_and_route_bound_record,confirmed,1,0,1,0,"App\Models\Application",read,1,recommended,confirmed,1,documents,Documentos,47B,critical,high,route_name_reference,tests/Feature/Backoffice/DocumentAiValidationPanelTest.php,laravel_route_collection|resolved_middleware|controller_reflection|controller_source|policy_discovery|permission_catalog|existing_test_route_reference,remove_fixed_role;apply_permission:documents.view;preserve_active_mfa_log;add_http_security_tests
backoffice.document-ai.validations.validation,backoffice/documentos/ia/validacoes/detalhe/{validation},GET,"App\Http\Controllers\Backoffice\DocumentAiValidationController",validation,"web|auth|role:administrator,municipal_technician,jury,financial_manager,maintenance_manager,auditor",0,0,0,"role:administrator,municipal_technician,jury,financial_manager,maintenance_manager,auditor",,,1,1,documents.view,0,"App\Policies\DocumentAiValidationPolicy",view,confirmed,,none,,1,applications.review,authenticated_user_and_route_bound_record,missing,0,0,1,0,"App\Models\DocumentAiValidation",read,1,recommended,confirmed,1,documents,Documentos,47B,critical,high,route_name_reference,tests/Feature/Backoffice/DocumentAiValidationPanelTest.php,laravel_route_collection|resolved_middleware|controller_reflection|controller_source|policy_discovery|permission_catalog|existing_test_route_reference,remove_fixed_role;apply_permission:documents.view;enforce_municipal_scope;preserve_active_mfa_log;add_http_security_tests
backoffice.document-template-versions.activate,backoffice/document-template-versions/{documentTemplateVersion}/activate,POST,"App\Http\Controllers\Backoffice\DocumentTemplateVersionController",activate,"web|auth|role:administrator,municipal_technician,jury,financial_manager,maintenance_manager,auditor",0,0,0,"role:administrator,municipal_technician,jury,financial_manager,maintenance_manager,auditor",,,0,0,,0,"App\Policies\DocumentTemplateVersionPolicy",approve,confirmed,,none,,0,,authenticated_user_and_route_bound_record,missing,0,0,1,0,"App\Models\DocumentTemplateVersion",mutation,1,required,confirmed,1,documents,Documentos,47B,critical,low,not_detected,,laravel_route_collection|resolved_middleware|controller_reflection|controller_source|policy_discovery,remove_fixed_role;define_semantic_permission;enforce_municipal_scope;preserve_active_mfa_log;add_http_security_tests
backoffice.document-template-versions.approve,backoffice/document-template-versions/{documentTemplateVersion}/approve,POST,"App\Http\Controllers\Backoffice\DocumentTemplateVersionController",approve,"web|auth|role:administrator,municipal_technician,jury,financial_manager,maintenance_manager,auditor",0,0,0,"role:administrator,municipal_technician,jury,financial_manager,maintenance_manager,auditor",,,1,1,documents.approve,0,"App\Policies\DocumentTemplateVersionPolicy",approve,confirmed,,none,,0,,authenticated_user_and_route_bound_record,missing,0,0,1,0,"App\Models\DocumentTemplateVersion",mutation,1,required,confirmed,1,documents,Documentos,47B,critical,high,not_detected,,laravel_route_collection|resolved_middleware|controller_reflection|controller_source|policy_discovery|permission_catalog,remove_fixed_role;apply_permission:documents.approve;enforce_municipal_scope;preserve_active_mfa_log;add_http_security_tests
backoffice.document-template-versions.show,backoffice/document-template-versions/{documentTemplateVersion},GET,"App\Http\Controllers\Backoffice\DocumentTemplateVersionController",show,"web|auth|role:administrator,municipal_technician,jury,financial_manager,maintenance_manager,auditor",0,0,0,"role:administrator,municipal_technician,jury,financial_manager,maintenance_manager,auditor",,,1,1,documents.view,0,"App\Policies\DocumentTemplateVersionPolicy",view,confirmed,,none,,0,,authenticated_user_and_route_bound_record,missing,0,0,1,0,"App\Models\DocumentTemplateVersion",read,1,recommended,confirmed,1,documents,Documentos,47B,critical,high,not_detected,,laravel_route_collection|resolved_middleware|controller_reflection|controller_source|policy_discovery|permission_catalog,remove_fixed_role;apply_permission:documents.view;enforce_municipal_scope;preserve_active_mfa_log;add_http_security_tests
backoffice.document-template-versions.store,backoffice/document-templates/{documentTemplate}/versions,POST,"App\Http\Controllers\Backoffice\DocumentTemplateVersionController",store,"web|auth|role:administrator,municipal_technician,jury,financial_manager,maintenance_manager,auditor",0,0,0,"role:administrator,municipal_technician,jury,financial_manager,maintenance_manager,auditor",,,1,1,documents.create,0,"App\Policies\DocumentTemplatePolicy",update,confirmed,"App\Http\Requests\StoreDocumentTemplateVersionRequest",always_true,,0,,authenticated_user_and_route_bound_record,missing,0,0,1,0,"App\Models\DocumentTemplate",mutation,1,required,confirmed,1,documents,Documentos,47B,critical,high,not_detected,,laravel_route_collection|resolved_middleware|controller_reflection|controller_source|form_request_reflection|policy_discovery|permission_catalog,remove_fixed_role;apply_permission:documents.create;enforce_municipal_scope;preserve_active_mfa_log;add_http_security_tests
backoffice.document-templates.archive,backoffice/document-templates/{documentTemplate}/archive,POST,"App\Http\Controllers\Backoffice\DocumentTemplateController",archive,"web|auth|role:administrator,municipal_technician,jury,financial_manager,maintenance_manager,auditor",0,0,0,"role:administrator,municipal_technician,jury,financial_manager,maintenance_manager,auditor",,,1,1,documents.update,0,"App\Policies\DocumentTemplatePolicy",update,confirmed,,none,,0,,authenticated_user_and_route_bound_record,missing,0,0,1,0,"App\Models\DocumentTemplate",mutation,1,required,confirmed,1,documents,Documentos,47B,critical,high,not_detected,,laravel_route_collection|resolved_middleware|controller_reflection|controller_source|policy_discovery|permission_catalog,remove_fixed_role;apply_permission:documents.update;enforce_municipal_scope;preserve_active_mfa_log;add_http_security_tests
backoffice.document-templates.create,backoffice/document-templates/create,GET,"App\Http\Controllers\Backoffice\DocumentTemplateController",create,"web|auth|role:administrator,municipal_technician,jury,financial_manager,maintenance_manager,auditor",0,0,0,"role:administrator,municipal_technician,jury,financial_manager,maintenance_manager,auditor",,,1,1,documents.create,0,"App\Policies\DocumentTemplatePolicy",create,confirmed,,none,,0,,authenticated_user_and_route_bound_record,missing,0,0,1,0,"App\Models\DocumentTemplate",read,1,recommended,confirmed,1,documents,Documentos,47B,critical,high,not_detected,,laravel_route_collection|resolved_middleware|controller_reflection|controller_source|policy_discovery|permission_catalog,remove_fixed_role;apply_permission:documents.create;enforce_municipal_scope;preserve_active_mfa_log;add_http_security_tests
backoffice.document-templates.edit,backoffice/document-templates/{documentTemplate}/edit,GET,"App\Http\Controllers\Backoffice\DocumentTemplateController",edit,"web|auth|role:administrator,municipal_technician,jury,financial_manager,maintenance_manager,auditor",0,0,0,"role:administrator,municipal_technician,jury,financial_manager,maintenance_manager,auditor",,,1,1,documents.update,0,"App\Policies\DocumentTemplatePolicy",update,confirmed,,none,,0,,authenticated_user_and_route_bound_record,missing,0,0,1,0,"App\Models\DocumentTemplate",read,1,recommended,confirmed,1,documents,Documentos,47B,critical,high,not_detected,,laravel_route_collection|resolved_middleware|controller_reflection|controller_source|policy_discovery|permission_catalog,remove_fixed_role;apply_permission:documents.update;enforce_municipal_scope;preserve_active_mfa_log;add_http_security_tests
backoffice.document-templates.index,backoffice/document-templates,GET,"App\Http\Controllers\Backoffice\DocumentTemplateController",index,"web|auth|role:administrator,municipal_technician,jury,financial_manager,maintenance_manager,auditor",0,0,0,"role:administrator,municipal_technician,jury,financial_manager,maintenance_manager,auditor",,,1,1,documents.view,0,"App\Policies\DocumentTemplatePolicy",viewAny,confirmed,,none,,0,,authenticated_user_and_route_bound_record,missing,0,0,1,0,"App\Models\DocumentTemplate",read,1,recommended,confirmed,1,documents,Documentos,47B,critical,high,not_detected,,laravel_route_collection|resolved_middleware|controller_reflection|controller_source|policy_discovery|permission_catalog,remove_fixed_role;apply_permission:documents.view;enforce_municipal_scope;preserve_active_mfa_log;add_http_security_tests
backoffice.document-templates.preview,backoffice/document-templates/{documentTemplate}/preview,GET|POST,"App\Http\Controllers\Backoffice\DocumentTemplateController",preview,"web|auth|role:administrator,municipal_technician,jury,financial_manager,maintenance_manager,auditor",0,0,0,"role:administrator,municipal_technician,jury,financial_manager,maintenance_manager,auditor",,,1,1,documents.update,0,"App\Policies\DocumentTemplatePolicy",view,confirmed,,none,,0,,authenticated_user_and_route_bound_record,missing,0,0,1,0,"App\Models\DocumentTemplate",mutation,1,required,confirmed,1,documents,Documentos,47B,critical,high,not_detected,,laravel_route_collection|resolved_middleware|controller_reflection|controller_source|policy_discovery|permission_catalog,remove_fixed_role;apply_permission:documents.update;enforce_municipal_scope;preserve_active_mfa_log;add_http_security_tests
backoffice.document-templates.show,backoffice/document-templates/{documentTemplate},GET,"App\Http\Controllers\Backoffice\DocumentTemplateController",show,"web|auth|role:administrator,municipal_technician,jury,financial_manager,maintenance_manager,auditor",0,0,0,"role:administrator,municipal_technician,jury,financial_manager,maintenance_manager,auditor",,,1,1,documents.view,0,"App\Policies\DocumentTemplatePolicy",view,confirmed,,none,,0,,authenticated_user_and_route_bound_record,missing,0,0,1,0,"App\Models\DocumentTemplate",read,1,recommended,confirmed,1,documents,Documentos,47B,critical,high,not_detected,,laravel_route_collection|resolved_middleware|controller_reflection|controller_source|policy_discovery|permission_catalog,remove_fixed_role;apply_permission:documents.view;enforce_municipal_scope;preserve_active_mfa_log;add_http_security_tests
backoffice.document-templates.store,backoffice/document-templates,POST,"App\Http\Controllers\Backoffice\DocumentTemplateController",store,"web|auth|role:administrator,municipal_technician,jury,financial_manager,maintenance_manager,auditor",0,0,0,"role:administrator,municipal_technician,jury,financial_manager,maintenance_manager,auditor",,,1,1,documents.create,0,"App\Policies\DocumentTemplatePolicy",create,confirmed,"App\Http\Requests\StoreDocumentTemplateRequest",always_true,,0,,authenticated_user_and_route_bound_record,missing,0,0,1,0,"App\Models\DocumentTemplate",mutation,1,required,confirmed,1,documents,Documentos,47B,critical,high,not_detected,,laravel_route_collection|resolved_middleware|controller_reflection|controller_source|form_request_reflection|policy_discovery|permission_catalog,remove_fixed_role;apply_permission:documents.create;enforce_municipal_scope;preserve_active_mfa_log;add_http_security_tests
backoffice.document-templates.update,backoffice/document-templates/{documentTemplate},PUT|PATCH,"App\Http\Controllers\Backoffice\DocumentTemplateController",update,"web|auth|role:administrator,municipal_technician,jury,financial_manager,maintenance_manager,auditor",0,0,0,"role:administrator,municipal_technician,jury,financial_manager,maintenance_manager,auditor",,,1,1,documents.update,0,"App\Policies\DocumentTemplatePolicy",update,confirmed,"App\Http\Requests\UpdateDocumentTemplateRequest",always_true,,0,,authenticated_user_and_route_bound_record,missing,0,0,1,0,"App\Models\DocumentTemplate",mutation,1,required,confirmed,1,documents,Documentos,47B,critical,high,not_detected,,laravel_route_collection|resolved_middleware|controller_reflection|controller_source|form_request_reflection|policy_discovery|permission_catalog,remove_fixed_role;apply_permission:documents.update;enforce_municipal_scope;preserve_active_mfa_log;add_http_security_tests
backoffice.finance.annual-document-updates.accept,backoffice/finance/annual-document-updates/{annualDocumentUpdateRequest}/accept,POST,"App\Http\Controllers\Backoffice\Finance\AnnualDocumentUpdateRequestController",accept,"web|auth|role:administrator,municipal_technician,jury,financial_manager,maintenance_manager,auditor",0,0,0,"role:administrator,municipal_technician,jury,financial_manager,maintenance_manager,auditor",,,1,1,documents.view,0,"App\Policies\AnnualDocumentUpdateRequestPolicy",update,confirmed,"App\Http\Requests\ReviewIncomeChangeDeclarationRequest",always_true,,1,applications.review,authenticated_user_and_route_bound_record,missing,0,0,1,0,"App\Models\AnnualDocumentUpdateRequest",mutation,1,required,confirmed,1,documents,Documentos,47B,critical,high,not_detected,,laravel_route_collection|resolved_middleware|controller_reflection|controller_source|form_request_reflection|policy_discovery|permission_catalog,remove_fixed_role;apply_permission:documents.view;enforce_municipal_scope;preserve_active_mfa_log;add_http_security_tests
backoffice.finance.annual-document-updates.index,backoffice/finance/annual-document-updates,GET,"App\Http\Controllers\Backoffice\Finance\AnnualDocumentUpdateRequestController",index,"web|auth|role:administrator,municipal_technician,jury,financial_manager,maintenance_manager,auditor",0,0,0,"role:administrator,municipal_technician,jury,financial_manager,maintenance_manager,auditor",,,1,1,documents.view,0,"App\Policies\AnnualDocumentUpdateRequestPolicy",viewAny,confirmed,,none,,1,applications.review,authenticated_user_and_route_bound_record,missing,0,0,1,0,"App\Models\AnnualDocumentUpdateRequest",read,1,recommended,confirmed,1,documents,Documentos,47B,critical,high,not_detected,,laravel_route_collection|resolved_middleware|controller_reflection|controller_source|policy_discovery|permission_catalog,remove_fixed_role;apply_permission:documents.view;enforce_municipal_scope;preserve_active_mfa_log;add_http_security_tests
backoffice.finance.annual-document-updates.reject,backoffice/finance/annual-document-updates/{annualDocumentUpdateRequest}/reject,POST,"App\Http\Controllers\Backoffice\Finance\AnnualDocumentUpdateRequestController",reject,"web|auth|role:administrator,municipal_technician,jury,financial_manager,maintenance_manager,auditor",0,0,0,"role:administrator,municipal_technician,jury,financial_manager,maintenance_manager,auditor",,,1,1,documents.reject,0,"App\Policies\AnnualDocumentUpdateRequestPolicy",update,confirmed,"App\Http\Requests\RejectFinanceRecordRequest",always_true,,1,applications.review,authenticated_user_and_route_bound_record,missing,0,0,1,0,"App\Models\AnnualDocumentUpdateRequest",mutation,1,required,confirmed,1,documents,Documentos,47B,critical,high,not_detected,,laravel_route_collection|resolved_middleware|controller_reflection|controller_source|form_request_reflection|policy_discovery|permission_catalog,remove_fixed_role;apply_permission:documents.reject;enforce_municipal_scope;preserve_active_mfa_log;add_http_security_tests
backoffice.finance.annual-document-updates.show,backoffice/finance/annual-document-updates/{annualDocumentUpdateRequest},GET,"App\Http\Controllers\Backoffice\Finance\AnnualDocumentUpdateRequestController",show,"web|auth|role:administrator,municipal_technician,jury,financial_manager,maintenance_manager,auditor",0,0,0,"role:administrator,municipal_technician,jury,financial_manager,maintenance_manager,auditor",,,1,1,documents.view,0,"App\Policies\AnnualDocumentUpdateRequestPolicy",view,confirmed,,none,,1,applications.review,authenticated_user_and_route_bound_record,missing,0,0,1,0,"App\Models\AnnualDocumentUpdateRequest",read,1,recommended,confirmed,1,documents,Documentos,47B,critical,high,not_detected,,laravel_route_collection|resolved_middleware|controller_reflection|controller_source|policy_discovery|permission_catalog,remove_fixed_role;apply_permission:documents.view;enforce_municipal_scope;preserve_active_mfa_log;add_http_security_tests
backoffice.finance.annual-document-updates.store,backoffice/finance/annual-document-updates,POST,"App\Http\Controllers\Backoffice\Finance\AnnualDocumentUpdateRequestController",store,"web|auth|role:administrator,municipal_technician,jury,financial_manager,maintenance_manager,auditor",0,0,0,"role:administrator,municipal_technician,jury,financial_manager,maintenance_manager,auditor",,,1,1,documents.create,0,"App\Policies\AnnualDocumentUpdateRequestPolicy",create,confirmed,"App\Http\Requests\StoreAnnualDocumentUpdateRequestRequest",always_true,,1,applications.review,authenticated_user_and_route_bound_record,missing,0,0,1,0,"App\Models\AnnualDocumentUpdateRequest",mutation,1,required,confirmed,1,documents,Documentos,47B,critical,high,route_name_reference,tests/Feature/Sprint14FinanceTest.php,laravel_route_collection|resolved_middleware|controller_reflection|controller_source|form_request_reflection|policy_discovery|permission_catalog|existing_test_route_reference,remove_fixed_role;apply_permission:documents.create;enforce_municipal_scope;preserve_active_mfa_log;add_http_security_tests
backoffice.generated-documents.download,backoffice/generated-procedure-documents/{generatedProcedureDocument}/download,GET,"App\Http\Controllers\Backoffice\GeneratedProcedureDocumentController",download,"web|auth|role:administrator,municipal_technician,jury,financial_manager,maintenance_manager,auditor",0,0,0,"role:administrator,municipal_technician,jury,financial_manager,maintenance_manager,auditor",,,0,0,,0,"App\Policies\GeneratedProcedureDocumentPolicy",download,confirmed,,none,,1,applications.review,authenticated_user_and_route_bound_record,missing,0,0,1,0,"App\Models\GeneratedProcedureDocument",read,1,recommended,confirmed,1,documents,Documentos,47B,critical,low,not_detected,,laravel_route_collection|resolved_middleware|controller_reflection|controller_source|policy_discovery,remove_fixed_role;define_semantic_permission;enforce_municipal_scope;preserve_active_mfa_log;add_http_security_tests
backoffice.generated-documents.index,backoffice/generated-procedure-documents,GET,"App\Http\Controllers\Backoffice\GeneratedProcedureDocumentController",index,"web|auth|role:administrator,municipal_technician,jury,financial_manager,maintenance_manager,auditor",0,0,0,"role:administrator,municipal_technician,jury,financial_manager,maintenance_manager,auditor",,,1,1,documents.view,0,"App\Policies\GeneratedProcedureDocumentPolicy",viewAny,confirmed,,none,,1,applications.review,authenticated_user_and_route_bound_record,missing,0,0,1,0,"App\Models\GeneratedProcedureDocument",read,1,recommended,confirmed,1,documents,Documentos,47B,critical,high,not_detected,,laravel_route_collection|resolved_middleware|controller_reflection|controller_source|policy_discovery|permission_catalog,remove_fixed_role;apply_permission:documents.view;enforce_municipal_scope;preserve_active_mfa_log;add_http_security_tests
backoffice.generated-documents.issue,backoffice/generated-procedure-documents/{generatedProcedureDocument}/issue,POST,"App\Http\Controllers\Backoffice\GeneratedProcedureDocumentController",issue,"web|auth|role:administrator,municipal_technician,jury,financial_manager,maintenance_manager,auditor",0,0,0,"role:administrator,municipal_technician,jury,financial_manager,maintenance_manager,auditor",,,1,1,documents.view,0,"App\Policies\GeneratedProcedureDocumentPolicy",approve,confirmed,,none,,1,applications.review,authenticated_user_and_route_bound_record,missing,0,0,1,0,"App\Models\GeneratedProcedureDocument",mutation,1,required,confirmed,1,documents,Documentos,47B,critical,high,route_name_reference,tests/Feature/Sprint24BackofficeOperationalTest.php,laravel_route_collection|resolved_middleware|controller_reflection|controller_source|policy_discovery|permission_catalog|existing_test_route_reference,remove_fixed_role;apply_permission:documents.view;enforce_municipal_scope;preserve_active_mfa_log;add_http_security_tests
backoffice.generated-documents.show,backoffice/generated-procedure-documents/{generatedProcedureDocument},GET,"App\Http\Controllers\Backoffice\GeneratedProcedureDocumentController",show,"web|auth|role:administrator,municipal_technician,jury,financial_manager,maintenance_manager,auditor",0,0,0,"role:administrator,municipal_technician,jury,financial_manager,maintenance_manager,auditor",,,1,1,documents.view,0,"App\Policies\GeneratedProcedureDocumentPolicy",view,confirmed,,none,,1,applications.review,authenticated_user_and_route_bound_record,missing,0,0,1,0,"App\Models\GeneratedProcedureDocument",read,1,recommended,confirmed,1,documents,Documentos,47B,critical,high,not_detected,,laravel_route_collection|resolved_middleware|controller_reflection|controller_source|policy_discovery|permission_catalog,remove_fixed_role;apply_permission:documents.view;enforce_municipal_scope;preserve_active_mfa_log;add_http_security_tests
backoffice.official-documents.cancel,backoffice/official-documents/{generatedOfficialDocument}/cancel,POST,"App\Http\Controllers\Backoffice\GeneratedOfficialDocumentController",cancel,"web|auth|role:administrator,municipal_technician,jury,financial_manager,maintenance_manager,auditor",0,0,0,"role:administrator,municipal_technician,jury,financial_manager,maintenance_manager,auditor",,,0,0,,0,"App\Policies\GeneratedOfficialDocumentPolicy",update,confirmed,"App\Http\Requests\CancelGeneratedOfficialDocumentRequest",always_true,,1,applications.review,authenticated_user_and_route_bound_record,missing,0,0,1,0,"App\Models\GeneratedOfficialDocument",mutation,1,required,confirmed,1,documents,Documentos,47B,critical,low,not_detected,,laravel_route_collection|resolved_middleware|controller_reflection|controller_source|form_request_reflection|policy_discovery,remove_fixed_role;define_semantic_permission;enforce_municipal_scope;preserve_active_mfa_log;add_http_security_tests
backoffice.official-documents.download,backoffice/official-documents/{generatedOfficialDocument}/download,GET,"App\Http\Controllers\Backoffice\GeneratedOfficialDocumentController",download,"web|auth|role:administrator,municipal_technician,jury,financial_manager,maintenance_manager,auditor",0,0,0,"role:administrator,municipal_technician,jury,financial_manager,maintenance_manager,auditor",,,0,0,,0,"App\Policies\GeneratedOfficialDocumentPolicy",view,confirmed,,none,,1,applications.review,authenticated_user_and_route_bound_record,missing,0,0,1,0,"App\Models\GeneratedOfficialDocument",read,1,recommended,confirmed,1,documents,Documentos,47B,critical,low,not_detected,,laravel_route_collection|resolved_middleware|controller_reflection|controller_source|policy_discovery,remove_fixed_role;define_semantic_permission;enforce_municipal_scope;preserve_active_mfa_log;add_http_security_tests
backoffice.official-documents.generate,backoffice/official-documents/generate,POST,"App\Http\Controllers\Backoffice\GeneratedOfficialDocumentController",generate,"web|auth|role:administrator,municipal_technician,jury,financial_manager,maintenance_manager,auditor",0,0,0,"role:administrator,municipal_technician,jury,financial_manager,maintenance_manager,auditor",,,0,0,,0,"App\Policies\GeneratedOfficialDocumentPolicy",create,confirmed,"App\Http\Requests\GenerateOfficialDocumentRequest",always_true,,1,applications.review,authenticated_user_and_route_bound_record,missing,0,0,1,0,"App\Models\GeneratedOfficialDocument",mutation,1,required,confirmed,1,documents,Documentos,47B,critical,low,not_detected,,laravel_route_collection|resolved_middleware|controller_reflection|controller_source|form_request_reflection|policy_discovery,remove_fixed_role;define_semantic_permission;enforce_municipal_scope;preserve_active_mfa_log;add_http_security_tests
backoffice.official-documents.index,backoffice/official-documents,GET,"App\Http\Controllers\Backoffice\GeneratedOfficialDocumentController",index,"web|auth|role:administrator,municipal_technician,jury,financial_manager,maintenance_manager,auditor",0,0,0,"role:administrator,municipal_technician,jury,financial_manager,maintenance_manager,auditor",,,1,1,documents.view,0,"App\Policies\GeneratedOfficialDocumentPolicy",viewAny,confirmed,,none,,1,applications.review,authenticated_user_and_route_bound_record,missing,0,0,1,0,"App\Models\GeneratedOfficialDocument",read,1,recommended,unknown,1,documents,Documentos,47B,critical,high,not_detected,,laravel_route_collection|resolved_middleware|controller_reflection|controller_source|policy_discovery|permission_catalog,remove_fixed_role;apply_permission:documents.view;enforce_municipal_scope;preserve_active_mfa_log;add_http_security_tests
backoffice.official-documents.issue,backoffice/official-documents/{generatedOfficialDocument}/issue,POST,"App\Http\Controllers\Backoffice\GeneratedOfficialDocumentController",issue,"web|auth|role:administrator,municipal_technician,jury,financial_manager,maintenance_manager,auditor",0,0,0,"role:administrator,municipal_technician,jury,financial_manager,maintenance_manager,auditor",,,1,1,documents.view,0,"App\Policies\GeneratedOfficialDocumentPolicy",update,confirmed,,none,,1,applications.review,authenticated_user_and_route_bound_record,missing,0,0,1,0,"App\Models\GeneratedOfficialDocument",mutation,1,required,confirmed,1,documents,Documentos,47B,critical,high,not_detected,,laravel_route_collection|resolved_middleware|controller_reflection|controller_source|policy_discovery|permission_catalog,remove_fixed_role;apply_permission:documents.view;enforce_municipal_scope;preserve_active_mfa_log;add_http_security_tests
backoffice.official-documents.show,backoffice/official-documents/{generatedOfficialDocument},GET,"App\Http\Controllers\Backoffice\GeneratedOfficialDocumentController",show,"web|auth|role:administrator,municipal_technician,jury,financial_manager,maintenance_manager,auditor",0,0,0,"role:administrator,municipal_technician,jury,financial_manager,maintenance_manager,auditor",,,1,1,documents.view,0,"App\Policies\GeneratedOfficialDocumentPolicy",view,confirmed,,none,,1,applications.review,authenticated_user_and_route_bound_record,missing,0,0,1,0,"App\Models\GeneratedOfficialDocument",read,1,recommended,unknown,1,documents,Documentos,47B,critical,high,not_detected,,laravel_route_collection|resolved_middleware|controller_reflection|controller_source|policy_discovery|permission_catalog,remove_fixed_role;apply_permission:documents.view;enforce_municipal_scope;preserve_active_mfa_log;add_http_security_tests
backoffice.procedure-templates.documents.generate,backoffice/procedure-templates/{procedureTemplate}/documents,POST,"App\Http\Controllers\Backoffice\ProcedureTemplateController",generateDocument,"web|auth|role:administrator,municipal_technician,jury,financial_manager,maintenance_manager,auditor",0,0,0,"role:administrator,municipal_technician,jury,financial_manager,maintenance_manager,auditor",,,0,0,,0,"App\Policies\ProcedureTemplatePolicy",view,confirmed,"App\Http\Requests\RenderProcedureTemplateRequest",custom,,0,,authenticated_user_and_route_bound_record,missing,0,0,1,0,"App\Models\ProcedureTemplate",mutation,1,required,confirmed,1,documents,Documentos,47B,critical,low,route_name_reference,tests/Feature/Sprint24BackofficeOperationalTest.php,laravel_route_collection|resolved_middleware|controller_reflection|controller_source|form_request_reflection|policy_discovery|existing_test_route_reference,remove_fixed_role;define_semantic_permission;enforce_municipal_scope;preserve_active_mfa_log;add_http_security_tests
documents.create,documents/create,GET,"App\Http\Controllers\DocumentController",create,"web|auth|role:administrator,municipal_technician,jury,financial_manager,maintenance_manager,auditor",0,0,0,"role:administrator,municipal_technician,jury,financial_manager,maintenance_manager,auditor",,,1,1,documents.create,0,"App\Policies\DocumentPolicy",create,inferred,,none,,1,applications.review,authenticated_user_and_route_bound_record,missing,0,0,1,0,"App\Models\Document",read,1,recommended,unknown,1,documents,Documentos,47B,critical,high,not_detected,,laravel_route_collection|resolved_middleware|controller_reflection|controller_source|policy_discovery|permission_catalog,remove_fixed_role;apply_permission:documents.create;enforce_municipal_scope;preserve_active_mfa_log;add_http_security_tests
documents.destroy,documents/{document},DELETE,"App\Http\Controllers\DocumentController",destroy,"web|auth|role:administrator,municipal_technician,jury,financial_manager,maintenance_manager,auditor",0,0,0,"role:administrator,municipal_technician,jury,financial_manager,maintenance_manager,auditor",,,1,1,documents.delete,0,"App\Policies\DocumentPolicy",delete,inferred,,none,,1,applications.review,authenticated_user_and_route_bound_record,missing,0,0,1,0,"App\Models\Document",mutation,1,required,missing,1,documents,Documentos,47B,critical,high,not_detected,,laravel_route_collection|resolved_middleware|controller_reflection|controller_source|policy_discovery|permission_catalog,remove_fixed_role;apply_permission:documents.delete;enforce_municipal_scope;preserve_active_mfa_log;add_http_security_tests
documents.edit,documents/{document}/edit,GET,"App\Http\Controllers\DocumentController",edit,"web|auth|role:administrator,municipal_technician,jury,financial_manager,maintenance_manager,auditor",0,0,0,"role:administrator,municipal_technician,jury,financial_manager,maintenance_manager,auditor",,,1,1,documents.update,0,"App\Policies\DocumentPolicy",update,inferred,,none,,1,applications.review,authenticated_user_and_route_bound_record,missing,0,0,1,0,"App\Models\Document",read,1,recommended,unknown,1,documents,Documentos,47B,critical,high,not_detected,,laravel_route_collection|resolved_middleware|controller_reflection|controller_source|policy_discovery|permission_catalog,remove_fixed_role;apply_permission:documents.update;enforce_municipal_scope;preserve_active_mfa_log;add_http_security_tests
documents.index,documents,GET,"App\Http\Controllers\DocumentController",index,"web|auth|role:administrator,municipal_technician,jury,financial_manager,maintenance_manager,auditor",0,0,0,"role:administrator,municipal_technician,jury,financial_manager,maintenance_manager,auditor",,,1,1,documents.view,0,"App\Policies\DocumentPolicy",viewAny,inferred,,none,,1,applications.review,authenticated_user_and_route_bound_record,missing,0,0,1,0,"App\Models\Document",read,1,recommended,unknown,1,documents,Documentos,47B,critical,high,not_detected,,laravel_route_collection|resolved_middleware|controller_reflection|controller_source|policy_discovery|permission_catalog,remove_fixed_role;apply_permission:documents.view;enforce_municipal_scope;preserve_active_mfa_log;add_http_security_tests
documents.show,documents/{document},GET,"App\Http\Controllers\DocumentController",show,"web|auth|role:administrator,municipal_technician,jury,financial_manager,maintenance_manager,auditor",0,0,0,"role:administrator,municipal_technician,jury,financial_manager,maintenance_manager,auditor",,,1,1,documents.view,0,"App\Policies\DocumentPolicy",view,inferred,,none,,1,applications.review,authenticated_user_and_route_bound_record,missing,0,0,1,0,"App\Models\Document",read,1,recommended,unknown,1,documents,Documentos,47B,critical,high,not_detected,,laravel_route_collection|resolved_middleware|controller_reflection|controller_source|policy_discovery|permission_catalog,remove_fixed_role;apply_permission:documents.view;enforce_municipal_scope;preserve_active_mfa_log;add_http_security_tests
documents.store,documents,POST,"App\Http\Controllers\DocumentController",store,"web|auth|role:administrator,municipal_technician,jury,financial_manager,maintenance_manager,auditor",0,0,0,"role:administrator,municipal_technician,jury,financial_manager,maintenance_manager,auditor",,,1,1,documents.create,0,"App\Policies\DocumentPolicy",create,inferred,"App\Http\Requests\StoreDocumentRequest",always_true,,1,applications.review,authenticated_user_and_route_bound_record,missing,0,0,1,0,"App\Models\Document",mutation,1,required,missing,1,documents,Documentos,47B,critical,high,not_detected,,laravel_route_collection|resolved_middleware|controller_reflection|controller_source|form_request_reflection|policy_discovery|permission_catalog,remove_fixed_role;apply_permission:documents.create;enforce_municipal_scope;preserve_active_mfa_log;add_http_security_tests
documents.update,documents/{document},PUT|PATCH,"App\Http\Controllers\DocumentController",update,"web|auth|role:administrator,municipal_technician,jury,financial_manager,maintenance_manager,auditor",0,0,0,"role:administrator,municipal_technician,jury,financial_manager,maintenance_manager,auditor",,,1,1,documents.update,0,"App\Policies\DocumentPolicy",update,inferred,"App\Http\Requests\UpdateDocumentRequest",always_true,,1,applications.review,authenticated_user_and_route_bound_record,missing,0,0,1,0,"App\Models\Document",mutation,1,required,missing,1,documents,Documentos,47B,critical,high,not_detected,,laravel_route_collection|resolved_middleware|controller_reflection|controller_source|form_request_reflection|policy_discovery|permission_catalog,remove_fixed_role;apply_permission:documents.update;enforce_municipal_scope;preserve_active_mfa_log;add_http_security_tests
backoffice.administrative-decisions.approve,backoffice/administrative-decisions/{administrativeDecision}/approve,POST,"App\Http\Controllers\Backoffice\AdministrativeDecisionController",approve,"web|auth|role:administrator,municipal_technician,jury,financial_manager,maintenance_manager,auditor",0,0,0,"role:administrator,municipal_technician,jury,financial_manager,maintenance_manager,auditor",,,1,1,administrative_processes.approve,0,"App\Policies\AdministrativeDecisionPolicy",approve,confirmed,"App\Http\Requests\ApproveAdministrativeDecisionRequest",always_true,,0,,authenticated_user_and_route_bound_record,missing,0,0,1,0,"App\Models\AdministrativeDecision",mutation,1,required,confirmed,1,decisions,Decisões,47C,critical,high,not_detected,,laravel_route_collection|resolved_middleware|controller_reflection|controller_source|form_request_reflection|policy_discovery|permission_catalog,remove_fixed_role;apply_permission:administrative_processes.approve;enforce_municipal_scope;preserve_active_mfa_log;add_http_security_tests
backoffice.administrative-decisions.cancel,backoffice/administrative-decisions/{administrativeDecision}/cancel,POST,"App\Http\Controllers\Backoffice\AdministrativeDecisionController",cancel,"web|auth|role:administrator,municipal_technician,jury,financial_manager,maintenance_manager,auditor",0,0,0,"role:administrator,municipal_technician,jury,financial_manager,maintenance_manager,auditor",,,0,0,,0,"App\Policies\AdministrativeDecisionPolicy",approve,confirmed,,none,,0,,authenticated_user_and_route_bound_record,missing,0,0,1,0,"App\Models\AdministrativeDecision",mutation,1,required,confirmed,1,decisions,Decisões,47C,critical,low,not_detected,,laravel_route_collection|resolved_middleware|controller_reflection|controller_source|policy_discovery,remove_fixed_role;define_semantic_permission;enforce_municipal_scope;preserve_active_mfa_log;add_http_security_tests
backoffice.administrative-decisions.create-admission,backoffice/administrative-processes/{administrativeProcess}/decisions/create-admission,GET,"App\Http\Controllers\Backoffice\AdministrativeDecisionController",createAdmission,"web|auth|role:administrator,municipal_technician,jury,financial_manager,maintenance_manager,auditor",0,0,0,"role:administrator,municipal_technician,jury,financial_manager,maintenance_manager,auditor",,,1,1,administrative_processes.create,0,"App\Policies\AdministrativeProcessPolicy",create,confirmed,,none,,0,,authenticated_user_and_route_bound_record,confirmed,1,0,1,0,"App\Models\AdministrativeProcess",read,1,recommended,confirmed,1,decisions,Decisões,47C,critical,high,not_detected,,laravel_route_collection|resolved_middleware|controller_reflection|controller_source|policy_discovery|permission_catalog,remove_fixed_role;apply_permission:administrative_processes.create;preserve_active_mfa_log;add_http_security_tests
backoffice.administrative-decisions.create-non-admission,backoffice/administrative-processes/{administrativeProcess}/decisions/create-non-admission,GET,"App\Http\Controllers\Backoffice\AdministrativeDecisionController",createNonAdmission,"web|auth|role:administrator,municipal_technician,jury,financial_manager,maintenance_manager,auditor",0,0,0,"role:administrator,municipal_technician,jury,financial_manager,maintenance_manager,auditor",,,1,1,administrative_processes.create,0,"App\Policies\AdministrativeProcessPolicy",create,confirmed,,none,,0,,authenticated_user_and_route_bound_record,confirmed,1,0,1,0,"App\Models\AdministrativeProcess",read,1,recommended,confirmed,1,decisions,Decisões,47C,critical,high,not_detected,,laravel_route_collection|resolved_middleware|controller_reflection|controller_source|policy_discovery|permission_catalog,remove_fixed_role;apply_permission:administrative_processes.create;preserve_active_mfa_log;add_http_security_tests
backoffice.administrative-decisions.show,backoffice/administrative-decisions/{administrativeDecision},GET,"App\Http\Controllers\Backoffice\AdministrativeDecisionController",show,"web|auth|role:administrator,municipal_technician,jury,financial_manager,maintenance_manager,auditor",0,0,0,"role:administrator,municipal_technician,jury,financial_manager,maintenance_manager,auditor",,,1,1,administrative_processes.view,0,"App\Policies\AdministrativeDecisionPolicy",view,confirmed,,none,,0,,authenticated_user_and_route_bound_record,missing,0,0,1,0,"App\Models\AdministrativeDecision",read,1,recommended,confirmed,1,decisions,Decisões,47C,critical,high,not_detected,,laravel_route_collection|resolved_middleware|controller_reflection|controller_source|policy_discovery|permission_catalog,remove_fixed_role;apply_permission:administrative_processes.view;enforce_municipal_scope;preserve_active_mfa_log;add_http_security_tests
backoffice.administrative-decisions.store-admission,backoffice/administrative-processes/{administrativeProcess}/decisions/admission,POST,"App\Http\Controllers\Backoffice\AdministrativeDecisionController",storeAdmission,"web|auth|role:administrator,municipal_technician,jury,financial_manager,maintenance_manager,auditor",0,0,0,"role:administrator,municipal_technician,jury,financial_manager,maintenance_manager,auditor",,,1,1,administrative_processes.create,0,"App\Policies\AdministrativeProcessPolicy",create,confirmed,"App\Http\Requests\StoreAdministrativeDecisionRequest",always_true,,0,,authenticated_user_and_route_bound_record,confirmed,1,0,1,0,"App\Models\AdministrativeProcess",mutation,1,required,confirmed,1,decisions,Decisões,47C,critical,high,route_name_reference,tests/Feature/Sprint9AdministrativeWorkflowTest.php,laravel_route_collection|resolved_middleware|controller_reflection|controller_source|form_request_reflection|policy_discovery|permission_catalog|existing_test_route_reference,remove_fixed_role;apply_permission:administrative_processes.create;preserve_active_mfa_log;add_http_security_tests
backoffice.administrative-decisions.store-non-admission,backoffice/administrative-processes/{administrativeProcess}/decisions/non-admission,POST,"App\Http\Controllers\Backoffice\AdministrativeDecisionController",storeNonAdmission,"web|auth|role:administrator,municipal_technician,jury,financial_manager,maintenance_manager,auditor",0,0,0,"role:administrator,municipal_technician,jury,financial_manager,maintenance_manager,auditor",,,1,1,administrative_processes.create,0,"App\Policies\AdministrativeProcessPolicy",create,confirmed,"App\Http\Requests\StoreAdministrativeDecisionRequest",always_true,,0,,authenticated_user_and_route_bound_record,confirmed,1,0,1,0,"App\Models\AdministrativeProcess",mutation,1,required,confirmed,1,decisions,Decisões,47C,critical,high,not_detected,,laravel_route_collection|resolved_middleware|controller_reflection|controller_source|form_request_reflection|policy_discovery|permission_catalog,remove_fixed_role;apply_permission:administrative_processes.create;preserve_active_mfa_log;add_http_security_tests
backoffice.complaint-decisions.approve,backoffice/complaint-decisions/{complaintDecision}/approve,POST,"App\Http\Controllers\Backoffice\ComplaintDecisionController",approve,"web|auth|role:administrator,municipal_technician,jury,financial_manager,maintenance_manager,auditor",0,0,0,"role:administrator,municipal_technician,jury,financial_manager,maintenance_manager,auditor",,,1,1,administrative_processes.approve,0,"App\Policies\ComplaintDecisionPolicy",approve,confirmed,"App\Http\Requests\ApproveComplaintDecisionRequest",always_true,,0,,authenticated_user_and_route_bound_record,missing,0,0,1,0,"App\Models\ComplaintDecision",mutation,1,required,confirmed,1,decisions,Decisões,47C,critical,high,route_name_reference,tests/Feature/Sprint11ListsComplaintsHearingTest.php,laravel_route_collection|resolved_middleware|controller_reflection|controller_source|form_request_reflection|policy_discovery|permission_catalog|existing_test_route_reference,remove_fixed_role;apply_permission:administrative_processes.approve;enforce_municipal_scope;preserve_active_mfa_log;add_http_security_tests
backoffice.complaint-decisions.cancel,backoffice/complaint-decisions/{complaintDecision}/cancel,POST,"App\Http\Controllers\Backoffice\ComplaintDecisionController",cancel,"web|auth|role:administrator,municipal_technician,jury,financial_manager,maintenance_manager,auditor",0,0,0,"role:administrator,municipal_technician,jury,financial_manager,maintenance_manager,auditor",,,0,0,,0,"App\Policies\ComplaintDecisionPolicy",approve,confirmed,,none,,0,,authenticated_user_and_route_bound_record,missing,0,0,1,0,"App\Models\ComplaintDecision",mutation,1,required,confirmed,1,decisions,Decisões,47C,critical,low,not_detected,,laravel_route_collection|resolved_middleware|controller_reflection|controller_source|policy_discovery,remove_fixed_role;define_semantic_permission;enforce_municipal_scope;preserve_active_mfa_log;add_http_security_tests
backoffice.complaint-decisions.create,backoffice/complaints/{complaint}/decisions/create,GET,"App\Http\Controllers\Backoffice\ComplaintDecisionController",create,"web|auth|role:administrator,municipal_technician,jury,financial_manager,maintenance_manager,auditor",0,0,0,"role:administrator,municipal_technician,jury,financial_manager,maintenance_manager,auditor",,,1,1,administrative_processes.create,0,"App\Policies\ComplaintPolicy",create,confirmed,,none,,0,,authenticated_user_and_route_bound_record,missing,0,0,1,0,"App\Models\Complaint",read,1,recommended,confirmed,1,decisions,Decisões,47C,critical,high,not_detected,,laravel_route_collection|resolved_middleware|controller_reflection|controller_source|policy_discovery|permission_catalog,remove_fixed_role;apply_permission:administrative_processes.create;enforce_municipal_scope;preserve_active_mfa_log;add_http_security_tests
backoffice.complaint-decisions.show,backoffice/complaint-decisions/{complaintDecision},GET,"App\Http\Controllers\Backoffice\ComplaintDecisionController",show,"web|auth|role:administrator,municipal_technician,jury,financial_manager,maintenance_manager,auditor",0,0,0,"role:administrator,municipal_technician,jury,financial_manager,maintenance_manager,auditor",,,1,1,administrative_processes.view,0,"App\Policies\ComplaintDecisionPolicy",view,confirmed,,none,,0,,authenticated_user_and_route_bound_record,missing,0,0,1,0,"App\Models\ComplaintDecision",read,1,recommended,confirmed,1,decisions,Decisões,47C,critical,high,not_detected,,laravel_route_collection|resolved_middleware|controller_reflection|controller_source|policy_discovery|permission_catalog,remove_fixed_role;apply_permission:administrative_processes.view;enforce_municipal_scope;preserve_active_mfa_log;add_http_security_tests
backoffice.complaint-decisions.store,backoffice/complaints/{complaint}/decisions,POST,"App\Http\Controllers\Backoffice\ComplaintDecisionController",store,"web|auth|role:administrator,municipal_technician,jury,financial_manager,maintenance_manager,auditor",0,0,0,"role:administrator,municipal_technician,jury,financial_manager,maintenance_manager,auditor",,,1,1,administrative_processes.create,0,"App\Policies\ComplaintPolicy",create,confirmed,"App\Http\Requests\StoreComplaintDecisionRequest",always_true,,0,,authenticated_user_and_route_bound_record,missing,0,0,1,0,"App\Models\Complaint",mutation,1,required,confirmed,1,decisions,Decisões,47C,critical,high,route_name_reference,tests/Feature/Sprint11ListsComplaintsHearingTest.php,laravel_route_collection|resolved_middleware|controller_reflection|controller_source|form_request_reflection|policy_discovery|permission_catalog|existing_test_route_reference,remove_fixed_role;apply_permission:administrative_processes.create;enforce_municipal_scope;preserve_active_mfa_log;add_http_security_tests
backoffice.eligibility.criteria.activate,backoffice/eligibility/criteria/{eligibilityCriterion}/activate,POST,"App\Http\Controllers\Backoffice\EligibilityCriterionController",activate,"web|auth|role:administrator,municipal_technician,jury,financial_manager,maintenance_manager,auditor",0,0,0,"role:administrator,municipal_technician,jury,financial_manager,maintenance_manager,auditor",,,0,0,,0,"App\Policies\EligibilityCriterionPolicy",activate,confirmed,,none,,1,applications.review,authenticated_user_and_route_bound_record,missing,0,0,1,0,"App\Models\EligibilityCriterion",mutation,1,required,confirmed,1,eligibility,Elegibilidade,47C,high,low,not_detected,,laravel_route_collection|resolved_middleware|controller_reflection|controller_source|policy_discovery,remove_fixed_role;define_semantic_permission;enforce_municipal_scope;preserve_active_mfa_log;add_http_security_tests
backoffice.eligibility.criteria.create,backoffice/eligibility/rule-sets/{eligibilityRuleSet}/criteria/create,GET,"App\Http\Controllers\Backoffice\EligibilityCriterionController",create,"web|auth|role:administrator,municipal_technician,jury,financial_manager,maintenance_manager,auditor",0,0,0,"role:administrator,municipal_technician,jury,financial_manager,maintenance_manager,auditor",,,1,1,eligibility.create,0,"App\Policies\EligibilityRuleSetPolicy",create,confirmed,,none,,1,applications.review,authenticated_user_and_route_bound_record,missing,0,0,1,0,"App\Models\EligibilityRuleSet",read,0,recommended,confirmed,1,eligibility,Elegibilidade,47C,high,high,route_name_reference,tests/Feature/Sprint7EligibilityEngineTest.php,laravel_route_collection|resolved_middleware|controller_reflection|controller_source|policy_discovery|permission_catalog|existing_test_route_reference,remove_fixed_role;apply_permission:eligibility.create;enforce_municipal_scope;preserve_active_mfa_log;add_http_security_tests
backoffice.eligibility.criteria.edit,backoffice/eligibility/criteria/{eligibilityCriterion}/edit,GET,"App\Http\Controllers\Backoffice\EligibilityCriterionController",edit,"web|auth|role:administrator,municipal_technician,jury,financial_manager,maintenance_manager,auditor",0,0,0,"role:administrator,municipal_technician,jury,financial_manager,maintenance_manager,auditor",,,1,1,eligibility.update,0,"App\Policies\EligibilityCriterionPolicy",update,confirmed,,none,,1,applications.review,authenticated_user_and_route_bound_record,missing,0,0,1,0,"App\Models\EligibilityCriterion",read,0,recommended,confirmed,1,eligibility,Elegibilidade,47C,high,high,not_detected,,laravel_route_collection|resolved_middleware|controller_reflection|controller_source|policy_discovery|permission_catalog,remove_fixed_role;apply_permission:eligibility.update;enforce_municipal_scope;preserve_active_mfa_log;add_http_security_tests
backoffice.eligibility.criteria.inactivate,backoffice/eligibility/criteria/{eligibilityCriterion}/inactivate,POST,"App\Http\Controllers\Backoffice\EligibilityCriterionController",inactivate,"web|auth|role:administrator,municipal_technician,jury,financial_manager,maintenance_manager,auditor",0,0,0,"role:administrator,municipal_technician,jury,financial_manager,maintenance_manager,auditor",,,0,0,,0,"App\Policies\EligibilityCriterionPolicy",activate,confirmed,,none,,1,applications.review,authenticated_user_and_route_bound_record,missing,0,0,1,0,"App\Models\EligibilityCriterion",mutation,1,required,confirmed,1,eligibility,Elegibilidade,47C,high,low,not_detected,,laravel_route_collection|resolved_middleware|controller_reflection|controller_source|policy_discovery,remove_fixed_role;define_semantic_permission;enforce_municipal_scope;preserve_active_mfa_log;add_http_security_tests
backoffice.eligibility.criteria.index,backoffice/eligibility/rule-sets/{eligibilityRuleSet}/criteria,GET,"App\Http\Controllers\Backoffice\EligibilityCriterionController",index,"web|auth|role:administrator,municipal_technician,jury,financial_manager,maintenance_manager,auditor",0,0,0,"role:administrator,municipal_technician,jury,financial_manager,maintenance_manager,auditor",,,1,1,eligibility.view,0,"App\Policies\EligibilityRuleSetPolicy",view,confirmed,,none,,1,applications.review,authenticated_user_and_route_bound_record,missing,0,0,1,0,"App\Models\EligibilityRuleSet",read,0,recommended,confirmed,1,eligibility,Elegibilidade,47C,high,high,not_detected,,laravel_route_collection|resolved_middleware|controller_reflection|controller_source|policy_discovery|permission_catalog,remove_fixed_role;apply_permission:eligibility.view;enforce_municipal_scope;preserve_active_mfa_log;add_http_security_tests
backoffice.eligibility.criteria.store,backoffice/eligibility/rule-sets/{eligibilityRuleSet}/criteria,POST,"App\Http\Controllers\Backoffice\EligibilityCriterionController",store,"web|auth|role:administrator,municipal_technician,jury,financial_manager,maintenance_manager,auditor",0,0,0,"role:administrator,municipal_technician,jury,financial_manager,maintenance_manager,auditor",,,1,1,eligibility.create,0,"App\Policies\EligibilityRuleSetPolicy",create,confirmed,"App\Http\Requests\StoreEligibilityCriterionRequest",always_false,,1,applications.review,authenticated_user_and_route_bound_record,missing,0,0,1,0,"App\Models\EligibilityRuleSet",mutation,1,required,confirmed,1,eligibility,Elegibilidade,47C,high,high,route_name_reference,tests/Feature/Sprint7EligibilityEngineTest.php,laravel_route_collection|resolved_middleware|controller_reflection|controller_source|form_request_reflection|policy_discovery|permission_catalog|existing_test_route_reference,remove_fixed_role;apply_permission:eligibility.create;enforce_municipal_scope;preserve_active_mfa_log;add_http_security_tests
backoffice.eligibility.criteria.update,backoffice/eligibility/criteria/{eligibilityCriterion},PUT|PATCH,"App\Http\Controllers\Backoffice\EligibilityCriterionController",update,"web|auth|role:administrator,municipal_technician,jury,financial_manager,maintenance_manager,auditor",0,0,0,"role:administrator,municipal_technician,jury,financial_manager,maintenance_manager,auditor",,,1,1,eligibility.update,0,"App\Policies\EligibilityCriterionPolicy",update,confirmed,"App\Http\Requests\UpdateEligibilityCriterionRequest",gate_or_policy,,1,applications.review,authenticated_user_and_route_bound_record,missing,0,0,1,0,"App\Models\EligibilityCriterion",mutation,1,required,confirmed,1,eligibility,Elegibilidade,47C,high,high,route_name_reference,tests/Feature/Sprint7EligibilityEngineTest.php,laravel_route_collection|resolved_middleware|controller_reflection|controller_source|form_request_reflection|policy_discovery|permission_catalog|existing_test_route_reference,remove_fixed_role;apply_permission:eligibility.update;enforce_municipal_scope;preserve_active_mfa_log;add_http_security_tests
backoffice.eligibility.rule-sets.activate,backoffice/eligibility/rule-sets/{eligibilityRuleSet}/activate,POST,"App\Http\Controllers\Backoffice\EligibilityRuleSetController",activate,"web|auth|role:administrator,municipal_technician,jury,financial_manager,maintenance_manager,auditor",0,0,0,"role:administrator,municipal_technician,jury,financial_manager,maintenance_manager,auditor",,,0,0,,0,"App\Policies\EligibilityRuleSetPolicy",activate,confirmed,,none,,1,applications.review,authenticated_user_and_route_bound_record,missing,0,0,1,0,"App\Models\EligibilityRuleSet",mutation,1,required,confirmed,1,eligibility,Elegibilidade,47C,high,low,route_name_reference,tests/Feature/Sprint7EligibilityEngineTest.php,laravel_route_collection|resolved_middleware|controller_reflection|controller_source|policy_discovery|existing_test_route_reference,remove_fixed_role;define_semantic_permission;enforce_municipal_scope;preserve_active_mfa_log;add_http_security_tests
backoffice.eligibility.rule-sets.archive,backoffice/eligibility/rule-sets/{eligibilityRuleSet}/archive,POST,"App\Http\Controllers\Backoffice\EligibilityRuleSetController",archive,"web|auth|role:administrator,municipal_technician,jury,financial_manager,maintenance_manager,auditor",0,0,0,"role:administrator,municipal_technician,jury,financial_manager,maintenance_manager,auditor",,,1,1,eligibility.update,0,"App\Policies\EligibilityRuleSetPolicy",archive,confirmed,,none,,1,applications.review,authenticated_user_and_route_bound_record,missing,0,0,1,0,"App\Models\EligibilityRuleSet",mutation,1,required,confirmed,1,eligibility,Elegibilidade,47C,high,high,route_name_reference,tests/Feature/Sprint7EligibilityEngineTest.php,laravel_route_collection|resolved_middleware|controller_reflection|controller_source|policy_discovery|permission_catalog|existing_test_route_reference,remove_fixed_role;apply_permission:eligibility.update;enforce_municipal_scope;preserve_active_mfa_log;add_http_security_tests
backoffice.eligibility.rule-sets.create,backoffice/eligibility/rule-sets/create,GET,"App\Http\Controllers\Backoffice\EligibilityRuleSetController",create,"web|auth|role:administrator,municipal_technician,jury,financial_manager,maintenance_manager,auditor",0,0,0,"role:administrator,municipal_technician,jury,financial_manager,maintenance_manager,auditor",,,1,1,eligibility.create,0,"App\Policies\EligibilityRuleSetPolicy",create,confirmed,,none,,1,applications.review,authenticated_user_and_route_bound_record,missing,0,0,1,0,"App\Models\EligibilityRuleSet",read,0,recommended,confirmed,1,eligibility,Elegibilidade,47C,high,high,not_detected,,laravel_route_collection|resolved_middleware|controller_reflection|controller_source|policy_discovery|permission_catalog,remove_fixed_role;apply_permission:eligibility.create;enforce_municipal_scope;preserve_active_mfa_log;add_http_security_tests
backoffice.eligibility.rule-sets.duplicate,backoffice/eligibility/rule-sets/{eligibilityRuleSet}/duplicate,POST,"App\Http\Controllers\Backoffice\EligibilityRuleSetController",duplicate,"web|auth|role:administrator,municipal_technician,jury,financial_manager,maintenance_manager,auditor",0,0,0,"role:administrator,municipal_technician,jury,financial_manager,maintenance_manager,auditor",,,1,1,eligibility.create,0,"App\Policies\EligibilityRuleSetPolicy",duplicate,confirmed,,none,,1,applications.review,authenticated_user_and_route_bound_record,missing,0,0,1,0,"App\Models\EligibilityRuleSet",mutation,1,required,confirmed,1,eligibility,Elegibilidade,47C,high,high,not_detected,,laravel_route_collection|resolved_middleware|controller_reflection|controller_source|policy_discovery|permission_catalog,remove_fixed_role;apply_permission:eligibility.create;enforce_municipal_scope;preserve_active_mfa_log;add_http_security_tests
backoffice.eligibility.rule-sets.edit,backoffice/eligibility/rule-sets/{eligibilityRuleSet}/edit,GET,"App\Http\Controllers\Backoffice\EligibilityRuleSetController",edit,"web|auth|role:administrator,municipal_technician,jury,financial_manager,maintenance_manager,auditor",0,0,0,"role:administrator,municipal_technician,jury,financial_manager,maintenance_manager,auditor",,,1,1,eligibility.update,0,"App\Policies\EligibilityRuleSetPolicy",update,confirmed,,none,,1,applications.review,authenticated_user_and_route_bound_record,missing,0,0,1,0,"App\Models\EligibilityRuleSet",read,0,recommended,confirmed,1,eligibility,Elegibilidade,47C,high,high,not_detected,,laravel_route_collection|resolved_middleware|controller_reflection|controller_source|policy_discovery|permission_catalog,remove_fixed_role;apply_permission:eligibility.update;enforce_municipal_scope;preserve_active_mfa_log;add_http_security_tests
backoffice.eligibility.rule-sets.index,backoffice/eligibility/rule-sets,GET,"App\Http\Controllers\Backoffice\EligibilityRuleSetController",index,"web|auth|role:administrator,municipal_technician,jury,financial_manager,maintenance_manager,auditor",0,0,0,"role:administrator,municipal_technician,jury,financial_manager,maintenance_manager,auditor",,,1,1,eligibility.view,0,"App\Policies\EligibilityRuleSetPolicy",viewAny,confirmed,,none,,1,applications.review,authenticated_user_and_route_bound_record,missing,0,0,1,0,"App\Models\EligibilityRuleSet",read,0,recommended,confirmed,1,eligibility,Elegibilidade,47C,high,high,route_name_reference,tests/Feature/Sprint7EligibilityEngineTest.php,laravel_route_collection|resolved_middleware|controller_reflection|controller_source|policy_discovery|permission_catalog|existing_test_route_reference,remove_fixed_role;apply_permission:eligibility.view;enforce_municipal_scope;preserve_active_mfa_log;add_http_security_tests
backoffice.eligibility.rule-sets.show,backoffice/eligibility/rule-sets/{eligibilityRuleSet},GET,"App\Http\Controllers\Backoffice\EligibilityRuleSetController",show,"web|auth|role:administrator,municipal_technician,jury,financial_manager,maintenance_manager,auditor",0,0,0,"role:administrator,municipal_technician,jury,financial_manager,maintenance_manager,auditor",,,1,1,eligibility.view,0,"App\Policies\EligibilityRuleSetPolicy",view,confirmed,,none,,1,applications.review,authenticated_user_and_route_bound_record,missing,0,0,1,0,"App\Models\EligibilityRuleSet",read,0,recommended,confirmed,1,eligibility,Elegibilidade,47C,high,high,not_detected,,laravel_route_collection|resolved_middleware|controller_reflection|controller_source|policy_discovery|permission_catalog,remove_fixed_role;apply_permission:eligibility.view;enforce_municipal_scope;preserve_active_mfa_log;add_http_security_tests
backoffice.eligibility.rule-sets.store,backoffice/eligibility/rule-sets,POST,"App\Http\Controllers\Backoffice\EligibilityRuleSetController",store,"web|auth|role:administrator,municipal_technician,jury,financial_manager,maintenance_manager,auditor",0,0,0,"role:administrator,municipal_technician,jury,financial_manager,maintenance_manager,auditor",,,1,1,eligibility.create,0,"App\Policies\EligibilityRuleSetPolicy",create,confirmed,"App\Http\Requests\StoreEligibilityRuleSetRequest",gate_or_policy,,1,applications.review,authenticated_user_and_route_bound_record,missing,0,0,1,0,"App\Models\EligibilityRuleSet",mutation,1,required,confirmed,1,eligibility,Elegibilidade,47C,high,high,route_name_reference,tests/Feature/Sprint7EligibilityEngineTest.php,laravel_route_collection|resolved_middleware|controller_reflection|controller_source|form_request_reflection|policy_discovery|permission_catalog|existing_test_route_reference,remove_fixed_role;apply_permission:eligibility.create;enforce_municipal_scope;preserve_active_mfa_log;add_http_security_tests
backoffice.eligibility.rule-sets.update,backoffice/eligibility/rule-sets/{eligibilityRuleSet},PUT|PATCH,"App\Http\Controllers\Backoffice\EligibilityRuleSetController",update,"web|auth|role:administrator,municipal_technician,jury,financial_manager,maintenance_manager,auditor",0,0,0,"role:administrator,municipal_technician,jury,financial_manager,maintenance_manager,auditor",,,1,1,eligibility.update,0,"App\Policies\EligibilityRuleSetPolicy",update,confirmed,"App\Http\Requests\UpdateEligibilityRuleSetRequest",gate_or_policy,,1,applications.review,authenticated_user_and_route_bound_record,missing,0,0,1,0,"App\Models\EligibilityRuleSet",mutation,1,required,confirmed,1,eligibility,Elegibilidade,47C,high,high,route_name_reference,tests/Feature/Sprint7EligibilityEngineTest.php,laravel_route_collection|resolved_middleware|controller_reflection|controller_source|form_request_reflection|policy_discovery|permission_catalog|existing_test_route_reference,remove_fixed_role;apply_permission:eligibility.update;enforce_municipal_scope;preserve_active_mfa_log;add_http_security_tests
backoffice.document-ai.assistant.score,backoffice/documentos/ia/assistente/scores/{score},GET,"App\Http\Controllers\Backoffice\DocumentAiAssistantController",score,"web|auth|role:administrator,municipal_technician,jury,financial_manager,maintenance_manager,auditor",0,0,0,"role:administrator,municipal_technician,jury,financial_manager,maintenance_manager,auditor",,,1,1,scoring.view,0,"App\Policies\DocumentAiScorePolicy",view,confirmed,,none,,0,,authenticated_user_and_route_bound_record,missing,0,0,1,0,"App\Models\DocumentAiScore",read,0,not_required,confirmed,0,scoring,Classificação,47C,high,high,not_detected,,laravel_route_collection|resolved_middleware|controller_reflection|controller_source|policy_discovery|permission_catalog,remove_fixed_role;apply_permission:scoring.view;enforce_municipal_scope;preserve_active_mfa_log;add_http_security_tests
backoffice.document-ai.classifications.index,backoffice/documentos/ia/classificacoes,GET,"App\Http\Controllers\Backoffice\DocumentAiClassificationController",index,"web|auth|role:administrator,municipal_technician,jury,financial_manager,maintenance_manager,auditor",0,0,0,"role:administrator,municipal_technician,jury,financial_manager,maintenance_manager,auditor",,,1,1,scoring.view,0,,viewAny,confirmed,"App\Http\Requests\Backoffice\FilterDocumentAiClassificationsRequest",gate_or_policy,,0,,authenticated_user,candidate,,0,1,0,,read,0,not_required,confirmed,0,scoring,Classificação,47C,high,medium,route_name_reference,tests/Feature/DocumentIntelligence/DocumentAiClassificationPanelTest.php,laravel_route_collection|resolved_middleware|controller_reflection|controller_source|form_request_reflection|permission_catalog|existing_test_route_reference,remove_fixed_role;apply_permission:scoring.view;preserve_active_mfa_log;add_http_security_tests
backoffice.document-ai.classifications.manual-review,backoffice/documentos/ia/classificacoes/{analysis}/revisao-manual,POST,"App\Http\Controllers\Backoffice\DocumentAiClassificationController",markManualReview,"web|auth|role:administrator,municipal_technician,jury,financial_manager,maintenance_manager,auditor",0,0,0,"role:administrator,municipal_technician,jury,financial_manager,maintenance_manager,auditor",,,1,1,scoring.update,0,"App\Policies\DocumentAiAnalysisPolicy",markManualReview,confirmed,"App\Http\Requests\Backoffice\MarkDocumentAiManualReviewRequest",gate_or_policy,,0,,authenticated_user_and_route_bound_record,missing,0,0,1,0,"App\Models\DocumentAiAnalysis",mutation,1,required,confirmed,0,scoring,Classificação,47C,high,high,route_name_reference,tests/Feature/DocumentIntelligence/DocumentAiClassificationPanelTest.php,laravel_route_collection|resolved_middleware|controller_reflection|controller_source|form_request_reflection|policy_discovery|permission_catalog|existing_test_route_reference,remove_fixed_role;apply_permission:scoring.update;enforce_municipal_scope;preserve_active_mfa_log;add_http_security_tests
backoffice.document-ai.classifications.show,backoffice/documentos/ia/classificacoes/{analysis},GET,"App\Http\Controllers\Backoffice\DocumentAiClassificationController",show,"web|auth|role:administrator,municipal_technician,jury,financial_manager,maintenance_manager,auditor",0,0,0,"role:administrator,municipal_technician,jury,financial_manager,maintenance_manager,auditor",,,1,1,scoring.view,0,"App\Policies\DocumentAiAnalysisPolicy",view,confirmed,,none,,0,,authenticated_user_and_route_bound_record,missing,0,0,1,0,"App\Models\DocumentAiAnalysis",read,0,not_required,confirmed,0,scoring,Classificação,47C,high,high,route_name_reference,tests/Feature/DocumentIntelligence/DocumentAiClassificationPanelTest.php,laravel_route_collection|resolved_middleware|controller_reflection|controller_source|policy_discovery|permission_catalog|existing_test_route_reference,remove_fixed_role;apply_permission:scoring.view;enforce_municipal_scope;preserve_active_mfa_log;add_http_security_tests
backoffice.lottery-draws.ranking.update,backoffice/sorteios/{lotteryDraw}/ranking/atualizar,POST,"App\Http\Controllers\Backoffice\RankingUpdateRunController",apply,"web|auth|role:administrator,municipal_technician,jury,financial_manager,maintenance_manager,auditor",0,0,0,"role:administrator,municipal_technician,jury,financial_manager,maintenance_manager,auditor",,,1,1,scoring.view,0,"App\Policies\LotteryDrawPolicy",create,confirmed,"App\Http\Requests\ApplyRankingUpdateRequest",always_true,,0,,authenticated_user_and_route_bound_record,missing,0,0,1,0,"App\Models\LotteryDraw",mutation,1,required,confirmed,0,scoring,Classificação,47C,high,high,route_name_reference,tests/Feature/Backoffice/LotteryClosureFlowTest.php,laravel_route_collection|resolved_middleware|controller_reflection|controller_source|form_request_reflection|policy_discovery|permission_catalog|existing_test_route_reference,remove_fixed_role;apply_permission:scoring.view;enforce_municipal_scope;preserve_active_mfa_log;add_http_security_tests
backoffice.scoring.application-scores.index,backoffice/scoring/application-scores,GET,"App\Http\Controllers\Backoffice\ApplicationScoreController",index,"web|auth|role:administrator,municipal_technician,jury,financial_manager,maintenance_manager,auditor",0,0,0,"role:administrator,municipal_technician,jury,financial_manager,maintenance_manager,auditor",,,1,1,scoring.view,0,"App\Policies\ApplicationScorePolicy",viewAny,confirmed,,none,,0,,authenticated_user_and_route_bound_record,missing,0,0,1,0,"App\Models\ApplicationScore",read,0,not_required,confirmed,0,scoring,Classificação,47C,high,high,not_detected,,laravel_route_collection|resolved_middleware|controller_reflection|controller_source|policy_discovery|permission_catalog,remove_fixed_role;apply_permission:scoring.view;enforce_municipal_scope;preserve_active_mfa_log;add_http_security_tests
backoffice.scoring.application-scores.lock,backoffice/scoring/application-scores/{applicationScore}/lock,POST,"App\Http\Controllers\Backoffice\ApplicationScoreController",lock,"web|auth|role:administrator,municipal_technician,jury,financial_manager,maintenance_manager,auditor",0,0,0,"role:administrator,municipal_technician,jury,financial_manager,maintenance_manager,auditor",,,0,0,,0,"App\Policies\ApplicationScorePolicy",lock,confirmed,,none,,0,,authenticated_user_and_route_bound_record,missing,0,0,1,0,"App\Models\ApplicationScore",mutation,1,required,confirmed,0,scoring,Classificação,47C,high,low,route_name_reference,tests/Feature/Sprint10ScoringRankingTest.php,laravel_route_collection|resolved_middleware|controller_reflection|controller_source|policy_discovery|existing_test_route_reference,remove_fixed_role;define_semantic_permission;enforce_municipal_scope;preserve_active_mfa_log;add_http_security_tests
backoffice.scoring.application-scores.manual-review,backoffice/scoring/application-scores/{applicationScore}/manual-review,GET,"App\Http\Controllers\Backoffice\ApplicationScoreController",manualReview,"web|auth|role:administrator,municipal_technician,jury,financial_manager,maintenance_manager,auditor",0,0,0,"role:administrator,municipal_technician,jury,financial_manager,maintenance_manager,auditor",,,1,1,scoring.update,0,"App\Policies\ApplicationScorePolicy",manualReview,confirmed,,none,,0,,authenticated_user_and_route_bound_record,missing,0,0,1,0,"App\Models\ApplicationScore",read,0,not_required,confirmed,0,scoring,Classificação,47C,high,high,not_detected,,laravel_route_collection|resolved_middleware|controller_reflection|controller_source|policy_discovery|permission_catalog,remove_fixed_role;apply_permission:scoring.update;enforce_municipal_scope;preserve_active_mfa_log;add_http_security_tests
backoffice.scoring.application-scores.manual-review.update,backoffice/scoring/application-scores/{applicationScore}/manual-review,PUT|PATCH,"App\Http\Controllers\Backoffice\ApplicationScoreController",updateManualScore,"web|auth|role:administrator,municipal_technician,jury,financial_manager,maintenance_manager,auditor",0,0,0,"role:administrator,municipal_technician,jury,financial_manager,maintenance_manager,auditor",,,1,1,scoring.update,0,"App\Policies\ApplicationScorePolicy",manualReview,confirmed,"App\Http\Requests\UpdateManualScoreRequest",gate_or_policy,,0,,authenticated_user_and_route_bound_record,missing,0,0,1,0,"App\Models\ApplicationScore",mutation,1,required,confirmed,0,scoring,Classificação,47C,high,high,route_name_reference,tests/Feature/Sprint10ScoringRankingTest.php,laravel_route_collection|resolved_middleware|controller_reflection|controller_source|form_request_reflection|policy_discovery|permission_catalog|existing_test_route_reference,remove_fixed_role;apply_permission:scoring.update;enforce_municipal_scope;preserve_active_mfa_log;add_http_security_tests
backoffice.scoring.application-scores.show,backoffice/scoring/application-scores/{applicationScore},GET,"App\Http\Controllers\Backoffice\ApplicationScoreController",show,"web|auth|role:administrator,municipal_technician,jury,financial_manager,maintenance_manager,auditor",0,0,0,"role:administrator,municipal_technician,jury,financial_manager,maintenance_manager,auditor",,,1,1,scoring.view,0,"App\Policies\ApplicationScorePolicy",view,confirmed,,none,,0,,authenticated_user_and_route_bound_record,missing,0,0,1,0,"App\Models\ApplicationScore",read,0,not_required,confirmed,0,scoring,Classificação,47C,high,high,not_detected,,laravel_route_collection|resolved_middleware|controller_reflection|controller_source|policy_discovery|permission_catalog,remove_fixed_role;apply_permission:scoring.view;enforce_municipal_scope;preserve_active_mfa_log;add_http_security_tests
backoffice.scoring.criteria.activate,backoffice/scoring/criteria/{scoringCriterion}/activate,POST,"App\Http\Controllers\Backoffice\ScoringCriterionController",activate,"web|auth|role:administrator,municipal_technician,jury,financial_manager,maintenance_manager,auditor",0,0,0,"role:administrator,municipal_technician,jury,financial_manager,maintenance_manager,auditor",,,0,0,,0,"App\Policies\ScoringCriterionPolicy",activate,confirmed,,none,,0,,authenticated_user_and_route_bound_record,missing,0,0,1,0,"App\Models\ScoringCriterion",mutation,1,required,confirmed,0,scoring,Classificação,47C,high,low,not_detected,,laravel_route_collection|resolved_middleware|controller_reflection|controller_source|policy_discovery,remove_fixed_role;define_semantic_permission;enforce_municipal_scope;preserve_active_mfa_log;add_http_security_tests
backoffice.scoring.criteria.create,backoffice/scoring/rule-sets/{scoringRuleSet}/criteria/create,GET,"App\Http\Controllers\Backoffice\ScoringCriterionController",create,"web|auth|role:administrator,municipal_technician,jury,financial_manager,maintenance_manager,auditor",0,0,0,"role:administrator,municipal_technician,jury,financial_manager,maintenance_manager,auditor",,,1,1,scoring.create,0,"App\Policies\ScoringRuleSetPolicy",create,confirmed,,none,,0,,authenticated_user_and_route_bound_record,missing,0,0,1,0,"App\Models\ScoringRuleSet",read,0,not_required,confirmed,0,scoring,Classificação,47C,high,high,not_detected,,laravel_route_collection|resolved_middleware|controller_reflection|controller_source|policy_discovery|permission_catalog,remove_fixed_role;apply_permission:scoring.create;enforce_municipal_scope;preserve_active_mfa_log;add_http_security_tests
backoffice.scoring.criteria.edit,backoffice/scoring/criteria/{scoringCriterion}/edit,GET,"App\Http\Controllers\Backoffice\ScoringCriterionController",edit,"web|auth|role:administrator,municipal_technician,jury,financial_manager,maintenance_manager,auditor",0,0,0,"role:administrator,municipal_technician,jury,financial_manager,maintenance_manager,auditor",,,1,1,scoring.update,0,"App\Policies\ScoringCriterionPolicy",update,confirmed,,none,,0,,authenticated_user_and_route_bound_record,missing,0,0,1,0,"App\Models\ScoringCriterion",read,0,not_required,confirmed,0,scoring,Classificação,47C,high,high,not_detected,,laravel_route_collection|resolved_middleware|controller_reflection|controller_source|policy_discovery|permission_catalog,remove_fixed_role;apply_permission:scoring.update;enforce_municipal_scope;preserve_active_mfa_log;add_http_security_tests
backoffice.scoring.criteria.inactivate,backoffice/scoring/criteria/{scoringCriterion}/inactivate,POST,"App\Http\Controllers\Backoffice\ScoringCriterionController",inactivate,"web|auth|role:administrator,municipal_technician,jury,financial_manager,maintenance_manager,auditor",0,0,0,"role:administrator,municipal_technician,jury,financial_manager,maintenance_manager,auditor",,,0,0,,0,"App\Policies\ScoringCriterionPolicy",activate,confirmed,,none,,0,,authenticated_user_and_route_bound_record,missing,0,0,1,0,"App\Models\ScoringCriterion",mutation,1,required,confirmed,0,scoring,Classificação,47C,high,low,not_detected,,laravel_route_collection|resolved_middleware|controller_reflection|controller_source|policy_discovery,remove_fixed_role;define_semantic_permission;enforce_municipal_scope;preserve_active_mfa_log;add_http_security_tests
backoffice.scoring.criteria.index,backoffice/scoring/rule-sets/{scoringRuleSet}/criteria,GET,"App\Http\Controllers\Backoffice\ScoringCriterionController",index,"web|auth|role:administrator,municipal_technician,jury,financial_manager,maintenance_manager,auditor",0,0,0,"role:administrator,municipal_technician,jury,financial_manager,maintenance_manager,auditor",,,1,1,scoring.view,0,"App\Policies\ScoringRuleSetPolicy",view,confirmed,,none,,0,,authenticated_user_and_route_bound_record,missing,0,0,1,0,"App\Models\ScoringRuleSet",read,0,not_required,confirmed,0,scoring,Classificação,47C,high,high,not_detected,,laravel_route_collection|resolved_middleware|controller_reflection|controller_source|policy_discovery|permission_catalog,remove_fixed_role;apply_permission:scoring.view;enforce_municipal_scope;preserve_active_mfa_log;add_http_security_tests
backoffice.scoring.criteria.store,backoffice/scoring/rule-sets/{scoringRuleSet}/criteria,POST,"App\Http\Controllers\Backoffice\ScoringCriterionController",store,"web|auth|role:administrator,municipal_technician,jury,financial_manager,maintenance_manager,auditor",0,0,0,"role:administrator,municipal_technician,jury,financial_manager,maintenance_manager,auditor",,,1,1,scoring.create,0,"App\Policies\ScoringRuleSetPolicy",create,confirmed,"App\Http\Requests\StoreScoringCriterionRequest",gate_or_policy,,0,,authenticated_user_and_route_bound_record,missing,0,0,1,0,"App\Models\ScoringRuleSet",mutation,1,required,confirmed,0,scoring,Classificação,47C,high,high,not_detected,,laravel_route_collection|resolved_middleware|controller_reflection|controller_source|form_request_reflection|policy_discovery|permission_catalog,remove_fixed_role;apply_permission:scoring.create;enforce_municipal_scope;preserve_active_mfa_log;add_http_security_tests
backoffice.scoring.criteria.update,backoffice/scoring/criteria/{scoringCriterion},PUT|PATCH,"App\Http\Controllers\Backoffice\ScoringCriterionController",update,"web|auth|role:administrator,municipal_technician,jury,financial_manager,maintenance_manager,auditor",0,0,0,"role:administrator,municipal_technician,jury,financial_manager,maintenance_manager,auditor",,,1,1,scoring.update,0,"App\Policies\ScoringCriterionPolicy",update,confirmed,"App\Http\Requests\UpdateScoringCriterionRequest",gate_or_policy,,0,,authenticated_user_and_route_bound_record,missing,0,0,1,0,"App\Models\ScoringCriterion",mutation,1,required,confirmed,0,scoring,Classificação,47C,high,high,not_detected,,laravel_route_collection|resolved_middleware|controller_reflection|controller_source|form_request_reflection|policy_discovery|permission_catalog,remove_fixed_role;apply_permission:scoring.update;enforce_municipal_scope;preserve_active_mfa_log;add_http_security_tests
backoffice.scoring.ranking-snapshots.archive,backoffice/scoring/ranking-snapshots/{rankingSnapshot}/archive,POST,"App\Http\Controllers\Backoffice\RankingSnapshotController",archive,"web|auth|role:administrator,municipal_technician,jury,financial_manager,maintenance_manager,auditor",0,0,0,"role:administrator,municipal_technician,jury,financial_manager,maintenance_manager,auditor",,,1,1,scoring.update,0,"App\Policies\RankingSnapshotPolicy",archive,confirmed,,none,,0,,authenticated_user_and_route_bound_record,missing,0,0,1,0,"App\Models\RankingSnapshot",mutation,1,required,confirmed,0,scoring,Classificação,47C,high,high,not_detected,,laravel_route_collection|resolved_middleware|controller_reflection|controller_source|policy_discovery|permission_catalog,remove_fixed_role;apply_permission:scoring.update;enforce_municipal_scope;preserve_active_mfa_log;add_http_security_tests
backoffice.scoring.ranking-snapshots.index,backoffice/scoring/ranking-snapshots,GET,"App\Http\Controllers\Backoffice\RankingSnapshotController",index,"web|auth|role:administrator,municipal_technician,jury,financial_manager,maintenance_manager,auditor",0,0,0,"role:administrator,municipal_technician,jury,financial_manager,maintenance_manager,auditor",,,1,1,scoring.view,0,"App\Policies\RankingSnapshotPolicy",viewAny,confirmed,,none,,0,,authenticated_user_and_route_bound_record,missing,0,0,1,0,"App\Models\RankingSnapshot",read,0,not_required,confirmed,0,scoring,Classificação,47C,high,high,route_name_reference,tests/Feature/Sprint10ScoringRankingTest.php,laravel_route_collection|resolved_middleware|controller_reflection|controller_source|policy_discovery|permission_catalog|existing_test_route_reference,remove_fixed_role;apply_permission:scoring.view;enforce_municipal_scope;preserve_active_mfa_log;add_http_security_tests
backoffice.scoring.ranking-snapshots.lock,backoffice/scoring/ranking-snapshots/{rankingSnapshot}/lock,POST,"App\Http\Controllers\Backoffice\RankingSnapshotController",lock,"web|auth|role:administrator,municipal_technician,jury,financial_manager,maintenance_manager,auditor",0,0,0,"role:administrator,municipal_technician,jury,financial_manager,maintenance_manager,auditor",,,0,0,,0,"App\Policies\RankingSnapshotPolicy",lock,confirmed,,none,,0,,authenticated_user_and_route_bound_record,missing,0,0,1,0,"App\Models\RankingSnapshot",mutation,1,required,confirmed,0,scoring,Classificação,47C,high,low,not_detected,,laravel_route_collection|resolved_middleware|controller_reflection|controller_source|policy_discovery,remove_fixed_role;define_semantic_permission;enforce_municipal_scope;preserve_active_mfa_log;add_http_security_tests
backoffice.scoring.ranking-snapshots.show,backoffice/scoring/ranking-snapshots/{rankingSnapshot},GET,"App\Http\Controllers\Backoffice\RankingSnapshotController",show,"web|auth|role:administrator,municipal_technician,jury,financial_manager,maintenance_manager,auditor",0,0,0,"role:administrator,municipal_technician,jury,financial_manager,maintenance_manager,auditor",,,1,1,scoring.view,0,"App\Policies\RankingSnapshotPolicy",view,confirmed,,none,,0,,authenticated_user_and_route_bound_record,missing,0,0,1,0,"App\Models\RankingSnapshot",read,0,not_required,confirmed,0,scoring,Classificação,47C,high,high,not_detected,,laravel_route_collection|resolved_middleware|controller_reflection|controller_source|policy_discovery|permission_catalog,remove_fixed_role;apply_permission:scoring.view;enforce_municipal_scope;preserve_active_mfa_log;add_http_security_tests
backoffice.scoring.rule-sets.activate,backoffice/scoring/rule-sets/{scoringRuleSet}/activate,POST,"App\Http\Controllers\Backoffice\ScoringRuleSetController",activate,"web|auth|role:administrator,municipal_technician,jury,financial_manager,maintenance_manager,auditor",0,0,0,"role:administrator,municipal_technician,jury,financial_manager,maintenance_manager,auditor",,,0,0,,0,"App\Policies\ScoringRuleSetPolicy",activate,confirmed,,none,,0,,authenticated_user_and_route_bound_record,missing,0,0,1,0,"App\Models\ScoringRuleSet",mutation,1,required,confirmed,0,scoring,Classificação,47C,high,low,route_name_reference,tests/Feature/Sprint10ScoringRankingTest.php,laravel_route_collection|resolved_middleware|controller_reflection|controller_source|policy_discovery|existing_test_route_reference,remove_fixed_role;define_semantic_permission;enforce_municipal_scope;preserve_active_mfa_log;add_http_security_tests
backoffice.scoring.rule-sets.archive,backoffice/scoring/rule-sets/{scoringRuleSet}/archive,POST,"App\Http\Controllers\Backoffice\ScoringRuleSetController",archive,"web|auth|role:administrator,municipal_technician,jury,financial_manager,maintenance_manager,auditor",0,0,0,"role:administrator,municipal_technician,jury,financial_manager,maintenance_manager,auditor",,,1,1,scoring.update,0,"App\Policies\ScoringRuleSetPolicy",archive,confirmed,,none,,0,,authenticated_user_and_route_bound_record,missing,0,0,1,0,"App\Models\ScoringRuleSet",mutation,1,required,confirmed,0,scoring,Classificação,47C,high,high,route_name_reference,tests/Feature/Sprint10ScoringRankingTest.php,laravel_route_collection|resolved_middleware|controller_reflection|controller_source|policy_discovery|permission_catalog|existing_test_route_reference,remove_fixed_role;apply_permission:scoring.update;enforce_municipal_scope;preserve_active_mfa_log;add_http_security_tests
backoffice.scoring.rule-sets.create,backoffice/scoring/rule-sets/create,GET,"App\Http\Controllers\Backoffice\ScoringRuleSetController",create,"web|auth|role:administrator,municipal_technician,jury,financial_manager,maintenance_manager,auditor",0,0,0,"role:administrator,municipal_technician,jury,financial_manager,maintenance_manager,auditor",,,1,1,scoring.create,0,"App\Policies\ScoringRuleSetPolicy",create,confirmed,,none,,0,,authenticated_user_and_route_bound_record,missing,0,0,1,0,"App\Models\ScoringRuleSet",read,0,not_required,confirmed,0,scoring,Classificação,47C,high,high,not_detected,,laravel_route_collection|resolved_middleware|controller_reflection|controller_source|policy_discovery|permission_catalog,remove_fixed_role;apply_permission:scoring.create;enforce_municipal_scope;preserve_active_mfa_log;add_http_security_tests
backoffice.scoring.rule-sets.duplicate,backoffice/scoring/rule-sets/{scoringRuleSet}/duplicate,POST,"App\Http\Controllers\Backoffice\ScoringRuleSetController",duplicate,"web|auth|role:administrator,municipal_technician,jury,financial_manager,maintenance_manager,auditor",0,0,0,"role:administrator,municipal_technician,jury,financial_manager,maintenance_manager,auditor",,,1,1,scoring.create,0,"App\Policies\ScoringRuleSetPolicy",duplicate,confirmed,,none,,0,,authenticated_user_and_route_bound_record,missing,0,0,1,0,"App\Models\ScoringRuleSet",mutation,1,required,confirmed,0,scoring,Classificação,47C,high,high,not_detected,,laravel_route_collection|resolved_middleware|controller_reflection|controller_source|policy_discovery|permission_catalog,remove_fixed_role;apply_permission:scoring.create;enforce_municipal_scope;preserve_active_mfa_log;add_http_security_tests
backoffice.scoring.rule-sets.edit,backoffice/scoring/rule-sets/{scoringRuleSet}/edit,GET,"App\Http\Controllers\Backoffice\ScoringRuleSetController",edit,"web|auth|role:administrator,municipal_technician,jury,financial_manager,maintenance_manager,auditor",0,0,0,"role:administrator,municipal_technician,jury,financial_manager,maintenance_manager,auditor",,,1,1,scoring.update,0,"App\Policies\ScoringRuleSetPolicy",update,confirmed,,none,,0,,authenticated_user_and_route_bound_record,missing,0,0,1,0,"App\Models\ScoringRuleSet",read,0,not_required,confirmed,0,scoring,Classificação,47C,high,high,not_detected,,laravel_route_collection|resolved_middleware|controller_reflection|controller_source|policy_discovery|permission_catalog,remove_fixed_role;apply_permission:scoring.update;enforce_municipal_scope;preserve_active_mfa_log;add_http_security_tests
backoffice.scoring.rule-sets.index,backoffice/scoring/rule-sets,GET,"App\Http\Controllers\Backoffice\ScoringRuleSetController",index,"web|auth|role:administrator,municipal_technician,jury,financial_manager,maintenance_manager,auditor",0,0,0,"role:administrator,municipal_technician,jury,financial_manager,maintenance_manager,auditor",,,1,1,scoring.view,0,"App\Policies\ScoringRuleSetPolicy",viewAny,confirmed,,none,,0,,authenticated_user_and_route_bound_record,missing,0,0,1,0,"App\Models\ScoringRuleSet",read,0,not_required,confirmed,0,scoring,Classificação,47C,high,high,route_name_reference,tests/Feature/Sprint10ScoringRankingTest.php,laravel_route_collection|resolved_middleware|controller_reflection|controller_source|policy_discovery|permission_catalog|existing_test_route_reference,remove_fixed_role;apply_permission:scoring.view;enforce_municipal_scope;preserve_active_mfa_log;add_http_security_tests
backoffice.scoring.rule-sets.show,backoffice/scoring/rule-sets/{scoringRuleSet},GET,"App\Http\Controllers\Backoffice\ScoringRuleSetController",show,"web|auth|role:administrator,municipal_technician,jury,financial_manager,maintenance_manager,auditor",0,0,0,"role:administrator,municipal_technician,jury,financial_manager,maintenance_manager,auditor",,,1,1,scoring.view,0,"App\Policies\ScoringRuleSetPolicy",view,confirmed,,none,,0,,authenticated_user_and_route_bound_record,missing,0,0,1,0,"App\Models\ScoringRuleSet",read,0,not_required,confirmed,0,scoring,Classificação,47C,high,high,not_detected,,laravel_route_collection|resolved_middleware|controller_reflection|controller_source|policy_discovery|permission_catalog,remove_fixed_role;apply_permission:scoring.view;enforce_municipal_scope;preserve_active_mfa_log;add_http_security_tests
backoffice.scoring.rule-sets.store,backoffice/scoring/rule-sets,POST,"App\Http\Controllers\Backoffice\ScoringRuleSetController",store,"web|auth|role:administrator,municipal_technician,jury,financial_manager,maintenance_manager,auditor",0,0,0,"role:administrator,municipal_technician,jury,financial_manager,maintenance_manager,auditor",,,1,1,scoring.create,0,"App\Policies\ScoringRuleSetPolicy",create,confirmed,"App\Http\Requests\StoreScoringRuleSetRequest",gate_or_policy,,0,,authenticated_user_and_route_bound_record,missing,0,0,1,0,"App\Models\ScoringRuleSet",mutation,1,required,confirmed,0,scoring,Classificação,47C,high,high,route_name_reference,tests/Feature/Sprint10ScoringRankingTest.php,laravel_route_collection|resolved_middleware|controller_reflection|controller_source|form_request_reflection|policy_discovery|permission_catalog|existing_test_route_reference,remove_fixed_role;apply_permission:scoring.create;enforce_municipal_scope;preserve_active_mfa_log;add_http_security_tests
backoffice.scoring.rule-sets.update,backoffice/scoring/rule-sets/{scoringRuleSet},PUT|PATCH,"App\Http\Controllers\Backoffice\ScoringRuleSetController",update,"web|auth|role:administrator,municipal_technician,jury,financial_manager,maintenance_manager,auditor",0,0,0,"role:administrator,municipal_technician,jury,financial_manager,maintenance_manager,auditor",,,1,1,scoring.update,0,"App\Policies\ScoringRuleSetPolicy",update,confirmed,"App\Http\Requests\UpdateScoringRuleSetRequest",gate_or_policy,,0,,authenticated_user_and_route_bound_record,missing,0,0,1,0,"App\Models\ScoringRuleSet",mutation,1,required,confirmed,0,scoring,Classificação,47C,high,high,route_name_reference,tests/Feature/Sprint10ScoringRankingTest.php,laravel_route_collection|resolved_middleware|controller_reflection|controller_source|form_request_reflection|policy_discovery|permission_catalog|existing_test_route_reference,remove_fixed_role;apply_permission:scoring.update;enforce_municipal_scope;preserve_active_mfa_log;add_http_security_tests
backoffice.scoring.rules.create,backoffice/scoring/criteria/{scoringCriterion}/rules/create,GET,"App\Http\Controllers\Backoffice\ScoringRuleController",create,"web|auth|role:administrator,municipal_technician,jury,financial_manager,maintenance_manager,auditor",0,0,0,"role:administrator,municipal_technician,jury,financial_manager,maintenance_manager,auditor",,,1,1,scoring.create,0,"App\Policies\ScoringCriterionPolicy",create,confirmed,,none,,0,,authenticated_user_and_route_bound_record,missing,0,0,1,0,"App\Models\ScoringCriterion",read,0,not_required,confirmed,0,scoring,Classificação,47C,high,high,not_detected,,laravel_route_collection|resolved_middleware|controller_reflection|controller_source|policy_discovery|permission_catalog,remove_fixed_role;apply_permission:scoring.create;enforce_municipal_scope;preserve_active_mfa_log;add_http_security_tests
backoffice.scoring.rules.destroy,backoffice/scoring/rules/{scoringRule},DELETE,"App\Http\Controllers\Backoffice\ScoringRuleController",destroy,"web|auth|role:administrator,municipal_technician,jury,financial_manager,maintenance_manager,auditor",0,0,0,"role:administrator,municipal_technician,jury,financial_manager,maintenance_manager,auditor",,,0,0,,0,"App\Policies\ScoringRulePolicy",delete,confirmed,,none,,0,,authenticated_user_and_route_bound_record,missing,0,0,1,0,"App\Models\ScoringRule",mutation,1,required,confirmed,0,scoring,Classificação,47C,high,low,not_detected,,laravel_route_collection|resolved_middleware|controller_reflection|controller_source|policy_discovery,remove_fixed_role;define_semantic_permission;enforce_municipal_scope;preserve_active_mfa_log;add_http_security_tests
backoffice.scoring.rules.edit,backoffice/scoring/rules/{scoringRule}/edit,GET,"App\Http\Controllers\Backoffice\ScoringRuleController",edit,"web|auth|role:administrator,municipal_technician,jury,financial_manager,maintenance_manager,auditor",0,0,0,"role:administrator,municipal_technician,jury,financial_manager,maintenance_manager,auditor",,,1,1,scoring.update,0,"App\Policies\ScoringRulePolicy",update,confirmed,,none,,0,,authenticated_user_and_route_bound_record,missing,0,0,1,0,"App\Models\ScoringRule",read,0,not_required,confirmed,0,scoring,Classificação,47C,high,high,not_detected,,laravel_route_collection|resolved_middleware|controller_reflection|controller_source|policy_discovery|permission_catalog,remove_fixed_role;apply_permission:scoring.update;enforce_municipal_scope;preserve_active_mfa_log;add_http_security_tests
backoffice.scoring.rules.index,backoffice/scoring/criteria/{scoringCriterion}/rules,GET,"App\Http\Controllers\Backoffice\ScoringRuleController",index,"web|auth|role:administrator,municipal_technician,jury,financial_manager,maintenance_manager,auditor",0,0,0,"role:administrator,municipal_technician,jury,financial_manager,maintenance_manager,auditor",,,1,1,scoring.view,0,"App\Policies\ScoringCriterionPolicy",view,confirmed,,none,,0,,authenticated_user_and_route_bound_record,missing,0,0,1,0,"App\Models\ScoringCriterion",read,0,not_required,confirmed,0,scoring,Classificação,47C,high,high,not_detected,,laravel_route_collection|resolved_middleware|controller_reflection|controller_source|policy_discovery|permission_catalog,remove_fixed_role;apply_permission:scoring.view;enforce_municipal_scope;preserve_active_mfa_log;add_http_security_tests
backoffice.scoring.rules.store,backoffice/scoring/criteria/{scoringCriterion}/rules,POST,"App\Http\Controllers\Backoffice\ScoringRuleController",store,"web|auth|role:administrator,municipal_technician,jury,financial_manager,maintenance_manager,auditor",0,0,0,"role:administrator,municipal_technician,jury,financial_manager,maintenance_manager,auditor",,,1,1,scoring.create,0,"App\Policies\ScoringCriterionPolicy",create,confirmed,"App\Http\Requests\StoreScoringRuleRequest",always_false,,0,,authenticated_user_and_route_bound_record,missing,0,0,1,0,"App\Models\ScoringCriterion",mutation,1,required,confirmed,0,scoring,Classificação,47C,high,high,not_detected,,laravel_route_collection|resolved_middleware|controller_reflection|controller_source|form_request_reflection|policy_discovery|permission_catalog,remove_fixed_role;apply_permission:scoring.create;enforce_municipal_scope;preserve_active_mfa_log;add_http_security_tests
backoffice.scoring.rules.update,backoffice/scoring/rules/{scoringRule},PUT|PATCH,"App\Http\Controllers\Backoffice\ScoringRuleController",update,"web|auth|role:administrator,municipal_technician,jury,financial_manager,maintenance_manager,auditor",0,0,0,"role:administrator,municipal_technician,jury,financial_manager,maintenance_manager,auditor",,,1,1,scoring.update,0,"App\Policies\ScoringRulePolicy",update,confirmed,"App\Http\Requests\UpdateScoringRuleRequest",gate_or_policy,,0,,authenticated_user_and_route_bound_record,missing,0,0,1,0,"App\Models\ScoringRule",mutation,1,required,confirmed,0,scoring,Classificação,47C,high,high,not_detected,,laravel_route_collection|resolved_middleware|controller_reflection|controller_source|form_request_reflection|policy_discovery|permission_catalog,remove_fixed_role;apply_permission:scoring.update;enforce_municipal_scope;preserve_active_mfa_log;add_http_security_tests
backoffice.scoring.runs.cancel,backoffice/scoring/runs/{scoringRun}/cancel,POST,"App\Http\Controllers\Backoffice\ScoringRunController",cancel,"web|auth|role:administrator,municipal_technician,jury,financial_manager,maintenance_manager,auditor",0,0,0,"role:administrator,municipal_technician,jury,financial_manager,maintenance_manager,auditor",,,0,0,,0,"App\Policies\ScoringRunPolicy",cancel,confirmed,,none,,0,,authenticated_user_and_route_bound_record,missing,0,0,1,0,"App\Models\ScoringRun",mutation,1,required,confirmed,0,scoring,Classificação,47C,high,low,not_detected,,laravel_route_collection|resolved_middleware|controller_reflection|controller_source|policy_discovery,remove_fixed_role;define_semantic_permission;enforce_municipal_scope;preserve_active_mfa_log;add_http_security_tests
backoffice.scoring.runs.create,backoffice/scoring/runs/create,GET,"App\Http\Controllers\Backoffice\ScoringRunController",create,"web|auth|role:administrator,municipal_technician,jury,financial_manager,maintenance_manager,auditor",0,0,0,"role:administrator,municipal_technician,jury,financial_manager,maintenance_manager,auditor",,,1,1,scoring.create,0,"App\Policies\ScoringRunPolicy",create,confirmed,,none,,0,,authenticated_user_and_route_bound_record,missing,0,0,1,0,"App\Models\ScoringRun",read,0,not_required,confirmed,0,scoring,Classificação,47C,high,high,not_detected,,laravel_route_collection|resolved_middleware|controller_reflection|controller_source|policy_discovery|permission_catalog,remove_fixed_role;apply_permission:scoring.create;enforce_municipal_scope;preserve_active_mfa_log;add_http_security_tests
backoffice.scoring.runs.index,backoffice/scoring/runs,GET,"App\Http\Controllers\Backoffice\ScoringRunController",index,"web|auth|role:administrator,municipal_technician,jury,financial_manager,maintenance_manager,auditor",0,0,0,"role:administrator,municipal_technician,jury,financial_manager,maintenance_manager,auditor",,,1,1,scoring.view,0,"App\Policies\ScoringRunPolicy",viewAny,confirmed,,none,,0,,authenticated_user_and_route_bound_record,missing,0,0,1,0,"App\Models\ScoringRun",read,0,not_required,confirmed,0,scoring,Classificação,47C,high,high,not_detected,,laravel_route_collection|resolved_middleware|controller_reflection|controller_source|policy_discovery|permission_catalog,remove_fixed_role;apply_permission:scoring.view;enforce_municipal_scope;preserve_active_mfa_log;add_http_security_tests
backoffice.scoring.runs.lock,backoffice/scoring/runs/{scoringRun}/lock,POST,"App\Http\Controllers\Backoffice\ScoringRunController",lock,"web|auth|role:administrator,municipal_technician,jury,financial_manager,maintenance_manager,auditor",0,0,0,"role:administrator,municipal_technician,jury,financial_manager,maintenance_manager,auditor",,,0,0,,0,"App\Policies\ScoringRunPolicy",lock,confirmed,"App\Http\Requests\LockScoringRunRequest",gate_or_policy,,0,,authenticated_user_and_route_bound_record,missing,0,0,1,0,"App\Models\ScoringRun",mutation,1,required,confirmed,0,scoring,Classificação,47C,high,low,not_detected,,laravel_route_collection|resolved_middleware|controller_reflection|controller_source|form_request_reflection|policy_discovery,remove_fixed_role;define_semantic_permission;enforce_municipal_scope;preserve_active_mfa_log;add_http_security_tests
backoffice.scoring.runs.run,backoffice/scoring/runs/{scoringRun}/run,POST,"App\Http\Controllers\Backoffice\ScoringRunController",run,"web|auth|role:administrator,municipal_technician,jury,financial_manager,maintenance_manager,auditor",0,0,0,"role:administrator,municipal_technician,jury,financial_manager,maintenance_manager,auditor",,,0,0,,0,"App\Policies\ScoringRunPolicy",run,confirmed,,none,,0,,authenticated_user_and_route_bound_record,missing,0,0,1,0,"App\Models\ScoringRun",mutation,1,required,confirmed,0,scoring,Classificação,47C,high,low,not_detected,,laravel_route_collection|resolved_middleware|controller_reflection|controller_source|policy_discovery,remove_fixed_role;define_semantic_permission;enforce_municipal_scope;preserve_active_mfa_log;add_http_security_tests
backoffice.scoring.runs.show,backoffice/scoring/runs/{scoringRun},GET,"App\Http\Controllers\Backoffice\ScoringRunController",show,"web|auth|role:administrator,municipal_technician,jury,financial_manager,maintenance_manager,auditor",0,0,0,"role:administrator,municipal_technician,jury,financial_manager,maintenance_manager,auditor",,,1,1,scoring.view,0,"App\Policies\ScoringRunPolicy",view,confirmed,,none,,0,,authenticated_user_and_route_bound_record,missing,0,0,1,0,"App\Models\ScoringRun",read,0,not_required,confirmed,0,scoring,Classificação,47C,high,high,not_detected,,laravel_route_collection|resolved_middleware|controller_reflection|controller_source|policy_discovery|permission_catalog,remove_fixed_role;apply_permission:scoring.view;enforce_municipal_scope;preserve_active_mfa_log;add_http_security_tests
backoffice.scoring.runs.store,backoffice/scoring/runs,POST,"App\Http\Controllers\Backoffice\ScoringRunController",store,"web|auth|role:administrator,municipal_technician,jury,financial_manager,maintenance_manager,auditor",0,0,0,"role:administrator,municipal_technician,jury,financial_manager,maintenance_manager,auditor",,,1,1,scoring.create,0,"App\Policies\ScoringRunPolicy",create,confirmed,"App\Http\Requests\RunScoringRequest",gate_or_policy,,0,,authenticated_user_and_route_bound_record,missing,0,0,1,0,"App\Models\ScoringRun",mutation,1,required,confirmed,0,scoring,Classificação,47C,high,high,route_name_reference,tests/Feature/Sprint10ScoringRankingTest.php,laravel_route_collection|resolved_middleware|controller_reflection|controller_source|form_request_reflection|policy_discovery|permission_catalog|existing_test_route_reference,remove_fixed_role;apply_permission:scoring.create;enforce_municipal_scope;preserve_active_mfa_log;add_http_security_tests
backoffice.scoring.tie-breakers.activate,backoffice/scoring/tie-breakers/{tieBreakerRule}/activate,POST,"App\Http\Controllers\Backoffice\TieBreakerRuleController",activate,"web|auth|role:administrator,municipal_technician,jury,financial_manager,maintenance_manager,auditor",0,0,0,"role:administrator,municipal_technician,jury,financial_manager,maintenance_manager,auditor",,,0,0,,0,"App\Policies\TieBreakerRulePolicy",activate,confirmed,,none,,0,,authenticated_user_and_route_bound_record,missing,0,0,1,0,"App\Models\TieBreakerRule",mutation,1,required,confirmed,0,scoring,Classificação,47C,high,low,not_detected,,laravel_route_collection|resolved_middleware|controller_reflection|controller_source|policy_discovery,remove_fixed_role;define_semantic_permission;enforce_municipal_scope;preserve_active_mfa_log;add_http_security_tests
backoffice.scoring.tie-breakers.create,backoffice/scoring/rule-sets/{scoringRuleSet}/tie-breakers/create,GET,"App\Http\Controllers\Backoffice\TieBreakerRuleController",create,"web|auth|role:administrator,municipal_technician,jury,financial_manager,maintenance_manager,auditor",0,0,0,"role:administrator,municipal_technician,jury,financial_manager,maintenance_manager,auditor",,,1,1,scoring.create,0,"App\Policies\ScoringRuleSetPolicy",create,confirmed,,none,,0,,authenticated_user_and_route_bound_record,missing,0,0,1,0,"App\Models\ScoringRuleSet",read,0,not_required,confirmed,0,scoring,Classificação,47C,high,high,not_detected,,laravel_route_collection|resolved_middleware|controller_reflection|controller_source|policy_discovery|permission_catalog,remove_fixed_role;apply_permission:scoring.create;enforce_municipal_scope;preserve_active_mfa_log;add_http_security_tests
backoffice.scoring.tie-breakers.edit,backoffice/scoring/tie-breakers/{tieBreakerRule}/edit,GET,"App\Http\Controllers\Backoffice\TieBreakerRuleController",edit,"web|auth|role:administrator,municipal_technician,jury,financial_manager,maintenance_manager,auditor",0,0,0,"role:administrator,municipal_technician,jury,financial_manager,maintenance_manager,auditor",,,1,1,scoring.update,0,"App\Policies\TieBreakerRulePolicy",update,confirmed,,none,,0,,authenticated_user_and_route_bound_record,missing,0,0,1,0,"App\Models\TieBreakerRule",read,0,not_required,confirmed,0,scoring,Classificação,47C,high,high,not_detected,,laravel_route_collection|resolved_middleware|controller_reflection|controller_source|policy_discovery|permission_catalog,remove_fixed_role;apply_permission:scoring.update;enforce_municipal_scope;preserve_active_mfa_log;add_http_security_tests
backoffice.scoring.tie-breakers.inactivate,backoffice/scoring/tie-breakers/{tieBreakerRule}/inactivate,POST,"App\Http\Controllers\Backoffice\TieBreakerRuleController",inactivate,"web|auth|role:administrator,municipal_technician,jury,financial_manager,maintenance_manager,auditor",0,0,0,"role:administrator,municipal_technician,jury,financial_manager,maintenance_manager,auditor",,,0,0,,0,"App\Policies\TieBreakerRulePolicy",activate,confirmed,,none,,0,,authenticated_user_and_route_bound_record,missing,0,0,1,0,"App\Models\TieBreakerRule",mutation,1,required,confirmed,0,scoring,Classificação,47C,high,low,not_detected,,laravel_route_collection|resolved_middleware|controller_reflection|controller_source|policy_discovery,remove_fixed_role;define_semantic_permission;enforce_municipal_scope;preserve_active_mfa_log;add_http_security_tests
backoffice.scoring.tie-breakers.index,backoffice/scoring/rule-sets/{scoringRuleSet}/tie-breakers,GET,"App\Http\Controllers\Backoffice\TieBreakerRuleController",index,"web|auth|role:administrator,municipal_technician,jury,financial_manager,maintenance_manager,auditor",0,0,0,"role:administrator,municipal_technician,jury,financial_manager,maintenance_manager,auditor",,,1,1,scoring.view,0,"App\Policies\ScoringRuleSetPolicy",view,confirmed,,none,,0,,authenticated_user_and_route_bound_record,missing,0,0,1,0,"App\Models\ScoringRuleSet",read,0,not_required,confirmed,0,scoring,Classificação,47C,high,high,not_detected,,laravel_route_collection|resolved_middleware|controller_reflection|controller_source|policy_discovery|permission_catalog,remove_fixed_role;apply_permission:scoring.view;enforce_municipal_scope;preserve_active_mfa_log;add_http_security_tests
backoffice.scoring.tie-breakers.store,backoffice/scoring/rule-sets/{scoringRuleSet}/tie-breakers,POST,"App\Http\Controllers\Backoffice\TieBreakerRuleController",store,"web|auth|role:administrator,municipal_technician,jury,financial_manager,maintenance_manager,auditor",0,0,0,"role:administrator,municipal_technician,jury,financial_manager,maintenance_manager,auditor",,,1,1,scoring.create,0,"App\Policies\ScoringRuleSetPolicy",create,confirmed,"App\Http\Requests\StoreTieBreakerRuleRequest",gate_or_policy,,0,,authenticated_user_and_route_bound_record,missing,0,0,1,0,"App\Models\ScoringRuleSet",mutation,1,required,confirmed,0,scoring,Classificação,47C,high,high,not_detected,,laravel_route_collection|resolved_middleware|controller_reflection|controller_source|form_request_reflection|policy_discovery|permission_catalog,remove_fixed_role;apply_permission:scoring.create;enforce_municipal_scope;preserve_active_mfa_log;add_http_security_tests
backoffice.scoring.tie-breakers.update,backoffice/scoring/tie-breakers/{tieBreakerRule},PUT|PATCH,"App\Http\Controllers\Backoffice\TieBreakerRuleController",update,"web|auth|role:administrator,municipal_technician,jury,financial_manager,maintenance_manager,auditor",0,0,0,"role:administrator,municipal_technician,jury,financial_manager,maintenance_manager,auditor",,,1,1,scoring.update,0,"App\Policies\TieBreakerRulePolicy",update,confirmed,"App\Http\Requests\UpdateTieBreakerRuleRequest",gate_or_policy,,0,,authenticated_user_and_route_bound_record,missing,0,0,1,0,"App\Models\TieBreakerRule",mutation,1,required,confirmed,0,scoring,Classificação,47C,high,high,not_detected,,laravel_route_collection|resolved_middleware|controller_reflection|controller_source|form_request_reflection|policy_discovery|permission_catalog,remove_fixed_role;apply_permission:scoring.update;enforce_municipal_scope;preserve_active_mfa_log;add_http_security_tests
backoffice.post-draw-reports.download,backoffice/relatorios-pos-sorteio/{postDrawReport}/download,GET,"App\Http\Controllers\Backoffice\PostDrawReportController",download,"web|auth|role:administrator,municipal_technician,jury,financial_manager,maintenance_manager,auditor",0,0,0,"role:administrator,municipal_technician,jury,financial_manager,maintenance_manager,auditor",,,0,0,,0,"App\Policies\PostDrawReportPolicy",view,confirmed,"App\Http\Requests\DownloadPostDrawReportRequest",always_true,,0,,authenticated_user_and_route_bound_record,missing,0,0,1,0,"App\Models\PostDrawReport",read,1,recommended,confirmed,0,allocations,Atribuições,47D,critical,low,not_detected,,laravel_route_collection|resolved_middleware|controller_reflection|controller_source|form_request_reflection|policy_discovery,remove_fixed_role;define_semantic_permission;enforce_municipal_scope;preserve_active_mfa_log;add_http_security_tests
backoffice.contest-closures.show,backoffice/fechos-concurso/{contestClosure},GET,"App\Http\Controllers\Backoffice\ContestClosureController",show,"web|auth|role:administrator,municipal_technician,jury,financial_manager,maintenance_manager,auditor",0,0,0,"role:administrator,municipal_technician,jury,financial_manager,maintenance_manager,auditor",,,1,1,contests.view,0,"App\Policies\ContestClosurePolicy",view,confirmed,,none,,0,,authenticated_user_and_route_bound_record,missing,0,0,1,0,"App\Models\ContestClosure",read,0,not_required,confirmed,0,allocations,Atribuições,47D,high,high,not_detected,,laravel_route_collection|resolved_middleware|controller_reflection|controller_source|policy_discovery|permission_catalog,remove_fixed_role;apply_permission:contests.view;enforce_municipal_scope;preserve_active_mfa_log;add_http_security_tests
backoffice.draw-convocations.index,backoffice/convocatorias-sorteio,GET,"App\Http\Controllers\Backoffice\DrawConvocationController",index,"web|auth|role:administrator,municipal_technician,jury,financial_manager,maintenance_manager,auditor",0,0,0,"role:administrator,municipal_technician,jury,financial_manager,maintenance_manager,auditor",,,1,1,allocations.view,0,"App\Policies\DrawConvocationPolicy",viewAny,confirmed,,none,,0,,authenticated_user_and_route_bound_record,missing,0,0,1,0,"App\Models\DrawConvocation",read,0,not_required,confirmed,0,allocations,Atribuições,47D,high,high,not_detected,,laravel_route_collection|resolved_middleware|controller_reflection|controller_source|policy_discovery|permission_catalog,remove_fixed_role;apply_permission:allocations.view;enforce_municipal_scope;preserve_active_mfa_log;add_http_security_tests
backoffice.draw-convocations.send,backoffice/convocatorias-sorteio/{drawConvocation}/enviar,POST,"App\Http\Controllers\Backoffice\DrawConvocationController",send,"web|auth|role:administrator,municipal_technician,jury,financial_manager,maintenance_manager,auditor",0,0,0,"role:administrator,municipal_technician,jury,financial_manager,maintenance_manager,auditor",,,1,1,allocations.view,0,"App\Policies\DrawConvocationPolicy",update,confirmed,"App\Http\Requests\SendDrawConvocationRequest",always_true,,0,,authenticated_user_and_route_bound_record,missing,0,0,1,0,"App\Models\DrawConvocation",mutation,1,required,confirmed,0,allocations,Atribuições,47D,high,high,not_detected,,laravel_route_collection|resolved_middleware|controller_reflection|controller_source|form_request_reflection|policy_discovery|permission_catalog,remove_fixed_role;apply_permission:allocations.view;enforce_municipal_scope;preserve_active_mfa_log;add_http_security_tests
backoffice.draw-convocations.show,backoffice/convocatorias-sorteio/{drawConvocation},GET,"App\Http\Controllers\Backoffice\DrawConvocationController",show,"web|auth|role:administrator,municipal_technician,jury,financial_manager,maintenance_manager,auditor",0,0,0,"role:administrator,municipal_technician,jury,financial_manager,maintenance_manager,auditor",,,1,1,allocations.view,0,"App\Policies\DrawConvocationPolicy",view,confirmed,,none,,0,,authenticated_user_and_route_bound_record,missing,0,0,1,0,"App\Models\DrawConvocation",read,0,not_required,confirmed,0,allocations,Atribuições,47D,high,high,not_detected,,laravel_route_collection|resolved_middleware|controller_reflection|controller_source|policy_discovery|permission_catalog,remove_fixed_role;apply_permission:allocations.view;enforce_municipal_scope;preserve_active_mfa_log;add_http_security_tests
backoffice.lottery-draws.attendance.bulk-store,backoffice/sorteios/{lotteryDraw}/presencas/lote,POST,"App\Http\Controllers\Backoffice\DrawAttendanceController",bulkStore,"web|auth|role:administrator,municipal_technician,jury,financial_manager,maintenance_manager,auditor",0,0,0,"role:administrator,municipal_technician,jury,financial_manager,maintenance_manager,auditor",,,1,1,allocations.create,0,"App\Policies\LotteryDrawPolicy",create,confirmed,"App\Http\Requests\BulkRegisterDrawAttendanceRequest",always_true,,0,,authenticated_user_and_route_bound_record,missing,0,0,1,0,"App\Models\LotteryDraw",mutation,1,required,confirmed,0,allocations,Atribuições,47D,high,high,not_detected,,laravel_route_collection|resolved_middleware|controller_reflection|controller_source|form_request_reflection|policy_discovery|permission_catalog,remove_fixed_role;apply_permission:allocations.create;enforce_municipal_scope;preserve_active_mfa_log;add_http_security_tests
backoffice.lottery-draws.attendance.index,backoffice/sorteios/{lotteryDraw}/presencas,GET,"App\Http\Controllers\Backoffice\DrawAttendanceController",index,"web|auth|role:administrator,municipal_technician,jury,financial_manager,maintenance_manager,auditor",0,0,0,"role:administrator,municipal_technician,jury,financial_manager,maintenance_manager,auditor",,,1,1,allocations.view,0,"App\Policies\LotteryDrawPolicy",viewAny,confirmed,,none,,0,,authenticated_user_and_route_bound_record,missing,0,0,1,0,"App\Models\LotteryDraw",read,0,not_required,confirmed,0,allocations,Atribuições,47D,high,high,not_detected,,laravel_route_collection|resolved_middleware|controller_reflection|controller_source|policy_discovery|permission_catalog,remove_fixed_role;apply_permission:allocations.view;enforce_municipal_scope;preserve_active_mfa_log;add_http_security_tests
backoffice.lottery-draws.attendance.store,backoffice/sorteios/{lotteryDraw}/presencas,POST,"App\Http\Controllers\Backoffice\DrawAttendanceController",store,"web|auth|role:administrator,municipal_technician,jury,financial_manager,maintenance_manager,auditor",0,0,0,"role:administrator,municipal_technician,jury,financial_manager,maintenance_manager,auditor",,,1,1,allocations.create,0,"App\Policies\LotteryDrawPolicy",create,confirmed,"App\Http\Requests\RegisterDrawAttendanceRequest",always_true,,0,,authenticated_user_and_route_bound_record,missing,0,0,1,0,"App\Models\LotteryDraw",mutation,1,required,confirmed,0,allocations,Atribuições,47D,high,high,route_name_reference,tests/Feature/Backoffice/LotteryClosureFlowTest.php,laravel_route_collection|resolved_middleware|controller_reflection|controller_source|form_request_reflection|policy_discovery|permission_catalog|existing_test_route_reference,remove_fixed_role;apply_permission:allocations.create;enforce_municipal_scope;preserve_active_mfa_log;add_http_security_tests
backoffice.lottery-draws.cancel,backoffice/sorteios/{lotteryDraw}/cancelar,POST,"App\Http\Controllers\Backoffice\LotteryDrawController",cancel,"web|auth|role:administrator,municipal_technician,jury,financial_manager,maintenance_manager,auditor",0,0,0,"role:administrator,municipal_technician,jury,financial_manager,maintenance_manager,auditor",,,0,0,,0,"App\Policies\LotteryDrawPolicy",update,confirmed,"App\Http\Requests\CancelLotteryDrawRequest",always_true,,0,,authenticated_user_and_route_bound_record,missing,0,0,1,0,"App\Models\LotteryDraw",mutation,1,required,confirmed,0,allocations,Atribuições,47D,high,low,not_detected,,laravel_route_collection|resolved_middleware|controller_reflection|controller_source|form_request_reflection|policy_discovery,remove_fixed_role;define_semantic_permission;enforce_municipal_scope;preserve_active_mfa_log;add_http_security_tests
backoffice.lottery-draws.convocations.generate,backoffice/sorteios/{lotteryDraw}/convocatorias/gerar,POST,"App\Http\Controllers\Backoffice\DrawConvocationController",generate,"web|auth|role:administrator,municipal_technician,jury,financial_manager,maintenance_manager,auditor",0,0,0,"role:administrator,municipal_technician,jury,financial_manager,maintenance_manager,auditor",,,0,0,,0,"App\Policies\LotteryDrawPolicy",create,confirmed,"App\Http\Requests\GenerateDrawConvocationsRequest",always_true,,0,,authenticated_user_and_route_bound_record,missing,0,0,1,0,"App\Models\LotteryDraw",mutation,1,required,confirmed,0,allocations,Atribuições,47D,high,low,route_name_reference,tests/Feature/Backoffice/LotteryClosureFlowTest.php,laravel_route_collection|resolved_middleware|controller_reflection|controller_source|form_request_reflection|policy_discovery|existing_test_route_reference,remove_fixed_role;define_semantic_permission;enforce_municipal_scope;preserve_active_mfa_log;add_http_security_tests
backoffice.lottery-draws.create,backoffice/sorteios/create,GET,"App\Http\Controllers\Backoffice\LotteryDrawController",create,"web|auth|role:administrator,municipal_technician,jury,financial_manager,maintenance_manager,auditor",0,0,0,"role:administrator,municipal_technician,jury,financial_manager,maintenance_manager,auditor",,,1,1,allocations.create,0,"App\Policies\LotteryDrawPolicy",create,confirmed,,none,,0,,authenticated_user_and_route_bound_record,missing,0,0,1,0,"App\Models\LotteryDraw",read,0,not_required,confirmed,0,allocations,Atribuições,47D,high,high,not_detected,,laravel_route_collection|resolved_middleware|controller_reflection|controller_source|policy_discovery|permission_catalog,remove_fixed_role;apply_permission:allocations.create;enforce_municipal_scope;preserve_active_mfa_log;add_http_security_tests
backoffice.lottery-draws.edit,backoffice/sorteios/{lotteryDraw}/edit,GET,"App\Http\Controllers\Backoffice\LotteryDrawController",edit,"web|auth|role:administrator,municipal_technician,jury,financial_manager,maintenance_manager,auditor",0,0,0,"role:administrator,municipal_technician,jury,financial_manager,maintenance_manager,auditor",,,1,1,allocations.update,0,"App\Policies\LotteryDrawPolicy",update,confirmed,,none,,0,,authenticated_user_and_route_bound_record,missing,0,0,1,0,"App\Models\LotteryDraw",read,0,not_required,confirmed,0,allocations,Atribuições,47D,high,high,not_detected,,laravel_route_collection|resolved_middleware|controller_reflection|controller_source|policy_discovery|permission_catalog,remove_fixed_role;apply_permission:allocations.update;enforce_municipal_scope;preserve_active_mfa_log;add_http_security_tests
backoffice.lottery-draws.index,backoffice/sorteios,GET,"App\Http\Controllers\Backoffice\LotteryDrawController",index,"web|auth|role:administrator,municipal_technician,jury,financial_manager,maintenance_manager,auditor",0,0,0,"role:administrator,municipal_technician,jury,financial_manager,maintenance_manager,auditor",,,1,1,allocations.view,0,"App\Policies\LotteryDrawPolicy",viewAny,confirmed,,none,,0,,authenticated_user_and_route_bound_record,missing,0,0,1,0,"App\Models\LotteryDraw",read,0,not_required,confirmed,0,allocations,Atribuições,47D,high,high,route_name_reference,tests/Feature/Backoffice/LotteryClosureFlowTest.php,laravel_route_collection|resolved_middleware|controller_reflection|controller_source|policy_discovery|permission_catalog|existing_test_route_reference,remove_fixed_role;apply_permission:allocations.view;enforce_municipal_scope;preserve_active_mfa_log;add_http_security_tests
backoffice.lottery-draws.participants.load,backoffice/sorteios/{lotteryDraw}/participantes/carregar,POST,"App\Http\Controllers\Backoffice\LotteryParticipantController",load,"web|auth|role:administrator,municipal_technician,jury,financial_manager,maintenance_manager,auditor",0,0,0,"role:administrator,municipal_technician,jury,financial_manager,maintenance_manager,auditor",,,1,1,allocations.view,0,"App\Policies\LotteryDrawPolicy",update,confirmed,"App\Http\Requests\LoadLotteryParticipantsRequest",always_true,,0,,authenticated_user_and_route_bound_record,missing,0,0,1,0,"App\Models\LotteryDraw",mutation,1,required,confirmed,0,allocations,Atribuições,47D,high,high,route_name_reference,tests/Feature/Backoffice/LotteryClosureFlowTest.php,laravel_route_collection|resolved_middleware|controller_reflection|controller_source|form_request_reflection|policy_discovery|permission_catalog|existing_test_route_reference,remove_fixed_role;apply_permission:allocations.view;enforce_municipal_scope;preserve_active_mfa_log;add_http_security_tests
backoffice.lottery-draws.participants.lock,backoffice/sorteios/{lotteryDraw}/participantes/bloquear,POST,"App\Http\Controllers\Backoffice\LotteryParticipantController",lock,"web|auth|role:administrator,municipal_technician,jury,financial_manager,maintenance_manager,auditor",0,0,0,"role:administrator,municipal_technician,jury,financial_manager,maintenance_manager,auditor",,,0,0,,0,"App\Policies\LotteryDrawPolicy",update,confirmed,"App\Http\Requests\LockLotteryParticipantsRequest",always_true,,0,,authenticated_user_and_route_bound_record,missing,0,0,1,0,"App\Models\LotteryDraw",mutation,1,required,confirmed,0,allocations,Atribuições,47D,high,low,route_name_reference,tests/Feature/Backoffice/LotteryClosureFlowTest.php,laravel_route_collection|resolved_middleware|controller_reflection|controller_source|form_request_reflection|policy_discovery|existing_test_route_reference,remove_fixed_role;define_semantic_permission;enforce_municipal_scope;preserve_active_mfa_log;add_http_security_tests
backoffice.lottery-draws.post-draw-report.generate,backoffice/sorteios/{lotteryDraw}/relatorio-pos-sorteio/gerar,POST,"App\Http\Controllers\Backoffice\PostDrawReportController",generate,"web|auth|role:administrator,municipal_technician,jury,financial_manager,maintenance_manager,auditor",0,0,0,"role:administrator,municipal_technician,jury,financial_manager,maintenance_manager,auditor",,,0,0,,0,"App\Policies\LotteryDrawPolicy",create,confirmed,"App\Http\Requests\GeneratePostDrawReportRequest",always_true,,0,,authenticated_user_and_route_bound_record,missing,0,0,1,0,"App\Models\LotteryDraw",mutation,1,required,confirmed,0,allocations,Atribuições,47D,high,low,route_name_reference,tests/Feature/Backoffice/LotteryClosureFlowTest.php,laravel_route_collection|resolved_middleware|controller_reflection|controller_source|form_request_reflection|policy_discovery|existing_test_route_reference,remove_fixed_role;define_semantic_permission;enforce_municipal_scope;preserve_active_mfa_log;add_http_security_tests
backoffice.lottery-draws.results.index,backoffice/sorteios/{lotteryDraw}/resultados,GET,"App\Http\Controllers\Backoffice\LotteryResultController",index,"web|auth|role:administrator,municipal_technician,jury,financial_manager,maintenance_manager,auditor",0,0,0,"role:administrator,municipal_technician,jury,financial_manager,maintenance_manager,auditor",,,1,1,allocations.view,0,"App\Policies\LotteryDrawPolicy",view,confirmed,,none,,0,,authenticated_user_and_route_bound_record,missing,0,0,1,0,"App\Models\LotteryDraw",read,0,not_required,unknown,0,allocations,Atribuições,47D,high,high,not_detected,,laravel_route_collection|resolved_middleware|controller_reflection|controller_source|policy_discovery|permission_catalog,remove_fixed_role;apply_permission:allocations.view;enforce_municipal_scope;preserve_active_mfa_log;add_http_security_tests
backoffice.lottery-draws.run,backoffice/sorteios/{lotteryDraw}/executar,POST,"App\Http\Controllers\Backoffice\LotteryDrawController",run,"web|auth|role:administrator,municipal_technician,jury,financial_manager,maintenance_manager,auditor",0,0,0,"role:administrator,municipal_technician,jury,financial_manager,maintenance_manager,auditor",,,0,0,,0,"App\Policies\LotteryDrawPolicy",update,confirmed,"App\Http\Requests\RunLotteryDrawRequest",always_true,,0,,authenticated_user_and_route_bound_record,missing,0,0,1,0,"App\Models\LotteryDraw",mutation,1,required,confirmed,0,allocations,Atribuições,47D,high,low,route_name_reference,tests/Feature/Backoffice/LotteryClosureFlowTest.php,laravel_route_collection|resolved_middleware|controller_reflection|controller_source|form_request_reflection|policy_discovery|existing_test_route_reference,remove_fixed_role;define_semantic_permission;enforce_municipal_scope;preserve_active_mfa_log;add_http_security_tests
backoffice.lottery-draws.show,backoffice/sorteios/{lotteryDraw},GET,"App\Http\Controllers\Backoffice\LotteryDrawController",show,"web|auth|role:administrator,municipal_technician,jury,financial_manager,maintenance_manager,auditor",0,0,0,"role:administrator,municipal_technician,jury,financial_manager,maintenance_manager,auditor",,,1,1,allocations.view,0,"App\Policies\LotteryDrawPolicy",view,confirmed,,none,,0,,authenticated_user_and_route_bound_record,missing,0,0,1,0,"App\Models\LotteryDraw",read,0,not_required,confirmed,0,allocations,Atribuições,47D,high,high,not_detected,,laravel_route_collection|resolved_middleware|controller_reflection|controller_source|policy_discovery|permission_catalog,remove_fixed_role;apply_permission:allocations.view;enforce_municipal_scope;preserve_active_mfa_log;add_http_security_tests
backoffice.lottery-draws.store,backoffice/sorteios,POST,"App\Http\Controllers\Backoffice\LotteryDrawController",store,"web|auth|role:administrator,municipal_technician,jury,financial_manager,maintenance_manager,auditor",0,0,0,"role:administrator,municipal_technician,jury,financial_manager,maintenance_manager,auditor",,,1,1,allocations.create,0,"App\Policies\LotteryDrawPolicy",create,confirmed,"App\Http\Requests\StoreLotteryDrawRequest",always_true,,0,,authenticated_user_and_route_bound_record,missing,0,0,1,0,"App\Models\LotteryDraw",mutation,1,required,confirmed,0,allocations,Atribuições,47D,high,high,route_name_reference,tests/Feature/Backoffice/LotteryClosureFlowTest.php,laravel_route_collection|resolved_middleware|controller_reflection|controller_source|form_request_reflection|policy_discovery|permission_catalog|existing_test_route_reference,remove_fixed_role;apply_permission:allocations.create;enforce_municipal_scope;preserve_active_mfa_log;add_http_security_tests
backoffice.lottery-draws.update,backoffice/sorteios/{lotteryDraw},PUT|PATCH,"App\Http\Controllers\Backoffice\LotteryDrawController",update,"web|auth|role:administrator,municipal_technician,jury,financial_manager,maintenance_manager,auditor",0,0,0,"role:administrator,municipal_technician,jury,financial_manager,maintenance_manager,auditor",,,1,1,allocations.update,0,"App\Policies\LotteryDrawPolicy",update,confirmed,"App\Http\Requests\UpdateLotteryDrawRequest",always_true,,0,,authenticated_user_and_route_bound_record,missing,0,0,1,0,"App\Models\LotteryDraw",mutation,1,required,confirmed,0,allocations,Atribuições,47D,high,high,not_detected,,laravel_route_collection|resolved_middleware|controller_reflection|controller_source|form_request_reflection|policy_discovery|permission_catalog,remove_fixed_role;apply_permission:allocations.update;enforce_municipal_scope;preserve_active_mfa_log;add_http_security_tests
backoffice.lottery-draws.validate,backoffice/sorteios/{lotteryDraw}/validar,POST,"App\Http\Controllers\Backoffice\LotteryDrawController",validateResult,"web|auth|role:administrator,municipal_technician,jury,financial_manager,maintenance_manager,auditor",0,0,0,"role:administrator,municipal_technician,jury,financial_manager,maintenance_manager,auditor",,,0,0,,0,"App\Policies\LotteryDrawPolicy",approve,confirmed,"App\Http\Requests\ValidateLotteryResultRequest",always_true,,0,,authenticated_user_and_route_bound_record,missing,0,0,1,0,"App\Models\LotteryDraw",mutation,1,required,confirmed,0,allocations,Atribuições,47D,high,low,route_name_reference,tests/Feature/Backoffice/LotteryClosureFlowTest.php,laravel_route_collection|resolved_middleware|controller_reflection|controller_source|form_request_reflection|policy_discovery|existing_test_route_reference,remove_fixed_role;define_semantic_permission;enforce_municipal_scope;preserve_active_mfa_log;add_http_security_tests
backoffice.lottery-results.winner.store,backoffice/resultados-sorteio/{lotteryResult}/vencedor,POST,"App\Http\Controllers\Backoffice\WinnerRegistrationController",store,"web|auth|role:administrator,municipal_technician,jury,financial_manager,maintenance_manager,auditor",0,0,0,"role:administrator,municipal_technician,jury,financial_manager,maintenance_manager,auditor",,,1,1,allocations.create,0,"App\Policies\LotteryResultPolicy",create,confirmed,"App\Http\Requests\RegisterWinnerRequest",always_true,,0,,authenticated_user_and_route_bound_record,missing,0,0,1,0,"App\Models\LotteryResult",mutation,1,required,confirmed,0,allocations,Atribuições,47D,high,high,route_name_reference,tests/Feature/Backoffice/LotteryClosureFlowTest.php,laravel_route_collection|resolved_middleware|controller_reflection|controller_source|form_request_reflection|policy_discovery|permission_catalog|existing_test_route_reference,remove_fixed_role;apply_permission:allocations.create;enforce_municipal_scope;preserve_active_mfa_log;add_http_security_tests
backoffice.post-draw-reports.show,backoffice/relatorios-pos-sorteio/{postDrawReport},GET,"App\Http\Controllers\Backoffice\PostDrawReportController",show,"web|auth|role:administrator,municipal_technician,jury,financial_manager,maintenance_manager,auditor",0,0,0,"role:administrator,municipal_technician,jury,financial_manager,maintenance_manager,auditor",,,1,1,allocations.view,0,"App\Policies\PostDrawReportPolicy",view,confirmed,,none,,0,,authenticated_user_and_route_bound_record,missing,0,0,1,0,"App\Models\PostDrawReport",read,0,not_required,confirmed,0,allocations,Atribuições,47D,high,high,not_detected,,laravel_route_collection|resolved_middleware|controller_reflection|controller_source|policy_discovery|permission_catalog,remove_fixed_role;apply_permission:allocations.view;enforce_municipal_scope;preserve_active_mfa_log;add_http_security_tests
backoffice.withdrawals.index,backoffice/desistencias,GET,"App\Http\Controllers\Backoffice\ControlledWithdrawalController",index,"web|auth|role:administrator,municipal_technician,jury,financial_manager,maintenance_manager,auditor",0,0,0,"role:administrator,municipal_technician,jury,financial_manager,maintenance_manager,auditor",,,1,1,allocations.view,0,"App\Policies\ControlledWithdrawalPolicy",viewAny,confirmed,,none,,0,,authenticated_user_and_route_bound_record,missing,0,0,1,0,"App\Models\ControlledWithdrawal",read,0,not_required,unknown,0,allocations,Atribuições,47D,high,high,not_detected,,laravel_route_collection|resolved_middleware|controller_reflection|controller_source|policy_discovery|permission_catalog,remove_fixed_role;apply_permission:allocations.view;enforce_municipal_scope;preserve_active_mfa_log;add_http_security_tests
backoffice.withdrawals.process,backoffice/desistencias/{controlledWithdrawal}/processar,POST,"App\Http\Controllers\Backoffice\ControlledWithdrawalController",process,"web|auth|role:administrator,municipal_technician,jury,financial_manager,maintenance_manager,auditor",0,0,0,"role:administrator,municipal_technician,jury,financial_manager,maintenance_manager,auditor",,,1,1,allocations.view,0,"App\Policies\ControlledWithdrawalPolicy",update,confirmed,,none,,0,,authenticated_user_and_route_bound_record,missing,0,0,1,0,"App\Models\ControlledWithdrawal",mutation,1,required,missing,0,allocations,Atribuições,47D,high,high,not_detected,,laravel_route_collection|resolved_middleware|controller_reflection|controller_source|policy_discovery|permission_catalog,remove_fixed_role;apply_permission:allocations.view;enforce_municipal_scope;preserve_active_mfa_log;add_http_security_tests
backoffice.withdrawals.show,backoffice/desistencias/{controlledWithdrawal},GET,"App\Http\Controllers\Backoffice\ControlledWithdrawalController",show,"web|auth|role:administrator,municipal_technician,jury,financial_manager,maintenance_manager,auditor",0,0,0,"role:administrator,municipal_technician,jury,financial_manager,maintenance_manager,auditor",,,1,1,allocations.view,0,"App\Policies\ControlledWithdrawalPolicy",view,confirmed,,none,,0,,authenticated_user_and_route_bound_record,missing,0,0,1,0,"App\Models\ControlledWithdrawal",read,0,not_required,unknown,0,allocations,Atribuições,47D,high,high,not_detected,,laravel_route_collection|resolved_middleware|controller_reflection|controller_source|policy_discovery|permission_catalog,remove_fixed_role;apply_permission:allocations.view;enforce_municipal_scope;preserve_active_mfa_log;add_http_security_tests
backoffice.additional-information-requests.close,backoffice/additional-information-requests/{additionalInformationRequest}/close,POST,"App\Http\Controllers\Backoffice\AdditionalInformationRequestController",close,"web|auth|role:administrator,municipal_technician,jury,financial_manager,maintenance_manager,auditor",0,0,0,"role:administrator,municipal_technician,jury,financial_manager,maintenance_manager,auditor",,,1,1,complaints.update,0,"App\Policies\AdditionalInformationRequestPolicy",update,confirmed,,none,,0,,authenticated_user_and_route_bound_record,missing,0,0,1,0,"App\Models\AdditionalInformationRequest",mutation,1,required,confirmed,1,complaints,Reclamações,47D,high,high,not_detected,,laravel_route_collection|resolved_middleware|controller_reflection|controller_source|policy_discovery|permission_catalog,remove_fixed_role;apply_permission:complaints.update;enforce_municipal_scope;preserve_active_mfa_log;add_http_security_tests
backoffice.additional-information-requests.create,backoffice/complaints/{complaint}/additional-information/create,GET,"App\Http\Controllers\Backoffice\AdditionalInformationRequestController",create,"web|auth|role:administrator,municipal_technician,jury,financial_manager,maintenance_manager,auditor",0,0,0,"role:administrator,municipal_technician,jury,financial_manager,maintenance_manager,auditor",,,1,1,complaints.create,0,"App\Policies\ComplaintPolicy",create,confirmed,,none,,0,,authenticated_user_and_route_bound_record,missing,0,0,1,0,"App\Models\Complaint",read,0,recommended,confirmed,1,complaints,Reclamações,47D,high,high,not_detected,,laravel_route_collection|resolved_middleware|controller_reflection|controller_source|policy_discovery|permission_catalog,remove_fixed_role;apply_permission:complaints.create;enforce_municipal_scope;preserve_active_mfa_log;add_http_security_tests
backoffice.additional-information-requests.mark-overdue,backoffice/additional-information-requests/{additionalInformationRequest}/mark-overdue,POST,"App\Http\Controllers\Backoffice\AdditionalInformationRequestController",markOverdue,"web|auth|role:administrator,municipal_technician,jury,financial_manager,maintenance_manager,auditor",0,0,0,"role:administrator,municipal_technician,jury,financial_manager,maintenance_manager,auditor",,,1,1,complaints.view,0,"App\Policies\AdditionalInformationRequestPolicy",update,confirmed,,none,,0,,authenticated_user_and_route_bound_record,missing,0,0,1,0,"App\Models\AdditionalInformationRequest",mutation,1,required,confirmed,1,complaints,Reclamações,47D,high,high,not_detected,,laravel_route_collection|resolved_middleware|controller_reflection|controller_source|policy_discovery|permission_catalog,remove_fixed_role;apply_permission:complaints.view;enforce_municipal_scope;preserve_active_mfa_log;add_http_security_tests
backoffice.additional-information-requests.show,backoffice/additional-information-requests/{additionalInformationRequest},GET,"App\Http\Controllers\Backoffice\AdditionalInformationRequestController",show,"web|auth|role:administrator,municipal_technician,jury,financial_manager,maintenance_manager,auditor",0,0,0,"role:administrator,municipal_technician,jury,financial_manager,maintenance_manager,auditor",,,1,1,complaints.view,0,"App\Policies\AdditionalInformationRequestPolicy",view,confirmed,,none,,0,,authenticated_user_and_route_bound_record,missing,0,0,1,0,"App\Models\AdditionalInformationRequest",read,0,recommended,confirmed,1,complaints,Reclamações,47D,high,high,not_detected,,laravel_route_collection|resolved_middleware|controller_reflection|controller_source|policy_discovery|permission_catalog,remove_fixed_role;apply_permission:complaints.view;enforce_municipal_scope;preserve_active_mfa_log;add_http_security_tests
backoffice.additional-information-requests.store,backoffice/complaints/{complaint}/additional-information,POST,"App\Http\Controllers\Backoffice\AdditionalInformationRequestController",store,"web|auth|role:administrator,municipal_technician,jury,financial_manager,maintenance_manager,auditor",0,0,0,"role:administrator,municipal_technician,jury,financial_manager,maintenance_manager,auditor",,,1,1,complaints.create,0,"App\Policies\ComplaintPolicy",create,confirmed,"App\Http\Requests\StoreAdditionalInformationRequestRequest",always_true,,0,,authenticated_user_and_route_bound_record,missing,0,0,1,0,"App\Models\Complaint",mutation,1,required,confirmed,1,complaints,Reclamações,47D,high,high,not_detected,,laravel_route_collection|resolved_middleware|controller_reflection|controller_source|form_request_reflection|policy_discovery|permission_catalog,remove_fixed_role;apply_permission:complaints.create;enforce_municipal_scope;preserve_active_mfa_log;add_http_security_tests
backoffice.cases.complaints.show,backoffice/cases/complaints/{complaint},GET,"App\Http\Controllers\Backoffice\CaseWorkspaceController",complaint,"web|auth|role:administrator,municipal_technician,jury,financial_manager,maintenance_manager,auditor",0,0,0,"role:administrator,municipal_technician,jury,financial_manager,maintenance_manager,auditor",,,1,1,complaints.view,0,"App\Policies\ComplaintPolicy",view,inferred,,none,,,,dynamic_domain_context,candidate,,0,0,1,"App\Models\Complaint",read,0,recommended,unknown,1,complaints,Reclamações,47D,high,high,route_name_reference,tests/Feature/UX/ComplaintCaseWorkspaceTest.php,laravel_route_collection|resolved_middleware|controller_reflection|controller_source|policy_discovery|permission_catalog|existing_test_route_reference,remove_fixed_role;apply_permission:complaints.view;preserve_active_mfa_log;add_http_security_tests
backoffice.complaints.assign,backoffice/complaints/{complaint}/assign,POST,"App\Http\Controllers\Backoffice\ComplaintController",assign,"web|auth|role:administrator,municipal_technician,jury,financial_manager,maintenance_manager,auditor",0,0,0,"role:administrator,municipal_technician,jury,financial_manager,maintenance_manager,auditor",,,0,0,,0,"App\Policies\ComplaintPolicy",update,confirmed,"App\Http\Requests\AssignComplaintRequest",always_true,,0,,authenticated_user_and_route_bound_record,missing,0,0,1,0,"App\Models\Complaint",mutation,1,required,confirmed,1,complaints,Reclamações,47D,high,low,not_detected,,laravel_route_collection|resolved_middleware|controller_reflection|controller_source|form_request_reflection|policy_discovery,remove_fixed_role;define_semantic_permission;enforce_municipal_scope;preserve_active_mfa_log;add_http_security_tests
backoffice.complaints.close,backoffice/complaints/{complaint}/close,POST,"App\Http\Controllers\Backoffice\ComplaintController",close,"web|auth|role:administrator,municipal_technician,jury,financial_manager,maintenance_manager,auditor",0,0,0,"role:administrator,municipal_technician,jury,financial_manager,maintenance_manager,auditor",,,1,1,complaints.update,0,"App\Policies\ComplaintPolicy",update,confirmed,,none,,0,,authenticated_user_and_route_bound_record,missing,0,0,1,0,"App\Models\Complaint",mutation,1,required,confirmed,1,complaints,Reclamações,47D,high,high,not_detected,,laravel_route_collection|resolved_middleware|controller_reflection|controller_source|policy_discovery|permission_catalog,remove_fixed_role;apply_permission:complaints.update;enforce_municipal_scope;preserve_active_mfa_log;add_http_security_tests
backoffice.complaints.index,backoffice/complaints,GET,"App\Http\Controllers\Backoffice\ComplaintController",index,"web|auth|role:administrator,municipal_technician,jury,financial_manager,maintenance_manager,auditor",0,0,0,"role:administrator,municipal_technician,jury,financial_manager,maintenance_manager,auditor",,,1,1,complaints.view,0,"App\Policies\ComplaintPolicy",viewAny,confirmed,,none,,0,,authenticated_user_and_route_bound_record,missing,0,0,1,0,"App\Models\Complaint",read,0,recommended,confirmed,1,complaints,Reclamações,47D,high,high,not_detected,,laravel_route_collection|resolved_middleware|controller_reflection|controller_source|policy_discovery|permission_catalog,remove_fixed_role;apply_permission:complaints.view;enforce_municipal_scope;preserve_active_mfa_log;add_http_security_tests
backoffice.complaints.mark-received,backoffice/complaints/{complaint}/mark-received,POST,"App\Http\Controllers\Backoffice\ComplaintController",markReceived,"web|auth|role:administrator,municipal_technician,jury,financial_manager,maintenance_manager,auditor",0,0,0,"role:administrator,municipal_technician,jury,financial_manager,maintenance_manager,auditor",,,1,1,complaints.view,0,"App\Policies\ComplaintPolicy",update,confirmed,,none,,0,,authenticated_user_and_route_bound_record,missing,0,0,1,0,"App\Models\Complaint",mutation,1,required,confirmed,1,complaints,Reclamações,47D,high,high,route_name_reference,tests/Feature/Sprint11ListsComplaintsHearingTest.php,laravel_route_collection|resolved_middleware|controller_reflection|controller_source|policy_discovery|permission_catalog|existing_test_route_reference,remove_fixed_role;apply_permission:complaints.view;enforce_municipal_scope;preserve_active_mfa_log;add_http_security_tests
backoffice.complaints.reviews.store,backoffice/complaints/{complaint}/reviews,POST,"App\Http\Controllers\Backoffice\ComplaintReviewController",store,"web|auth|role:administrator,municipal_technician,jury,financial_manager,maintenance_manager,auditor",0,0,0,"role:administrator,municipal_technician,jury,financial_manager,maintenance_manager,auditor",,,1,1,complaints.create,0,"App\Policies\ComplaintPolicy",create,confirmed,,none,,0,,authenticated_user_and_route_bound_record,missing,0,0,1,0,"App\Models\Complaint",mutation,1,required,missing,1,complaints,Reclamações,47D,high,high,not_detected,,laravel_route_collection|resolved_middleware|controller_reflection|controller_source|policy_discovery|permission_catalog,remove_fixed_role;apply_permission:complaints.create;enforce_municipal_scope;preserve_active_mfa_log;add_http_security_tests
backoffice.complaints.show,backoffice/complaints/{complaint},GET,"App\Http\Controllers\Backoffice\ComplaintController",show,"web|auth|role:administrator,municipal_technician,jury,financial_manager,maintenance_manager,auditor",0,0,0,"role:administrator,municipal_technician,jury,financial_manager,maintenance_manager,auditor",,,1,1,complaints.view,0,"App\Policies\ComplaintPolicy",view,confirmed,,none,,0,,authenticated_user_and_route_bound_record,missing,0,0,1,0,"App\Models\Complaint",read,0,recommended,confirmed,1,complaints,Reclamações,47D,high,high,not_detected,,laravel_route_collection|resolved_middleware|controller_reflection|controller_source|policy_discovery|permission_catalog,remove_fixed_role;apply_permission:complaints.view;enforce_municipal_scope;preserve_active_mfa_log;add_http_security_tests
backoffice.complaints.start-review,backoffice/complaints/{complaint}/start-review,POST,"App\Http\Controllers\Backoffice\ComplaintController",startReview,"web|auth|role:administrator,municipal_technician,jury,financial_manager,maintenance_manager,auditor",0,0,0,"role:administrator,municipal_technician,jury,financial_manager,maintenance_manager,auditor",,,1,1,complaints.update,0,"App\Policies\ComplaintPolicy",update,confirmed,,none,,0,,authenticated_user_and_route_bound_record,missing,0,0,1,0,"App\Models\Complaint",mutation,1,required,confirmed,1,complaints,Reclamações,47D,high,high,route_name_reference,tests/Feature/Sprint11ListsComplaintsHearingTest.php,laravel_route_collection|resolved_middleware|controller_reflection|controller_source|policy_discovery|permission_catalog|existing_test_route_reference,remove_fixed_role;apply_permission:complaints.update;enforce_municipal_scope;preserve_active_mfa_log;add_http_security_tests
backoffice.lists.provisional.close-complaint-period,backoffice/lists/provisional/{provisionalList}/close-complaint-period,POST,"App\Http\Controllers\Backoffice\ProvisionalListController",closeComplaintPeriod,"web|auth|role:administrator,municipal_technician,jury,financial_manager,maintenance_manager,auditor",0,0,0,"role:administrator,municipal_technician,jury,financial_manager,maintenance_manager,auditor",,,1,1,complaints.update,0,"App\Policies\ProvisionalListPolicy",update,confirmed,"App\Http\Requests\CloseComplaintPeriodRequest",always_true,,0,,authenticated_user_and_route_bound_record,missing,0,0,1,0,"App\Models\ProvisionalList",mutation,1,required,confirmed,1,complaints,Reclamações,47D,high,high,not_detected,,laravel_route_collection|resolved_middleware|controller_reflection|controller_source|form_request_reflection|policy_discovery|permission_catalog,remove_fixed_role;apply_permission:complaints.update;enforce_municipal_scope;preserve_active_mfa_log;add_http_security_tests
backoffice.lists.provisional.open-complaint-period,backoffice/lists/provisional/{provisionalList}/open-complaint-period,POST,"App\Http\Controllers\Backoffice\ProvisionalListController",openComplaintPeriod,"web|auth|role:administrator,municipal_technician,jury,financial_manager,maintenance_manager,auditor",0,0,0,"role:administrator,municipal_technician,jury,financial_manager,maintenance_manager,auditor",,,1,1,complaints.view,0,"App\Policies\ProvisionalListPolicy",update,confirmed,"App\Http\Requests\OpenComplaintPeriodRequest",always_true,,0,,authenticated_user_and_route_bound_record,missing,0,0,1,0,"App\Models\ProvisionalList",mutation,1,required,confirmed,1,complaints,Reclamações,47D,high,high,not_detected,,laravel_route_collection|resolved_middleware|controller_reflection|controller_source|form_request_reflection|policy_discovery|permission_catalog,remove_fixed_role;apply_permission:complaints.view;enforce_municipal_scope;preserve_active_mfa_log;add_http_security_tests
backoffice.hearing-submissions.accept,backoffice/hearing-submissions/{hearingSubmission}/accept,POST,"App\Http\Controllers\Backoffice\HearingSubmissionReviewController",accept,"web|auth|role:administrator,municipal_technician,jury,financial_manager,maintenance_manager,auditor",0,0,0,"role:administrator,municipal_technician,jury,financial_manager,maintenance_manager,auditor",,,1,1,complaints.view,0,"App\Policies\HearingSubmissionPolicy",review,confirmed,"App\Http\Requests\ReviewHearingSubmissionRequest",always_true,,0,,authenticated_user_and_route_bound_record,missing,0,0,1,0,"App\Models\HearingSubmission",mutation,1,required,confirmed,1,hearings,Audiência,47D,high,high,not_detected,,laravel_route_collection|resolved_middleware|controller_reflection|controller_source|form_request_reflection|policy_discovery|permission_catalog,remove_fixed_role;apply_permission:complaints.view;enforce_municipal_scope;preserve_active_mfa_log;add_http_security_tests
backoffice.hearing-submissions.reject,backoffice/hearing-submissions/{hearingSubmission}/reject,POST,"App\Http\Controllers\Backoffice\HearingSubmissionReviewController",reject,"web|auth|role:administrator,municipal_technician,jury,financial_manager,maintenance_manager,auditor",0,0,0,"role:administrator,municipal_technician,jury,financial_manager,maintenance_manager,auditor",,,1,1,complaints.reject,0,"App\Policies\HearingSubmissionPolicy",review,confirmed,"App\Http\Requests\ReviewHearingSubmissionRequest",always_true,,0,,authenticated_user_and_route_bound_record,missing,0,0,1,0,"App\Models\HearingSubmission",mutation,1,required,confirmed,1,hearings,Audiência,47D,high,high,not_detected,,laravel_route_collection|resolved_middleware|controller_reflection|controller_source|form_request_reflection|policy_discovery|permission_catalog,remove_fixed_role;apply_permission:complaints.reject;enforce_municipal_scope;preserve_active_mfa_log;add_http_security_tests
backoffice.hearing-submissions.show,backoffice/hearing-submissions/{hearingSubmission},GET,"App\Http\Controllers\Backoffice\HearingSubmissionReviewController",show,"web|auth|role:administrator,municipal_technician,jury,financial_manager,maintenance_manager,auditor",0,0,0,"role:administrator,municipal_technician,jury,financial_manager,maintenance_manager,auditor",,,1,1,complaints.view,0,"App\Policies\HearingSubmissionPolicy",view,confirmed,,none,,0,,authenticated_user_and_route_bound_record,missing,0,0,1,0,"App\Models\HearingSubmission",read,0,recommended,confirmed,1,hearings,Audiência,47D,high,high,not_detected,,laravel_route_collection|resolved_middleware|controller_reflection|controller_source|policy_discovery|permission_catalog,remove_fixed_role;apply_permission:complaints.view;enforce_municipal_scope;preserve_active_mfa_log;add_http_security_tests
backoffice.hearings.cancel,backoffice/hearings/{hearing}/cancel,POST,"App\Http\Controllers\Backoffice\HearingController",cancel,"web|auth|role:administrator,municipal_technician,jury,financial_manager,maintenance_manager,auditor",0,0,0,"role:administrator,municipal_technician,jury,financial_manager,maintenance_manager,auditor",,,0,0,,0,"App\Policies\HearingPolicy",update,confirmed,,none,,0,,authenticated_user_and_route_bound_record,missing,0,0,1,0,"App\Models\Hearing",mutation,1,required,confirmed,1,hearings,Audiência,47D,high,low,not_detected,,laravel_route_collection|resolved_middleware|controller_reflection|controller_source|policy_discovery,remove_fixed_role;define_semantic_permission;enforce_municipal_scope;preserve_active_mfa_log;add_http_security_tests
backoffice.hearings.close,backoffice/hearings/{hearing}/close,POST,"App\Http\Controllers\Backoffice\HearingController",close,"web|auth|role:administrator,municipal_technician,jury,financial_manager,maintenance_manager,auditor",0,0,0,"role:administrator,municipal_technician,jury,financial_manager,maintenance_manager,auditor",,,1,1,complaints.update,0,"App\Policies\HearingPolicy",update,confirmed,,none,,0,,authenticated_user_and_route_bound_record,missing,0,0,1,0,"App\Models\Hearing",mutation,1,required,confirmed,1,hearings,Audiência,47D,high,high,not_detected,,laravel_route_collection|resolved_middleware|controller_reflection|controller_source|policy_discovery|permission_catalog,remove_fixed_role;apply_permission:complaints.update;enforce_municipal_scope;preserve_active_mfa_log;add_http_security_tests
backoffice.hearings.create,backoffice/hearings/create,GET,"App\Http\Controllers\Backoffice\HearingController",create,"web|auth|role:administrator,municipal_technician,jury,financial_manager,maintenance_manager,auditor",0,0,0,"role:administrator,municipal_technician,jury,financial_manager,maintenance_manager,auditor",,,1,1,complaints.create,0,"App\Policies\HearingPolicy",create,confirmed,,none,,0,,authenticated_user_and_route_bound_record,missing,0,0,1,0,"App\Models\Hearing",read,0,recommended,confirmed,1,hearings,Audiência,47D,high,high,not_detected,,laravel_route_collection|resolved_middleware|controller_reflection|controller_source|policy_discovery|permission_catalog,remove_fixed_role;apply_permission:complaints.create;enforce_municipal_scope;preserve_active_mfa_log;add_http_security_tests
backoffice.hearings.index,backoffice/hearings,GET,"App\Http\Controllers\Backoffice\HearingController",index,"web|auth|role:administrator,municipal_technician,jury,financial_manager,maintenance_manager,auditor",0,0,0,"role:administrator,municipal_technician,jury,financial_manager,maintenance_manager,auditor",,,1,1,complaints.view,0,"App\Policies\HearingPolicy",viewAny,confirmed,,none,,0,,authenticated_user_and_route_bound_record,missing,0,0,1,0,"App\Models\Hearing",read,0,recommended,confirmed,1,hearings,Audiência,47D,high,high,not_detected,,laravel_route_collection|resolved_middleware|controller_reflection|controller_source|policy_discovery|permission_catalog,remove_fixed_role;apply_permission:complaints.view;enforce_municipal_scope;preserve_active_mfa_log;add_http_security_tests
backoffice.hearings.issue,backoffice/hearings/{hearing}/issue,POST,"App\Http\Controllers\Backoffice\HearingController",issue,"web|auth|role:administrator,municipal_technician,jury,financial_manager,maintenance_manager,auditor",0,0,0,"role:administrator,municipal_technician,jury,financial_manager,maintenance_manager,auditor",,,1,1,complaints.view,0,"App\Policies\HearingPolicy",update,confirmed,"App\Http\Requests\IssueHearingRequest",always_true,,0,,authenticated_user_and_route_bound_record,missing,0,0,1,0,"App\Models\Hearing",mutation,1,required,confirmed,1,hearings,Audiência,47D,high,high,route_name_reference,tests/Feature/Sprint11ListsComplaintsHearingTest.php,laravel_route_collection|resolved_middleware|controller_reflection|controller_source|form_request_reflection|policy_discovery|permission_catalog|existing_test_route_reference,remove_fixed_role;apply_permission:complaints.view;enforce_municipal_scope;preserve_active_mfa_log;add_http_security_tests
backoffice.hearings.show,backoffice/hearings/{hearing},GET,"App\Http\Controllers\Backoffice\HearingController",show,"web|auth|role:administrator,municipal_technician,jury,financial_manager,maintenance_manager,auditor",0,0,0,"role:administrator,municipal_technician,jury,financial_manager,maintenance_manager,auditor",,,1,1,complaints.view,0,"App\Policies\HearingPolicy",view,confirmed,,none,,0,,authenticated_user_and_route_bound_record,missing,0,0,1,0,"App\Models\Hearing",read,0,recommended,confirmed,1,hearings,Audiência,47D,high,high,not_detected,,laravel_route_collection|resolved_middleware|controller_reflection|controller_source|policy_discovery|permission_catalog,remove_fixed_role;apply_permission:complaints.view;enforce_municipal_scope;preserve_active_mfa_log;add_http_security_tests
backoffice.hearings.store,backoffice/hearings,POST,"App\Http\Controllers\Backoffice\HearingController",store,"web|auth|role:administrator,municipal_technician,jury,financial_manager,maintenance_manager,auditor",0,0,0,"role:administrator,municipal_technician,jury,financial_manager,maintenance_manager,auditor",,,1,1,complaints.create,0,"App\Policies\HearingPolicy",create,confirmed,"App\Http\Requests\StoreHearingRequest",always_true,,0,,authenticated_user_and_route_bound_record,missing,0,0,1,0,"App\Models\Hearing",mutation,1,required,confirmed,1,hearings,Audiência,47D,high,high,route_name_reference,tests/Feature/Sprint11ListsComplaintsHearingTest.php,laravel_route_collection|resolved_middleware|controller_reflection|controller_source|form_request_reflection|policy_discovery|permission_catalog|existing_test_route_reference,remove_fixed_role;apply_permission:complaints.create;enforce_municipal_scope;preserve_active_mfa_log;add_http_security_tests
backoffice.preliminary-hearings.decide,backoffice/audiencias-previas/{preliminaryHearingSubmission}/decidir,POST,"App\Http\Controllers\Backoffice\PreliminaryHearingSubmissionController",decide,"web|auth|role:administrator,municipal_technician,jury,financial_manager,maintenance_manager,auditor",0,0,0,"role:administrator,municipal_technician,jury,financial_manager,maintenance_manager,auditor",,,1,1,complaints.view,0,"App\Policies\HearingSubmissionPolicy",review,confirmed,"App\Http\Requests\UpdatePreliminaryHearingSubmissionRequest",custom,,0,,authenticated_user_and_route_bound_record,missing,0,0,1,0,"App\Models\HearingSubmission",mutation,1,required,confirmed,1,hearings,Audiência,47D,high,high,not_detected,,laravel_route_collection|resolved_middleware|controller_reflection|controller_source|form_request_reflection|policy_discovery|permission_catalog,remove_fixed_role;apply_permission:complaints.view;enforce_municipal_scope;preserve_active_mfa_log;add_http_security_tests
backoffice.preliminary-hearings.index,backoffice/audiencias-previas,GET,"App\Http\Controllers\Backoffice\PreliminaryHearingSubmissionController",index,"web|auth|role:administrator,municipal_technician,jury,financial_manager,maintenance_manager,auditor",0,0,0,"role:administrator,municipal_technician,jury,financial_manager,maintenance_manager,auditor",,,1,1,complaints.view,0,,viewAny,confirmed,,none,,0,,authenticated_user,candidate,,0,1,0,,read,0,recommended,confirmed,1,hearings,Audiência,47D,high,medium,not_detected,,laravel_route_collection|resolved_middleware|controller_reflection|controller_source|permission_catalog,remove_fixed_role;apply_permission:complaints.view;preserve_active_mfa_log;add_http_security_tests
backoffice.preliminary-hearings.show,backoffice/audiencias-previas/{preliminaryHearingSubmission},GET,"App\Http\Controllers\Backoffice\PreliminaryHearingSubmissionController",show,"web|auth|role:administrator,municipal_technician,jury,financial_manager,maintenance_manager,auditor",0,0,0,"role:administrator,municipal_technician,jury,financial_manager,maintenance_manager,auditor",,,1,1,complaints.view,0,"App\Policies\HearingSubmissionPolicy",view,confirmed,,none,,0,,authenticated_user_and_route_bound_record,missing,0,0,1,0,"App\Models\HearingSubmission",read,0,recommended,confirmed,1,hearings,Audiência,47D,high,high,not_detected,,laravel_route_collection|resolved_middleware|controller_reflection|controller_source|policy_discovery|permission_catalog,remove_fixed_role;apply_permission:complaints.view;enforce_municipal_scope;preserve_active_mfa_log;add_http_security_tests
backoffice.lists.automation-runs.approve,backoffice/lists/automation-runs/{listAutomationRun}/approve,POST,"App\Http\Controllers\Backoffice\ListAutomationController",approve,"web|auth|role:administrator,municipal_technician,jury,financial_manager,maintenance_manager,auditor",0,0,0,"role:administrator,municipal_technician,jury,financial_manager,maintenance_manager,auditor",,,1,1,public_lists.approve,0,"App\Policies\ListAutomationRunPolicy",approve,confirmed,"App\Http\Requests\ApproveListAutomationRunRequest",custom,,0,,authenticated_user_and_route_bound_record,missing,0,0,1,0,"App\Models\ListAutomationRun",mutation,1,required,confirmed,0,lists,Listas,47D,high,high,not_detected,,laravel_route_collection|resolved_middleware|controller_reflection|controller_source|form_request_reflection|policy_discovery|permission_catalog,remove_fixed_role;apply_permission:public_lists.approve;enforce_municipal_scope;preserve_active_mfa_log;add_http_security_tests
backoffice.lists.automation-runs.show,backoffice/lists/automation-runs/{listAutomationRun},GET,"App\Http\Controllers\Backoffice\ListAutomationController",show,"web|auth|role:administrator,municipal_technician,jury,financial_manager,maintenance_manager,auditor",0,0,0,"role:administrator,municipal_technician,jury,financial_manager,maintenance_manager,auditor",,,1,1,public_lists.view,0,"App\Policies\ListAutomationRunPolicy",view,confirmed,,none,,0,,authenticated_user_and_route_bound_record,missing,0,0,1,0,"App\Models\ListAutomationRun",read,0,not_required,confirmed,0,lists,Listas,47D,high,high,not_detected,,laravel_route_collection|resolved_middleware|controller_reflection|controller_source|policy_discovery|permission_catalog,remove_fixed_role;apply_permission:public_lists.view;enforce_municipal_scope;preserve_active_mfa_log;add_http_security_tests
backoffice.lists.automation.definitive,backoffice/lists/automation/{contest}/definitive,POST,"App\Http\Controllers\Backoffice\ListAutomationController",generateDefinitive,"web|auth|role:administrator,municipal_technician,jury,financial_manager,maintenance_manager,auditor",0,0,0,"role:administrator,municipal_technician,jury,financial_manager,maintenance_manager,auditor",,,0,0,,0,"App\Policies\ContestPolicy",create,confirmed,"App\Http\Requests\RunDefinitiveListAutomationRequest",inherited,,0,,authenticated_user_and_route_bound_record,missing,0,0,1,0,"App\Models\Contest",mutation,1,required,confirmed,0,lists,Listas,47D,high,low,not_detected,,laravel_route_collection|resolved_middleware|controller_reflection|controller_source|form_request_reflection|policy_discovery,remove_fixed_role;define_semantic_permission;enforce_municipal_scope;preserve_active_mfa_log;add_http_security_tests
backoffice.lists.automation.index,backoffice/lists/automation/{contest},GET,"App\Http\Controllers\Backoffice\ListAutomationController",index,"web|auth|role:administrator,municipal_technician,jury,financial_manager,maintenance_manager,auditor",0,0,0,"role:administrator,municipal_technician,jury,financial_manager,maintenance_manager,auditor",,,1,1,contests.view,0,"App\Policies\ContestPolicy",viewAny,confirmed,,none,,0,,authenticated_user_and_route_bound_record,missing,0,0,1,0,"App\Models\Contest",read,0,not_required,confirmed,0,lists,Listas,47D,high,high,not_detected,,laravel_route_collection|resolved_middleware|controller_reflection|controller_source|policy_discovery|permission_catalog,remove_fixed_role;apply_permission:contests.view;enforce_municipal_scope;preserve_active_mfa_log;add_http_security_tests
backoffice.lists.automation.provisional,backoffice/lists/automation/{contest}/provisional,POST,"App\Http\Controllers\Backoffice\ListAutomationController",generateProvisional,"web|auth|role:administrator,municipal_technician,jury,financial_manager,maintenance_manager,auditor",0,0,0,"role:administrator,municipal_technician,jury,financial_manager,maintenance_manager,auditor",,,0,0,,0,"App\Policies\ContestPolicy",create,confirmed,"App\Http\Requests\RunProvisionalListAutomationRequest",custom,,0,,authenticated_user_and_route_bound_record,missing,0,0,1,0,"App\Models\Contest",mutation,1,required,confirmed,0,lists,Listas,47D,high,low,not_detected,,laravel_route_collection|resolved_middleware|controller_reflection|controller_source|form_request_reflection|policy_discovery,remove_fixed_role;define_semantic_permission;enforce_municipal_scope;preserve_active_mfa_log;add_http_security_tests
backoffice.lists.definitive.approve,backoffice/lists/definitive/{definitiveList}/approve,POST,"App\Http\Controllers\Backoffice\DefinitiveListController",approve,"web|auth|role:administrator,municipal_technician,jury,financial_manager,maintenance_manager,auditor",0,0,0,"role:administrator,municipal_technician,jury,financial_manager,maintenance_manager,auditor",,,1,1,public_lists.approve,0,"App\Policies\DefinitiveListPolicy",approve,confirmed,"App\Http\Requests\ApproveDefinitiveListRequest",always_true,,0,,authenticated_user_and_route_bound_record,missing,0,0,1,0,"App\Models\DefinitiveList",mutation,1,required,confirmed,0,lists,Listas,47D,high,high,not_detected,,laravel_route_collection|resolved_middleware|controller_reflection|controller_source|form_request_reflection|policy_discovery|permission_catalog,remove_fixed_role;apply_permission:public_lists.approve;enforce_municipal_scope;preserve_active_mfa_log;add_http_security_tests
backoffice.lists.definitive.archive,backoffice/lists/definitive/{definitiveList}/archive,POST,"App\Http\Controllers\Backoffice\DefinitiveListController",archive,"web|auth|role:administrator,municipal_technician,jury,financial_manager,maintenance_manager,auditor",0,0,0,"role:administrator,municipal_technician,jury,financial_manager,maintenance_manager,auditor",,,1,1,public_lists.update,0,"App\Policies\DefinitiveListPolicy",update,confirmed,,none,,0,,authenticated_user_and_route_bound_record,missing,0,0,1,0,"App\Models\DefinitiveList",mutation,1,required,confirmed,0,lists,Listas,47D,high,high,not_detected,,laravel_route_collection|resolved_middleware|controller_reflection|controller_source|policy_discovery|permission_catalog,remove_fixed_role;apply_permission:public_lists.update;enforce_municipal_scope;preserve_active_mfa_log;add_http_security_tests
backoffice.lists.definitive.create,backoffice/lists/definitive/create,GET,"App\Http\Controllers\Backoffice\DefinitiveListController",create,"web|auth|role:administrator,municipal_technician,jury,financial_manager,maintenance_manager,auditor",0,0,0,"role:administrator,municipal_technician,jury,financial_manager,maintenance_manager,auditor",,,1,1,public_lists.create,0,"App\Policies\DefinitiveListPolicy",create,confirmed,,none,,0,,authenticated_user_and_route_bound_record,missing,0,0,1,0,"App\Models\DefinitiveList",read,0,not_required,confirmed,0,lists,Listas,47D,high,high,not_detected,,laravel_route_collection|resolved_middleware|controller_reflection|controller_source|policy_discovery|permission_catalog,remove_fixed_role;apply_permission:public_lists.create;enforce_municipal_scope;preserve_active_mfa_log;add_http_security_tests
backoffice.lists.definitive.index,backoffice/lists/definitive,GET,"App\Http\Controllers\Backoffice\DefinitiveListController",index,"web|auth|role:administrator,municipal_technician,jury,financial_manager,maintenance_manager,auditor",0,0,0,"role:administrator,municipal_technician,jury,financial_manager,maintenance_manager,auditor",,,1,1,public_lists.view,0,"App\Policies\DefinitiveListPolicy",viewAny,confirmed,,none,,0,,authenticated_user_and_route_bound_record,missing,0,0,1,0,"App\Models\DefinitiveList",read,0,not_required,confirmed,0,lists,Listas,47D,high,high,not_detected,,laravel_route_collection|resolved_middleware|controller_reflection|controller_source|policy_discovery|permission_catalog,remove_fixed_role;apply_permission:public_lists.view;enforce_municipal_scope;preserve_active_mfa_log;add_http_security_tests
backoffice.lists.definitive.lock,backoffice/lists/definitive/{definitiveList}/lock,POST,"App\Http\Controllers\Backoffice\DefinitiveListController",lock,"web|auth|role:administrator,municipal_technician,jury,financial_manager,maintenance_manager,auditor",0,0,0,"role:administrator,municipal_technician,jury,financial_manager,maintenance_manager,auditor",,,0,0,,0,"App\Policies\DefinitiveListPolicy",publish,confirmed,"App\Http\Requests\LockDefinitiveListRequest",always_true,,0,,authenticated_user_and_route_bound_record,missing,0,0,1,0,"App\Models\DefinitiveList",mutation,1,required,confirmed,0,lists,Listas,47D,high,low,not_detected,,laravel_route_collection|resolved_middleware|controller_reflection|controller_source|form_request_reflection|policy_discovery,remove_fixed_role;define_semantic_permission;enforce_municipal_scope;preserve_active_mfa_log;add_http_security_tests
backoffice.lists.definitive.publish,backoffice/lists/definitive/{definitiveList}/publish,POST,"App\Http\Controllers\Backoffice\DefinitiveListController",publish,"web|auth|role:administrator,municipal_technician,jury,financial_manager,maintenance_manager,auditor",0,0,0,"role:administrator,municipal_technician,jury,financial_manager,maintenance_manager,auditor",,,1,1,public_lists.publish,0,"App\Policies\DefinitiveListPolicy",publish,confirmed,"App\Http\Requests\PublishDefinitiveListRequest",always_true,,0,,authenticated_user_and_route_bound_record,missing,0,0,1,0,"App\Models\DefinitiveList",mutation,1,required,confirmed,0,lists,Listas,47D,high,high,not_detected,,laravel_route_collection|resolved_middleware|controller_reflection|controller_source|form_request_reflection|policy_discovery|permission_catalog,remove_fixed_role;apply_permission:public_lists.publish;enforce_municipal_scope;preserve_active_mfa_log;add_http_security_tests
backoffice.lists.definitive.review,backoffice/lists/definitive/{definitiveList}/review,POST,"App\Http\Controllers\Backoffice\DefinitiveListController",review,"web|auth|role:administrator,municipal_technician,jury,financial_manager,maintenance_manager,auditor",0,0,0,"role:administrator,municipal_technician,jury,financial_manager,maintenance_manager,auditor",,,1,1,public_lists.update,0,"App\Policies\DefinitiveListPolicy",update,confirmed,,none,,0,,authenticated_user_and_route_bound_record,missing,0,0,1,0,"App\Models\DefinitiveList",mutation,1,required,confirmed,0,lists,Listas,47D,high,high,not_detected,,laravel_route_collection|resolved_middleware|controller_reflection|controller_source|policy_discovery|permission_catalog,remove_fixed_role;apply_permission:public_lists.update;enforce_municipal_scope;preserve_active_mfa_log;add_http_security_tests
backoffice.lists.definitive.show,backoffice/lists/definitive/{definitiveList},GET,"App\Http\Controllers\Backoffice\DefinitiveListController",show,"web|auth|role:administrator,municipal_technician,jury,financial_manager,maintenance_manager,auditor",0,0,0,"role:administrator,municipal_technician,jury,financial_manager,maintenance_manager,auditor",,,1,1,public_lists.view,0,"App\Policies\DefinitiveListPolicy",view,confirmed,,none,,0,,authenticated_user_and_route_bound_record,missing,0,0,1,0,"App\Models\DefinitiveList",read,0,not_required,confirmed,0,lists,Listas,47D,high,high,not_detected,,laravel_route_collection|resolved_middleware|controller_reflection|controller_source|policy_discovery|permission_catalog,remove_fixed_role;apply_permission:public_lists.view;enforce_municipal_scope;preserve_active_mfa_log;add_http_security_tests
backoffice.lists.definitive.store,backoffice/lists/definitive,POST,"App\Http\Controllers\Backoffice\DefinitiveListController",store,"web|auth|role:administrator,municipal_technician,jury,financial_manager,maintenance_manager,auditor",0,0,0,"role:administrator,municipal_technician,jury,financial_manager,maintenance_manager,auditor",,,1,1,public_lists.create,0,"App\Policies\DefinitiveListPolicy",create,confirmed,"App\Http\Requests\GenerateDefinitiveListRequest",always_true,,0,,authenticated_user_and_route_bound_record,missing,0,0,1,0,"App\Models\DefinitiveList",mutation,1,required,confirmed,0,lists,Listas,47D,high,high,not_detected,,laravel_route_collection|resolved_middleware|controller_reflection|controller_source|form_request_reflection|policy_discovery|permission_catalog,remove_fixed_role;apply_permission:public_lists.create;enforce_municipal_scope;preserve_active_mfa_log;add_http_security_tests
backoffice.lists.provisional.approve,backoffice/lists/provisional/{provisionalList}/approve,POST,"App\Http\Controllers\Backoffice\ProvisionalListController",approve,"web|auth|role:administrator,municipal_technician,jury,financial_manager,maintenance_manager,auditor",0,0,0,"role:administrator,municipal_technician,jury,financial_manager,maintenance_manager,auditor",,,1,1,public_lists.approve,0,"App\Policies\ProvisionalListPolicy",approve,confirmed,"App\Http\Requests\ApproveProvisionalListRequest",always_true,,0,,authenticated_user_and_route_bound_record,missing,0,0,1,0,"App\Models\ProvisionalList",mutation,1,required,confirmed,0,lists,Listas,47D,high,high,not_detected,,laravel_route_collection|resolved_middleware|controller_reflection|controller_source|form_request_reflection|policy_discovery|permission_catalog,remove_fixed_role;apply_permission:public_lists.approve;enforce_municipal_scope;preserve_active_mfa_log;add_http_security_tests
backoffice.lists.provisional.archive,backoffice/lists/provisional/{provisionalList}/archive,POST,"App\Http\Controllers\Backoffice\ProvisionalListController",archive,"web|auth|role:administrator,municipal_technician,jury,financial_manager,maintenance_manager,auditor",0,0,0,"role:administrator,municipal_technician,jury,financial_manager,maintenance_manager,auditor",,,1,1,public_lists.update,0,"App\Policies\ProvisionalListPolicy",update,confirmed,,none,,0,,authenticated_user_and_route_bound_record,missing,0,0,1,0,"App\Models\ProvisionalList",mutation,1,required,confirmed,0,lists,Listas,47D,high,high,not_detected,,laravel_route_collection|resolved_middleware|controller_reflection|controller_source|policy_discovery|permission_catalog,remove_fixed_role;apply_permission:public_lists.update;enforce_municipal_scope;preserve_active_mfa_log;add_http_security_tests
backoffice.lists.provisional.cancel,backoffice/lists/provisional/{provisionalList}/cancel,POST,"App\Http\Controllers\Backoffice\ProvisionalListController",cancel,"web|auth|role:administrator,municipal_technician,jury,financial_manager,maintenance_manager,auditor",0,0,0,"role:administrator,municipal_technician,jury,financial_manager,maintenance_manager,auditor",,,0,0,,0,"App\Policies\ProvisionalListPolicy",update,confirmed,,none,,0,,authenticated_user_and_route_bound_record,missing,0,0,1,0,"App\Models\ProvisionalList",mutation,1,required,confirmed,0,lists,Listas,47D,high,low,not_detected,,laravel_route_collection|resolved_middleware|controller_reflection|controller_source|policy_discovery,remove_fixed_role;define_semantic_permission;enforce_municipal_scope;preserve_active_mfa_log;add_http_security_tests
backoffice.lists.provisional.create,backoffice/lists/provisional/create,GET,"App\Http\Controllers\Backoffice\ProvisionalListController",create,"web|auth|role:administrator,municipal_technician,jury,financial_manager,maintenance_manager,auditor",0,0,0,"role:administrator,municipal_technician,jury,financial_manager,maintenance_manager,auditor",,,1,1,public_lists.create,0,"App\Policies\ProvisionalListPolicy",create,confirmed,,none,,0,,authenticated_user_and_route_bound_record,missing,0,0,1,0,"App\Models\ProvisionalList",read,0,not_required,confirmed,0,lists,Listas,47D,high,high,not_detected,,laravel_route_collection|resolved_middleware|controller_reflection|controller_source|policy_discovery|permission_catalog,remove_fixed_role;apply_permission:public_lists.create;enforce_municipal_scope;preserve_active_mfa_log;add_http_security_tests
backoffice.lists.provisional.index,backoffice/lists/provisional,GET,"App\Http\Controllers\Backoffice\ProvisionalListController",index,"web|auth|role:administrator,municipal_technician,jury,financial_manager,maintenance_manager,auditor",0,0,0,"role:administrator,municipal_technician,jury,financial_manager,maintenance_manager,auditor",,,1,1,public_lists.view,0,"App\Policies\ProvisionalListPolicy",viewAny,confirmed,,none,,0,,authenticated_user_and_route_bound_record,missing,0,0,1,0,"App\Models\ProvisionalList",read,0,not_required,confirmed,0,lists,Listas,47D,high,high,route_name_reference,tests/Feature/Sprint11ListsComplaintsHearingTest.php,laravel_route_collection|resolved_middleware|controller_reflection|controller_source|policy_discovery|permission_catalog|existing_test_route_reference,remove_fixed_role;apply_permission:public_lists.view;enforce_municipal_scope;preserve_active_mfa_log;add_http_security_tests
backoffice.lists.provisional.publish,backoffice/lists/provisional/{provisionalList}/publish,POST,"App\Http\Controllers\Backoffice\ProvisionalListController",publish,"web|auth|role:administrator,municipal_technician,jury,financial_manager,maintenance_manager,auditor",0,0,0,"role:administrator,municipal_technician,jury,financial_manager,maintenance_manager,auditor",,,1,1,public_lists.publish,0,"App\Policies\ProvisionalListPolicy",publish,confirmed,"App\Http\Requests\PublishProvisionalListRequest",always_true,,0,,authenticated_user_and_route_bound_record,missing,0,0,1,0,"App\Models\ProvisionalList",mutation,1,required,confirmed,0,lists,Listas,47D,high,high,route_name_reference,tests/Feature/Sprint11ListsComplaintsHearingTest.php,laravel_route_collection|resolved_middleware|controller_reflection|controller_source|form_request_reflection|policy_discovery|permission_catalog|existing_test_route_reference,remove_fixed_role;apply_permission:public_lists.publish;enforce_municipal_scope;preserve_active_mfa_log;add_http_security_tests
backoffice.lists.provisional.review,backoffice/lists/provisional/{provisionalList}/review,POST,"App\Http\Controllers\Backoffice\ProvisionalListController",review,"web|auth|role:administrator,municipal_technician,jury,financial_manager,maintenance_manager,auditor",0,0,0,"role:administrator,municipal_technician,jury,financial_manager,maintenance_manager,auditor",,,1,1,public_lists.update,0,"App\Policies\ProvisionalListPolicy",update,confirmed,,none,,0,,authenticated_user_and_route_bound_record,missing,0,0,1,0,"App\Models\ProvisionalList",mutation,1,required,confirmed,0,lists,Listas,47D,high,high,not_detected,,laravel_route_collection|resolved_middleware|controller_reflection|controller_source|policy_discovery|permission_catalog,remove_fixed_role;apply_permission:public_lists.update;enforce_municipal_scope;preserve_active_mfa_log;add_http_security_tests
backoffice.lists.provisional.show,backoffice/lists/provisional/{provisionalList},GET,"App\Http\Controllers\Backoffice\ProvisionalListController",show,"web|auth|role:administrator,municipal_technician,jury,financial_manager,maintenance_manager,auditor",0,0,0,"role:administrator,municipal_technician,jury,financial_manager,maintenance_manager,auditor",,,1,1,public_lists.view,0,"App\Policies\ProvisionalListPolicy",view,confirmed,,none,,0,,authenticated_user_and_route_bound_record,missing,0,0,1,0,"App\Models\ProvisionalList",read,0,not_required,confirmed,0,lists,Listas,47D,high,high,not_detected,,laravel_route_collection|resolved_middleware|controller_reflection|controller_source|policy_discovery|permission_catalog,remove_fixed_role;apply_permission:public_lists.view;enforce_municipal_scope;preserve_active_mfa_log;add_http_security_tests
backoffice.lists.provisional.store,backoffice/lists/provisional,POST,"App\Http\Controllers\Backoffice\ProvisionalListController",store,"web|auth|role:administrator,municipal_technician,jury,financial_manager,maintenance_manager,auditor",0,0,0,"role:administrator,municipal_technician,jury,financial_manager,maintenance_manager,auditor",,,1,1,public_lists.create,0,"App\Policies\ProvisionalListPolicy",create,confirmed,"App\Http\Requests\GenerateProvisionalListRequest",always_true,,0,,authenticated_user_and_route_bound_record,missing,0,0,1,0,"App\Models\ProvisionalList",mutation,1,required,confirmed,0,lists,Listas,47D,high,high,route_name_reference,tests/Feature/Sprint11ListsComplaintsHearingTest.php,laravel_route_collection|resolved_middleware|controller_reflection|controller_source|form_request_reflection|policy_discovery|permission_catalog|existing_test_route_reference,remove_fixed_role;apply_permission:public_lists.create;enforce_municipal_scope;preserve_active_mfa_log;add_http_security_tests
backoffice.cases.contracts.show,backoffice/cases/contracts/{contract},GET,"App\Http\Controllers\Backoffice\CaseWorkspaceController",contract,"web|auth|role:administrator,municipal_technician,jury,financial_manager,maintenance_manager,auditor",0,0,0,"role:administrator,municipal_technician,jury,financial_manager,maintenance_manager,auditor",,,1,1,contracts.view,0,"App\Policies\ContractPolicy",view,inferred,,none,,,,dynamic_domain_context,candidate,,0,0,1,"App\Models\Contract",read,1,recommended,unknown,1,contracts,Contratos,47E,critical,high,route_name_reference,tests/Feature/UX/CaseWorkspaceRelationsTest.php|tests/Feature/UX/ContractCaseWorkspaceTest.php|tests/Feature/UX/EnterpriseCaseWorkspaceTest.php|tests/Feature/UX/LegacyScreenNormalizationTest.php,laravel_route_collection|resolved_middleware|controller_reflection|controller_source|policy_discovery|permission_catalog|existing_test_route_reference,remove_fixed_role;apply_permission:contracts.view;preserve_active_mfa_log;add_http_security_tests
backoffice.contracts.clauses.activate,backoffice/contracts/clauses/{contractClause}/activate,POST,"App\Http\Controllers\Backoffice\ContractClauseController",activate,"web|auth|role:administrator,municipal_technician,jury,financial_manager,maintenance_manager,auditor",0,0,0,"role:administrator,municipal_technician,jury,financial_manager,maintenance_manager,auditor",,,0,0,,0,"App\Policies\ContractClausePolicy",activate,confirmed,,none,,0,,authenticated_user_and_route_bound_record,missing,0,0,1,0,"App\Models\ContractClause",mutation,1,required,confirmed,1,contracts,Contratos,47E,critical,low,not_detected,,laravel_route_collection|resolved_middleware|controller_reflection|controller_source|policy_discovery,remove_fixed_role;define_semantic_permission;enforce_municipal_scope;preserve_active_mfa_log;add_http_security_tests
backoffice.contracts.clauses.archive,backoffice/contracts/clauses/{contractClause}/archive,POST,"App\Http\Controllers\Backoffice\ContractClauseController",archive,"web|auth|role:administrator,municipal_technician,jury,financial_manager,maintenance_manager,auditor",0,0,0,"role:administrator,municipal_technician,jury,financial_manager,maintenance_manager,auditor",,,1,1,contracts.update,0,"App\Policies\ContractClausePolicy",archive,confirmed,,none,,0,,authenticated_user_and_route_bound_record,missing,0,0,1,0,"App\Models\ContractClause",mutation,1,required,confirmed,1,contracts,Contratos,47E,critical,high,not_detected,,laravel_route_collection|resolved_middleware|controller_reflection|controller_source|policy_discovery|permission_catalog,remove_fixed_role;apply_permission:contracts.update;enforce_municipal_scope;preserve_active_mfa_log;add_http_security_tests
backoffice.contracts.clauses.create,backoffice/contracts/clauses/create,GET,"App\Http\Controllers\Backoffice\ContractClauseController",create,"web|auth|role:administrator,municipal_technician,jury,financial_manager,maintenance_manager,auditor",0,0,0,"role:administrator,municipal_technician,jury,financial_manager,maintenance_manager,auditor",,,1,1,contracts.create,0,"App\Policies\ContractClausePolicy",create,confirmed,,none,,0,,authenticated_user_and_route_bound_record,missing,0,0,1,0,"App\Models\ContractClause",read,1,recommended,confirmed,1,contracts,Contratos,47E,critical,high,not_detected,,laravel_route_collection|resolved_middleware|controller_reflection|controller_source|policy_discovery|permission_catalog,remove_fixed_role;apply_permission:contracts.create;enforce_municipal_scope;preserve_active_mfa_log;add_http_security_tests
backoffice.contracts.clauses.edit,backoffice/contracts/clauses/{contractClause}/edit,GET,"App\Http\Controllers\Backoffice\ContractClauseController",edit,"web|auth|role:administrator,municipal_technician,jury,financial_manager,maintenance_manager,auditor",0,0,0,"role:administrator,municipal_technician,jury,financial_manager,maintenance_manager,auditor",,,1,1,contracts.update,0,"App\Policies\ContractClausePolicy",update,confirmed,,none,,0,,authenticated_user_and_route_bound_record,missing,0,0,1,0,"App\Models\ContractClause",read,1,recommended,confirmed,1,contracts,Contratos,47E,critical,high,not_detected,,laravel_route_collection|resolved_middleware|controller_reflection|controller_source|policy_discovery|permission_catalog,remove_fixed_role;apply_permission:contracts.update;enforce_municipal_scope;preserve_active_mfa_log;add_http_security_tests
backoffice.contracts.clauses.index,backoffice/contracts/clauses,GET,"App\Http\Controllers\Backoffice\ContractClauseController",index,"web|auth|role:administrator,municipal_technician,jury,financial_manager,maintenance_manager,auditor",0,0,0,"role:administrator,municipal_technician,jury,financial_manager,maintenance_manager,auditor",,,1,1,contracts.view,0,"App\Policies\ContractClausePolicy",viewAny,confirmed,,none,,0,,authenticated_user_and_route_bound_record,missing,0,0,1,0,"App\Models\ContractClause",read,1,recommended,confirmed,1,contracts,Contratos,47E,critical,high,not_detected,,laravel_route_collection|resolved_middleware|controller_reflection|controller_source|policy_discovery|permission_catalog,remove_fixed_role;apply_permission:contracts.view;enforce_municipal_scope;preserve_active_mfa_log;add_http_security_tests
backoffice.contracts.clauses.show,backoffice/contracts/clauses/{contractClause},GET,"App\Http\Controllers\Backoffice\ContractClauseController",show,"web|auth|role:administrator,municipal_technician,jury,financial_manager,maintenance_manager,auditor",0,0,0,"role:administrator,municipal_technician,jury,financial_manager,maintenance_manager,auditor",,,1,1,contracts.view,0,"App\Policies\ContractClausePolicy",view,confirmed,,none,,0,,authenticated_user_and_route_bound_record,missing,0,0,1,0,"App\Models\ContractClause",read,1,recommended,confirmed,1,contracts,Contratos,47E,critical,high,not_detected,,laravel_route_collection|resolved_middleware|controller_reflection|controller_source|policy_discovery|permission_catalog,remove_fixed_role;apply_permission:contracts.view;enforce_municipal_scope;preserve_active_mfa_log;add_http_security_tests
backoffice.contracts.clauses.store,backoffice/contracts/clauses,POST,"App\Http\Controllers\Backoffice\ContractClauseController",store,"web|auth|role:administrator,municipal_technician,jury,financial_manager,maintenance_manager,auditor",0,0,0,"role:administrator,municipal_technician,jury,financial_manager,maintenance_manager,auditor",,,1,1,contracts.create,0,"App\Policies\ContractClausePolicy",create,confirmed,"App\Http\Requests\StoreContractClauseRequest",always_true,,0,,authenticated_user_and_route_bound_record,missing,0,0,1,0,"App\Models\ContractClause",mutation,1,required,confirmed,1,contracts,Contratos,47E,critical,high,not_detected,,laravel_route_collection|resolved_middleware|controller_reflection|controller_source|form_request_reflection|policy_discovery|permission_catalog,remove_fixed_role;apply_permission:contracts.create;enforce_municipal_scope;preserve_active_mfa_log;add_http_security_tests
backoffice.contracts.clauses.update,backoffice/contracts/clauses/{contractClause},PUT|PATCH,"App\Http\Controllers\Backoffice\ContractClauseController",update,"web|auth|role:administrator,municipal_technician,jury,financial_manager,maintenance_manager,auditor",0,0,0,"role:administrator,municipal_technician,jury,financial_manager,maintenance_manager,auditor",,,1,1,contracts.update,0,"App\Policies\ContractClausePolicy",update,confirmed,"App\Http\Requests\UpdateContractClauseRequest",always_true,,0,,authenticated_user_and_route_bound_record,missing,0,0,1,0,"App\Models\ContractClause",mutation,1,required,confirmed,1,contracts,Contratos,47E,critical,high,not_detected,,laravel_route_collection|resolved_middleware|controller_reflection|controller_source|form_request_reflection|policy_discovery|permission_catalog,remove_fixed_role;apply_permission:contracts.update;enforce_municipal_scope;preserve_active_mfa_log;add_http_security_tests
backoffice.contracts.leases.activate,backoffice/contracts/leases/{leaseContract}/activate,POST,"App\Http\Controllers\Backoffice\LeaseContractController",activate,"web|auth|role:administrator,municipal_technician,jury,financial_manager,maintenance_manager,auditor",0,0,0,"role:administrator,municipal_technician,jury,financial_manager,maintenance_manager,auditor",,,0,0,,0,"App\Policies\ContractPolicy",activate,confirmed,"App\Http\Requests\ActivateLeaseContractRequest",always_true,,0,,authenticated_user_and_route_bound_record,missing,0,0,1,0,"App\Models\Contract",mutation,1,required,confirmed,1,contracts,Contratos,47E,critical,low,route_name_reference,tests/Feature/Sprint13ContractsRentDepositTest.php,laravel_route_collection|resolved_middleware|controller_reflection|controller_source|form_request_reflection|policy_discovery|existing_test_route_reference,remove_fixed_role;define_semantic_permission;enforce_municipal_scope;preserve_active_mfa_log;add_http_security_tests
backoffice.contracts.leases.cancel,backoffice/contracts/leases/{leaseContract}/cancel,POST,"App\Http\Controllers\Backoffice\LeaseContractController",cancel,"web|auth|role:administrator,municipal_technician,jury,financial_manager,maintenance_manager,auditor",0,0,0,"role:administrator,municipal_technician,jury,financial_manager,maintenance_manager,auditor",,,0,0,,0,"App\Policies\ContractPolicy",update,confirmed,"App\Http\Requests\CancelLeaseContractRequest",always_true,,0,,authenticated_user_and_route_bound_record,missing,0,0,1,0,"App\Models\Contract",mutation,1,required,confirmed,1,contracts,Contratos,47E,critical,low,not_detected,,laravel_route_collection|resolved_middleware|controller_reflection|controller_source|form_request_reflection|policy_discovery,remove_fixed_role;define_semantic_permission;enforce_municipal_scope;preserve_active_mfa_log;add_http_security_tests
backoffice.contracts.leases.create,backoffice/contracts/leases/create,GET,"App\Http\Controllers\Backoffice\LeaseContractController",create,"web|auth|role:administrator,municipal_technician,jury,financial_manager,maintenance_manager,auditor",0,0,0,"role:administrator,municipal_technician,jury,financial_manager,maintenance_manager,auditor",,,1,1,contracts.create,0,,create,confirmed,,none,,0,,authenticated_user,candidate,,0,1,0,,read,1,recommended,confirmed,1,contracts,Contratos,47E,critical,medium,not_detected,,laravel_route_collection|resolved_middleware|controller_reflection|controller_source|permission_catalog,remove_fixed_role;apply_permission:contracts.create;preserve_active_mfa_log;add_http_security_tests
backoffice.contracts.leases.edit,backoffice/contracts/leases/{leaseContract}/edit,GET,"App\Http\Controllers\Backoffice\LeaseContractController",edit,"web|auth|role:administrator,municipal_technician,jury,financial_manager,maintenance_manager,auditor",0,0,0,"role:administrator,municipal_technician,jury,financial_manager,maintenance_manager,auditor",,,1,1,contracts.update,0,"App\Policies\ContractPolicy",update,confirmed,,none,,0,,authenticated_user_and_route_bound_record,missing,0,0,1,0,"App\Models\Contract",read,1,recommended,confirmed,1,contracts,Contratos,47E,critical,high,not_detected,,laravel_route_collection|resolved_middleware|controller_reflection|controller_source|policy_discovery|permission_catalog,remove_fixed_role;apply_permission:contracts.update;enforce_municipal_scope;preserve_active_mfa_log;add_http_security_tests
backoffice.contracts.leases.index,backoffice/contracts/leases,GET,"App\Http\Controllers\Backoffice\LeaseContractController",index,"web|auth|role:administrator,municipal_technician,jury,financial_manager,maintenance_manager,auditor",0,0,0,"role:administrator,municipal_technician,jury,financial_manager,maintenance_manager,auditor",,,1,1,contracts.view,0,,viewAny,confirmed,,none,,0,,authenticated_user,candidate,,0,1,0,,read,1,recommended,confirmed,1,contracts,Contratos,47E,critical,medium,route_name_reference,tests/Feature/Security/InitialMunicipalRoleProfilesTest.php|tests/Feature/Sprint13ContractsRentDepositTest.php,laravel_route_collection|resolved_middleware|controller_reflection|controller_source|permission_catalog|existing_test_route_reference,remove_fixed_role;apply_permission:contracts.view;preserve_active_mfa_log;add_http_security_tests
backoffice.contracts.leases.issue,backoffice/contracts/leases/{leaseContract}/issue,POST,"App\Http\Controllers\Backoffice\LeaseContractController",issue,"web|auth|role:administrator,municipal_technician,jury,financial_manager,maintenance_manager,auditor",0,0,0,"role:administrator,municipal_technician,jury,financial_manager,maintenance_manager,auditor",,,1,1,contracts.view,0,"App\Policies\ContractPolicy",issue,confirmed,"App\Http\Requests\IssueLeaseContractRequest",always_true,,0,,authenticated_user_and_route_bound_record,missing,0,0,1,0,"App\Models\Contract",mutation,1,required,confirmed,1,contracts,Contratos,47E,critical,high,route_name_reference,tests/Feature/Sprint13ContractsRentDepositTest.php,laravel_route_collection|resolved_middleware|controller_reflection|controller_source|form_request_reflection|policy_discovery|permission_catalog|existing_test_route_reference,remove_fixed_role;apply_permission:contracts.view;enforce_municipal_scope;preserve_active_mfa_log;add_http_security_tests
backoffice.contracts.leases.show,backoffice/contracts/leases/{leaseContract},GET,"App\Http\Controllers\Backoffice\LeaseContractController",show,"web|auth|role:administrator,municipal_technician,jury,financial_manager,maintenance_manager,auditor",0,0,0,"role:administrator,municipal_technician,jury,financial_manager,maintenance_manager,auditor",,,1,1,contracts.view,0,"App\Policies\ContractPolicy",view,confirmed,,none,,0,,authenticated_user_and_route_bound_record,missing,0,0,1,0,"App\Models\Contract",read,1,recommended,confirmed,1,contracts,Contratos,47E,critical,high,not_detected,,laravel_route_collection|resolved_middleware|controller_reflection|controller_source|policy_discovery|permission_catalog,remove_fixed_role;apply_permission:contracts.view;enforce_municipal_scope;preserve_active_mfa_log;add_http_security_tests
backoffice.contracts.leases.store,backoffice/contracts/leases,POST,"App\Http\Controllers\Backoffice\LeaseContractController",store,"web|auth|role:administrator,municipal_technician,jury,financial_manager,maintenance_manager,auditor",0,0,0,"role:administrator,municipal_technician,jury,financial_manager,maintenance_manager,auditor",,,1,1,contracts.create,0,,create,confirmed,"App\Http\Requests\StoreLeaseContractRequest",always_true,,0,,authenticated_user,candidate,,0,1,0,,mutation,1,required,confirmed,1,contracts,Contratos,47E,critical,medium,route_name_reference,tests/Feature/Sprint13ContractsRentDepositTest.php,laravel_route_collection|resolved_middleware|controller_reflection|controller_source|form_request_reflection|permission_catalog|existing_test_route_reference,remove_fixed_role;apply_permission:contracts.create;preserve_active_mfa_log;add_http_security_tests
backoffice.contracts.leases.suspend,backoffice/contracts/leases/{leaseContract}/suspend,POST,"App\Http\Controllers\Backoffice\LeaseContractController",suspend,"web|auth|role:administrator,municipal_technician,jury,financial_manager,maintenance_manager,auditor",0,0,0,"role:administrator,municipal_technician,jury,financial_manager,maintenance_manager,auditor",,,0,0,,0,"App\Policies\ContractPolicy",update,confirmed,"App\Http\Requests\SuspendLeaseContractRequest",always_true,,0,,authenticated_user_and_route_bound_record,missing,0,0,1,0,"App\Models\Contract",mutation,1,required,confirmed,1,contracts,Contratos,47E,critical,low,not_detected,,laravel_route_collection|resolved_middleware|controller_reflection|controller_source|form_request_reflection|policy_discovery,remove_fixed_role;define_semantic_permission;enforce_municipal_scope;preserve_active_mfa_log;add_http_security_tests
backoffice.contracts.leases.terminate,backoffice/contracts/leases/{leaseContract}/terminate,POST,"App\Http\Controllers\Backoffice\LeaseContractController",terminate,"web|auth|role:administrator,municipal_technician,jury,financial_manager,maintenance_manager,auditor",0,0,0,"role:administrator,municipal_technician,jury,financial_manager,maintenance_manager,auditor",,,0,0,,0,"App\Policies\ContractPolicy",update,confirmed,"App\Http\Requests\TerminateLeaseContractRequest",always_true,,0,,authenticated_user_and_route_bound_record,missing,0,0,1,0,"App\Models\Contract",mutation,1,required,confirmed,1,contracts,Contratos,47E,critical,low,not_detected,,laravel_route_collection|resolved_middleware|controller_reflection|controller_source|form_request_reflection|policy_discovery,remove_fixed_role;define_semantic_permission;enforce_municipal_scope;preserve_active_mfa_log;add_http_security_tests
backoffice.contracts.leases.update,backoffice/contracts/leases/{leaseContract},PUT|PATCH,"App\Http\Controllers\Backoffice\LeaseContractController",update,"web|auth|role:administrator,municipal_technician,jury,financial_manager,maintenance_manager,auditor",0,0,0,"role:administrator,municipal_technician,jury,financial_manager,maintenance_manager,auditor",,,1,1,contracts.update,0,"App\Policies\ContractPolicy",update,confirmed,"App\Http\Requests\UpdateLeaseContractRequest",always_true,,0,,authenticated_user_and_route_bound_record,missing,0,0,1,0,"App\Models\Contract",mutation,1,required,confirmed,1,contracts,Contratos,47E,critical,high,not_detected,,laravel_route_collection|resolved_middleware|controller_reflection|controller_source|form_request_reflection|policy_discovery|permission_catalog,remove_fixed_role;apply_permission:contracts.update;enforce_municipal_scope;preserve_active_mfa_log;add_http_security_tests
backoffice.contracts.signatures.store,backoffice/contracts/leases/{leaseContract}/signatures,POST,"App\Http\Controllers\Backoffice\LeaseContractSignatureController",store,"web|auth|role:administrator,municipal_technician,jury,financial_manager,maintenance_manager,auditor",0,0,0,"role:administrator,municipal_technician,jury,financial_manager,maintenance_manager,auditor",,,1,1,contracts.create,0,"App\Policies\ContractPolicy",create,confirmed,"App\Http\Requests\StoreLeaseContractSignatureRequest",always_true,,0,,authenticated_user_and_route_bound_record,missing,0,0,1,0,"App\Models\Contract",mutation,1,required,confirmed,1,contracts,Contratos,47E,critical,high,route_name_reference,tests/Feature/Sprint13ContractsRentDepositTest.php,laravel_route_collection|resolved_middleware|controller_reflection|controller_source|form_request_reflection|policy_discovery|permission_catalog|existing_test_route_reference,remove_fixed_role;apply_permission:contracts.create;enforce_municipal_scope;preserve_active_mfa_log;add_http_security_tests
backoffice.contracts.templates.activate,backoffice/contracts/templates/{contractTemplate}/activate,POST,"App\Http\Controllers\Backoffice\ContractTemplateController",activate,"web|auth|role:administrator,municipal_technician,jury,financial_manager,maintenance_manager,auditor",0,0,0,"role:administrator,municipal_technician,jury,financial_manager,maintenance_manager,auditor",,,0,0,,0,"App\Policies\ContractTemplatePolicy",activate,confirmed,,none,,0,,authenticated_user_and_route_bound_record,missing,0,0,1,0,"App\Models\ContractTemplate",mutation,1,required,confirmed,1,contracts,Contratos,47E,critical,low,not_detected,,laravel_route_collection|resolved_middleware|controller_reflection|controller_source|policy_discovery,remove_fixed_role;define_semantic_permission;enforce_municipal_scope;preserve_active_mfa_log;add_http_security_tests
backoffice.contracts.templates.archive,backoffice/contracts/templates/{contractTemplate}/archive,POST,"App\Http\Controllers\Backoffice\ContractTemplateController",archive,"web|auth|role:administrator,municipal_technician,jury,financial_manager,maintenance_manager,auditor",0,0,0,"role:administrator,municipal_technician,jury,financial_manager,maintenance_manager,auditor",,,1,1,contracts.update,0,"App\Policies\ContractTemplatePolicy",archive,confirmed,,none,,0,,authenticated_user_and_route_bound_record,missing,0,0,1,0,"App\Models\ContractTemplate",mutation,1,required,confirmed,1,contracts,Contratos,47E,critical,high,not_detected,,laravel_route_collection|resolved_middleware|controller_reflection|controller_source|policy_discovery|permission_catalog,remove_fixed_role;apply_permission:contracts.update;enforce_municipal_scope;preserve_active_mfa_log;add_http_security_tests
backoffice.contracts.templates.create,backoffice/contracts/templates/create,GET,"App\Http\Controllers\Backoffice\ContractTemplateController",create,"web|auth|role:administrator,municipal_technician,jury,financial_manager,maintenance_manager,auditor",0,0,0,"role:administrator,municipal_technician,jury,financial_manager,maintenance_manager,auditor",,,1,1,contracts.create,0,"App\Policies\ContractTemplatePolicy",create,confirmed,,none,,0,,authenticated_user_and_route_bound_record,missing,0,0,1,0,"App\Models\ContractTemplate",read,1,recommended,confirmed,1,contracts,Contratos,47E,critical,high,not_detected,,laravel_route_collection|resolved_middleware|controller_reflection|controller_source|policy_discovery|permission_catalog,remove_fixed_role;apply_permission:contracts.create;enforce_municipal_scope;preserve_active_mfa_log;add_http_security_tests
backoffice.contracts.templates.duplicate,backoffice/contracts/templates/{contractTemplate}/duplicate,POST,"App\Http\Controllers\Backoffice\ContractTemplateController",duplicate,"web|auth|role:administrator,municipal_technician,jury,financial_manager,maintenance_manager,auditor",0,0,0,"role:administrator,municipal_technician,jury,financial_manager,maintenance_manager,auditor",,,1,1,contracts.create,0,"App\Policies\ContractTemplatePolicy",duplicate,confirmed,,none,,0,,authenticated_user_and_route_bound_record,missing,0,0,1,0,"App\Models\ContractTemplate",mutation,1,required,confirmed,1,contracts,Contratos,47E,critical,high,not_detected,,laravel_route_collection|resolved_middleware|controller_reflection|controller_source|policy_discovery|permission_catalog,remove_fixed_role;apply_permission:contracts.create;enforce_municipal_scope;preserve_active_mfa_log;add_http_security_tests
backoffice.contracts.templates.edit,backoffice/contracts/templates/{contractTemplate}/edit,GET,"App\Http\Controllers\Backoffice\ContractTemplateController",edit,"web|auth|role:administrator,municipal_technician,jury,financial_manager,maintenance_manager,auditor",0,0,0,"role:administrator,municipal_technician,jury,financial_manager,maintenance_manager,auditor",,,1,1,contracts.update,0,"App\Policies\ContractTemplatePolicy",update,confirmed,,none,,0,,authenticated_user_and_route_bound_record,missing,0,0,1,0,"App\Models\ContractTemplate",read,1,recommended,confirmed,1,contracts,Contratos,47E,critical,high,not_detected,,laravel_route_collection|resolved_middleware|controller_reflection|controller_source|policy_discovery|permission_catalog,remove_fixed_role;apply_permission:contracts.update;enforce_municipal_scope;preserve_active_mfa_log;add_http_security_tests
backoffice.contracts.templates.index,backoffice/contracts/templates,GET,"App\Http\Controllers\Backoffice\ContractTemplateController",index,"web|auth|role:administrator,municipal_technician,jury,financial_manager,maintenance_manager,auditor",0,0,0,"role:administrator,municipal_technician,jury,financial_manager,maintenance_manager,auditor",,,1,1,contracts.view,0,"App\Policies\ContractTemplatePolicy",viewAny,confirmed,,none,,0,,authenticated_user_and_route_bound_record,missing,0,0,1,0,"App\Models\ContractTemplate",read,1,recommended,confirmed,1,contracts,Contratos,47E,critical,high,not_detected,,laravel_route_collection|resolved_middleware|controller_reflection|controller_source|policy_discovery|permission_catalog,remove_fixed_role;apply_permission:contracts.view;enforce_municipal_scope;preserve_active_mfa_log;add_http_security_tests
backoffice.contracts.templates.show,backoffice/contracts/templates/{contractTemplate},GET,"App\Http\Controllers\Backoffice\ContractTemplateController",show,"web|auth|role:administrator,municipal_technician,jury,financial_manager,maintenance_manager,auditor",0,0,0,"role:administrator,municipal_technician,jury,financial_manager,maintenance_manager,auditor",,,1,1,contracts.view,0,"App\Policies\ContractTemplatePolicy",view,confirmed,,none,,0,,authenticated_user_and_route_bound_record,missing,0,0,1,0,"App\Models\ContractTemplate",read,1,recommended,confirmed,1,contracts,Contratos,47E,critical,high,not_detected,,laravel_route_collection|resolved_middleware|controller_reflection|controller_source|policy_discovery|permission_catalog,remove_fixed_role;apply_permission:contracts.view;enforce_municipal_scope;preserve_active_mfa_log;add_http_security_tests
backoffice.contracts.templates.store,backoffice/contracts/templates,POST,"App\Http\Controllers\Backoffice\ContractTemplateController",store,"web|auth|role:administrator,municipal_technician,jury,financial_manager,maintenance_manager,auditor",0,0,0,"role:administrator,municipal_technician,jury,financial_manager,maintenance_manager,auditor",,,1,1,contracts.create,0,"App\Policies\ContractTemplatePolicy",create,confirmed,"App\Http\Requests\StoreContractTemplateRequest",always_true,,0,,authenticated_user_and_route_bound_record,missing,0,0,1,0,"App\Models\ContractTemplate",mutation,1,required,confirmed,1,contracts,Contratos,47E,critical,high,not_detected,,laravel_route_collection|resolved_middleware|controller_reflection|controller_source|form_request_reflection|policy_discovery|permission_catalog,remove_fixed_role;apply_permission:contracts.create;enforce_municipal_scope;preserve_active_mfa_log;add_http_security_tests
backoffice.contracts.templates.update,backoffice/contracts/templates/{contractTemplate},PUT|PATCH,"App\Http\Controllers\Backoffice\ContractTemplateController",update,"web|auth|role:administrator,municipal_technician,jury,financial_manager,maintenance_manager,auditor",0,0,0,"role:administrator,municipal_technician,jury,financial_manager,maintenance_manager,auditor",,,1,1,contracts.update,0,"App\Policies\ContractTemplatePolicy",update,confirmed,"App\Http\Requests\UpdateContractTemplateRequest",always_true,,0,,authenticated_user_and_route_bound_record,missing,0,0,1,0,"App\Models\ContractTemplate",mutation,1,required,confirmed,1,contracts,Contratos,47E,critical,high,not_detected,,laravel_route_collection|resolved_middleware|controller_reflection|controller_source|form_request_reflection|policy_discovery|permission_catalog,remove_fixed_role;apply_permission:contracts.update;enforce_municipal_scope;preserve_active_mfa_log;add_http_security_tests
backoffice.contracts.validations.approve,backoffice/contracts/validations/{leaseContractValidation}/approve,POST,"App\Http\Controllers\Backoffice\LeaseContractValidationController",approve,"web|auth|role:administrator,municipal_technician,jury,financial_manager,maintenance_manager,auditor",0,0,0,"role:administrator,municipal_technician,jury,financial_manager,maintenance_manager,auditor",,,1,1,contracts.approve,0,"App\Policies\LeaseContractValidationPolicy",approve,confirmed,"App\Http\Requests\ValidateLeaseContractRequest",always_true,,0,,authenticated_user_and_route_bound_record,missing,0,0,1,0,"App\Models\LeaseContractValidation",mutation,1,required,confirmed,1,contracts,Contratos,47E,critical,high,not_detected,,laravel_route_collection|resolved_middleware|controller_reflection|controller_source|form_request_reflection|policy_discovery|permission_catalog,remove_fixed_role;apply_permission:contracts.approve;enforce_municipal_scope;preserve_active_mfa_log;add_http_security_tests
backoffice.contracts.validations.reject,backoffice/contracts/validations/{leaseContractValidation}/reject,POST,"App\Http\Controllers\Backoffice\LeaseContractValidationController",reject,"web|auth|role:administrator,municipal_technician,jury,financial_manager,maintenance_manager,auditor",0,0,0,"role:administrator,municipal_technician,jury,financial_manager,maintenance_manager,auditor",,,1,1,contracts.reject,0,"App\Policies\LeaseContractValidationPolicy",reject,confirmed,"App\Http\Requests\RejectLeaseContractValidationRequest",always_true,,0,,authenticated_user_and_route_bound_record,missing,0,0,1,0,"App\Models\LeaseContractValidation",mutation,1,required,confirmed,1,contracts,Contratos,47E,critical,high,not_detected,,laravel_route_collection|resolved_middleware|controller_reflection|controller_source|form_request_reflection|policy_discovery|permission_catalog,remove_fixed_role;apply_permission:contracts.reject;enforce_municipal_scope;preserve_active_mfa_log;add_http_security_tests
backoffice.contracts.validations.store,backoffice/contracts/leases/{leaseContract}/validations,POST,"App\Http\Controllers\Backoffice\LeaseContractValidationController",store,"web|auth|role:administrator,municipal_technician,jury,financial_manager,maintenance_manager,auditor",0,0,0,"role:administrator,municipal_technician,jury,financial_manager,maintenance_manager,auditor",,,1,1,contracts.create,0,"App\Policies\ContractPolicy",create,confirmed,"App\Http\Requests\ValidateLeaseContractRequest",always_true,,0,,authenticated_user_and_route_bound_record,missing,0,0,1,0,"App\Models\Contract",mutation,1,required,confirmed,1,contracts,Contratos,47E,critical,high,route_name_reference,tests/Feature/Sprint13ContractsRentDepositTest.php,laravel_route_collection|resolved_middleware|controller_reflection|controller_source|form_request_reflection|policy_discovery|permission_catalog|existing_test_route_reference,remove_fixed_role;apply_permission:contracts.create;enforce_municipal_scope;preserve_active_mfa_log;add_http_security_tests
backoffice.key-handovers.cancel,backoffice/entrega-chaves/{keyHandoverAppointment}/cancelar,POST,"App\Http\Controllers\Backoffice\KeyHandoverAppointmentController",cancel,"web|auth|role:administrator,municipal_technician,jury,financial_manager,maintenance_manager,auditor",0,0,0,"role:administrator,municipal_technician,jury,financial_manager,maintenance_manager,auditor",,,0,0,,0,"App\Policies\KeyHandoverAppointmentPolicy",update,confirmed,"App\Http\Requests\CancelKeyHandoverAppointmentRequest",always_true,,0,,authenticated_user_and_route_bound_record,missing,0,0,1,0,"App\Models\KeyHandoverAppointment",mutation,1,required,confirmed,1,contracts,Contratos,47E,critical,low,not_detected,,laravel_route_collection|resolved_middleware|controller_reflection|controller_source|form_request_reflection|policy_discovery,remove_fixed_role;define_semantic_permission;enforce_municipal_scope;preserve_active_mfa_log;add_http_security_tests
backoffice.key-handovers.complete,backoffice/entrega-chaves/{keyHandoverAppointment}/concluir,POST,"App\Http\Controllers\Backoffice\KeyHandoverAppointmentController",complete,"web|auth|role:administrator,municipal_technician,jury,financial_manager,maintenance_manager,auditor",0,0,0,"role:administrator,municipal_technician,jury,financial_manager,maintenance_manager,auditor",,,0,0,,0,"App\Policies\KeyHandoverAppointmentPolicy",update,confirmed,"App\Http\Requests\CompleteKeyHandoverAppointmentRequest",always_true,,0,,authenticated_user_and_route_bound_record,missing,0,0,1,0,"App\Models\KeyHandoverAppointment",mutation,1,required,confirmed,1,contracts,Contratos,47E,critical,low,route_name_reference,tests/Feature/Backoffice/LotteryClosureFlowTest.php,laravel_route_collection|resolved_middleware|controller_reflection|controller_source|form_request_reflection|policy_discovery|existing_test_route_reference,remove_fixed_role;define_semantic_permission;enforce_municipal_scope;preserve_active_mfa_log;add_http_security_tests
backoffice.key-handovers.create,backoffice/entrega-chaves/criar,GET,"App\Http\Controllers\Backoffice\KeyHandoverAppointmentController",create,"web|auth|role:administrator,municipal_technician,jury,financial_manager,maintenance_manager,auditor",0,0,0,"role:administrator,municipal_technician,jury,financial_manager,maintenance_manager,auditor",,,1,1,contracts.create,0,"App\Policies\KeyHandoverAppointmentPolicy",create,confirmed,,none,,0,,authenticated_user_and_route_bound_record,missing,0,0,1,0,"App\Models\KeyHandoverAppointment",read,1,recommended,confirmed,1,contracts,Contratos,47E,critical,high,not_detected,,laravel_route_collection|resolved_middleware|controller_reflection|controller_source|policy_discovery|permission_catalog,remove_fixed_role;apply_permission:contracts.create;enforce_municipal_scope;preserve_active_mfa_log;add_http_security_tests
backoffice.key-handovers.index,backoffice/entrega-chaves,GET,"App\Http\Controllers\Backoffice\KeyHandoverAppointmentController",index,"web|auth|role:administrator,municipal_technician,jury,financial_manager,maintenance_manager,auditor",0,0,0,"role:administrator,municipal_technician,jury,financial_manager,maintenance_manager,auditor",,,1,1,contracts.view,0,"App\Policies\KeyHandoverAppointmentPolicy",viewAny,confirmed,,none,,0,,authenticated_user_and_route_bound_record,missing,0,0,1,0,"App\Models\KeyHandoverAppointment",read,1,recommended,confirmed,1,contracts,Contratos,47E,critical,high,not_detected,,laravel_route_collection|resolved_middleware|controller_reflection|controller_source|policy_discovery|permission_catalog,remove_fixed_role;apply_permission:contracts.view;enforce_municipal_scope;preserve_active_mfa_log;add_http_security_tests
backoffice.key-handovers.show,backoffice/entrega-chaves/{keyHandoverAppointment},GET,"App\Http\Controllers\Backoffice\KeyHandoverAppointmentController",show,"web|auth|role:administrator,municipal_technician,jury,financial_manager,maintenance_manager,auditor",0,0,0,"role:administrator,municipal_technician,jury,financial_manager,maintenance_manager,auditor",,,1,1,contracts.view,0,"App\Policies\KeyHandoverAppointmentPolicy",view,confirmed,,none,,0,,authenticated_user_and_route_bound_record,missing,0,0,1,0,"App\Models\KeyHandoverAppointment",read,1,recommended,confirmed,1,contracts,Contratos,47E,critical,high,not_detected,,laravel_route_collection|resolved_middleware|controller_reflection|controller_source|policy_discovery|permission_catalog,remove_fixed_role;apply_permission:contracts.view;enforce_municipal_scope;preserve_active_mfa_log;add_http_security_tests
backoffice.key-handovers.store,backoffice/entrega-chaves,POST,"App\Http\Controllers\Backoffice\KeyHandoverAppointmentController",store,"web|auth|role:administrator,municipal_technician,jury,financial_manager,maintenance_manager,auditor",0,0,0,"role:administrator,municipal_technician,jury,financial_manager,maintenance_manager,auditor",,,1,1,contracts.create,0,"App\Policies\KeyHandoverAppointmentPolicy",create,confirmed,"App\Http\Requests\StoreKeyHandoverAppointmentRequest",always_true,,0,,authenticated_user_and_route_bound_record,missing,0,0,1,0,"App\Models\KeyHandoverAppointment",mutation,1,required,confirmed,1,contracts,Contratos,47E,critical,high,route_name_reference,tests/Feature/Backoffice/LotteryClosureFlowTest.php,laravel_route_collection|resolved_middleware|controller_reflection|controller_source|form_request_reflection|policy_discovery|permission_catalog|existing_test_route_reference,remove_fixed_role;apply_permission:contracts.create;enforce_municipal_scope;preserve_active_mfa_log;add_http_security_tests
backoffice.key-handovers.update,backoffice/entrega-chaves/{keyHandoverAppointment},PUT|PATCH,"App\Http\Controllers\Backoffice\KeyHandoverAppointmentController",update,"web|auth|role:administrator,municipal_technician,jury,financial_manager,maintenance_manager,auditor",0,0,0,"role:administrator,municipal_technician,jury,financial_manager,maintenance_manager,auditor",,,1,1,contracts.update,0,"App\Policies\KeyHandoverAppointmentPolicy",update,confirmed,"App\Http\Requests\UpdateKeyHandoverAppointmentRequest",always_true,,0,,authenticated_user_and_route_bound_record,missing,0,0,1,0,"App\Models\KeyHandoverAppointment",mutation,1,required,confirmed,1,contracts,Contratos,47E,critical,high,not_detected,,laravel_route_collection|resolved_middleware|controller_reflection|controller_source|form_request_reflection|policy_discovery|permission_catalog,remove_fixed_role;apply_permission:contracts.update;enforce_municipal_scope;preserve_active_mfa_log;add_http_security_tests
backoffice.tenant-operations.charge-runs.index,backoffice/tenant-operations/charge-runs,GET,"App\Http\Controllers\Backoffice\TenantChargeRunController",index,"web|auth|role:administrator,municipal_technician,jury,financial_manager,maintenance_manager,auditor",0,0,0,"role:administrator,municipal_technician,jury,financial_manager,maintenance_manager,auditor",,,1,1,contracts.view,0,"App\Policies\TenantChargeRunPolicy",viewAny,confirmed,,none,,0,,authenticated_user_and_route_bound_record,missing,0,0,1,0,"App\Models\TenantChargeRun",read,1,recommended,confirmed,1,contracts,Contratos,47E,critical,high,not_detected,,laravel_route_collection|resolved_middleware|controller_reflection|controller_source|policy_discovery|permission_catalog,remove_fixed_role;apply_permission:contracts.view;enforce_municipal_scope;preserve_active_mfa_log;add_http_security_tests
backoffice.tenant-operations.charge-runs.show,backoffice/tenant-operations/charge-runs/{tenantChargeRun},GET,"App\Http\Controllers\Backoffice\TenantChargeRunController",show,"web|auth|role:administrator,municipal_technician,jury,financial_manager,maintenance_manager,auditor",0,0,0,"role:administrator,municipal_technician,jury,financial_manager,maintenance_manager,auditor",,,1,1,contracts.view,0,"App\Policies\TenantChargeRunPolicy",view,confirmed,,none,,0,,authenticated_user_and_route_bound_record,missing,0,0,1,0,"App\Models\TenantChargeRun",read,1,recommended,confirmed,1,contracts,Contratos,47E,critical,high,not_detected,,laravel_route_collection|resolved_middleware|controller_reflection|controller_source|policy_discovery|permission_catalog,remove_fixed_role;apply_permission:contracts.view;enforce_municipal_scope;preserve_active_mfa_log;add_http_security_tests
backoffice.tenant-operations.charge-runs.store,backoffice/tenant-operations/charge-runs,POST,"App\Http\Controllers\Backoffice\TenantChargeRunController",store,"web|auth|role:administrator,municipal_technician,jury,financial_manager,maintenance_manager,auditor",0,0,0,"role:administrator,municipal_technician,jury,financial_manager,maintenance_manager,auditor",,,1,1,contracts.create,0,"App\Policies\TenantChargeRunPolicy",create,confirmed,"App\Http\Requests\RunTenantChargeRunRequest",custom,,0,,authenticated_user_and_route_bound_record,missing,0,0,1,0,"App\Models\TenantChargeRun",mutation,1,required,confirmed,1,contracts,Contratos,47E,critical,high,route_name_reference,tests/Feature/Sprint26TenantPostAwardTest.php,laravel_route_collection|resolved_middleware|controller_reflection|controller_source|form_request_reflection|policy_discovery|permission_catalog|existing_test_route_reference,remove_fixed_role;apply_permission:contracts.create;enforce_municipal_scope;preserve_active_mfa_log;add_http_security_tests
backoffice.tenant-operations.communications.index,backoffice/tenant-operations/communications,GET,"App\Http\Controllers\Backoffice\TenantCommunicationController",index,"web|auth|role:administrator,municipal_technician,jury,financial_manager,maintenance_manager,auditor",0,0,0,"role:administrator,municipal_technician,jury,financial_manager,maintenance_manager,auditor",,,1,1,contracts.view,0,"App\Policies\TenantCommunicationPolicy",viewAny,confirmed,,none,,0,,authenticated_user_and_route_bound_record,missing,0,0,1,0,"App\Models\TenantCommunication",read,1,recommended,confirmed,1,contracts,Contratos,47E,critical,high,not_detected,,laravel_route_collection|resolved_middleware|controller_reflection|controller_source|policy_discovery|permission_catalog,remove_fixed_role;apply_permission:contracts.view;enforce_municipal_scope;preserve_active_mfa_log;add_http_security_tests
backoffice.tenant-operations.communications.messages.store,backoffice/tenant-operations/communications/{tenantCommunication}/messages,POST,"App\Http\Controllers\Backoffice\TenantCommunicationController",message,"web|auth|role:administrator,municipal_technician,jury,financial_manager,maintenance_manager,auditor",0,0,0,"role:administrator,municipal_technician,jury,financial_manager,maintenance_manager,auditor",,,1,1,contracts.view,0,"App\Policies\TenantCommunicationPolicy",update,confirmed,"App\Http\Requests\StoreTenantCommunicationMessageRequest",custom,,0,,authenticated_user_and_route_bound_record,missing,0,0,1,0,"App\Models\TenantCommunication",mutation,1,required,confirmed,1,contracts,Contratos,47E,critical,high,route_name_reference,tests/Feature/Sprint26TenantPostAwardTest.php,laravel_route_collection|resolved_middleware|controller_reflection|controller_source|form_request_reflection|policy_discovery|permission_catalog|existing_test_route_reference,remove_fixed_role;apply_permission:contracts.view;enforce_municipal_scope;preserve_active_mfa_log;add_http_security_tests
backoffice.tenant-operations.communications.show,backoffice/tenant-operations/communications/{tenantCommunication},GET,"App\Http\Controllers\Backoffice\TenantCommunicationController",show,"web|auth|role:administrator,municipal_technician,jury,financial_manager,maintenance_manager,auditor",0,0,0,"role:administrator,municipal_technician,jury,financial_manager,maintenance_manager,auditor",,,1,1,contracts.view,0,"App\Policies\TenantCommunicationPolicy",view,confirmed,,none,,0,,authenticated_user_and_route_bound_record,missing,0,0,1,0,"App\Models\TenantCommunication",read,1,recommended,confirmed,1,contracts,Contratos,47E,critical,high,not_detected,,laravel_route_collection|resolved_middleware|controller_reflection|controller_source|policy_discovery|permission_catalog,remove_fixed_role;apply_permission:contracts.view;enforce_municipal_scope;preserve_active_mfa_log;add_http_security_tests
backoffice.tenant-operations.communications.store,backoffice/tenant-operations/communications,POST,"App\Http\Controllers\Backoffice\TenantCommunicationController",store,"web|auth|role:administrator,municipal_technician,jury,financial_manager,maintenance_manager,auditor",0,0,0,"role:administrator,municipal_technician,jury,financial_manager,maintenance_manager,auditor",,,1,1,contracts.create,0,"App\Policies\TenantCommunicationPolicy",create,confirmed,"App\Http\Requests\StoreTenantCommunicationRequest",custom,,0,,authenticated_user_and_route_bound_record,missing,0,0,1,0,"App\Models\TenantCommunication",mutation,1,required,confirmed,1,contracts,Contratos,47E,critical,high,not_detected,,laravel_route_collection|resolved_middleware|controller_reflection|controller_source|form_request_reflection|policy_discovery|permission_catalog,remove_fixed_role;apply_permission:contracts.create;enforce_municipal_scope;preserve_active_mfa_log;add_http_security_tests
backoffice.tenant-operations.dashboard,backoffice/tenant-operations/dashboard,GET,"App\Http\Controllers\Backoffice\LandlordDashboardController",__invoke,"web|auth|role:administrator,municipal_technician,jury,financial_manager,maintenance_manager,auditor",0,0,0,"role:administrator,municipal_technician,jury,financial_manager,maintenance_manager,auditor",,,1,1,contracts.view,0,,viewAny,confirmed,"App\Http\Requests\FilterLandlordDashboardRequest",custom,,,,dynamic_domain_context,candidate,,0,0,1,,read,1,recommended,unknown,1,contracts,Contratos,47E,critical,medium,route_name_reference,tests/Feature/Sprint26TenantPostAwardTest.php,laravel_route_collection|resolved_middleware|controller_reflection|controller_source|form_request_reflection|permission_catalog|existing_test_route_reference,remove_fixed_role;apply_permission:contracts.view;preserve_active_mfa_log;add_http_security_tests
backoffice.tenant-operations.maintenance-reports.index,backoffice/tenant-operations/maintenance-reports,GET,"App\Http\Controllers\Backoffice\TenantMaintenanceReportController",index,"web|auth|role:administrator,municipal_technician,jury,financial_manager,maintenance_manager,auditor",0,0,0,"role:administrator,municipal_technician,jury,financial_manager,maintenance_manager,auditor",,,1,1,contracts.view,0,,,missing,"App\Http\Requests\GenerateMaintenanceReportRequest",custom,,0,,authenticated_user,candidate,,0,1,0,,read,1,recommended,unknown,1,contracts,Contratos,47E,critical,medium,not_detected,,laravel_route_collection|resolved_middleware|controller_reflection|controller_source|form_request_reflection|permission_catalog,remove_fixed_role;apply_permission:contracts.view;preserve_active_mfa_log;add_http_security_tests
backoffice.tenant-transitions.index,backoffice/transicoes-inquilino,GET,"App\Http\Controllers\Backoffice\TenantTransitionController",index,"web|auth|role:administrator,municipal_technician,jury,financial_manager,maintenance_manager,auditor",0,0,0,"role:administrator,municipal_technician,jury,financial_manager,maintenance_manager,auditor",,,1,1,contracts.view,0,"App\Policies\TenantTransitionPolicy",viewAny,confirmed,,none,,0,,authenticated_user_and_route_bound_record,missing,0,0,1,0,"App\Models\TenantTransition",read,1,recommended,confirmed,1,contracts,Contratos,47E,critical,high,not_detected,,laravel_route_collection|resolved_middleware|controller_reflection|controller_source|policy_discovery|permission_catalog,remove_fixed_role;apply_permission:contracts.view;enforce_municipal_scope;preserve_active_mfa_log;add_http_security_tests
backoffice.tenant-transitions.run,backoffice/transicoes-inquilino,POST,"App\Http\Controllers\Backoffice\TenantTransitionController",run,"web|auth|role:administrator,municipal_technician,jury,financial_manager,maintenance_manager,auditor",0,0,0,"role:administrator,municipal_technician,jury,financial_manager,maintenance_manager,auditor",,,0,0,,0,"App\Policies\TenantTransitionPolicy",create,confirmed,"App\Http\Requests\RunTenantTransitionRequest",always_true,,0,,authenticated_user_and_route_bound_record,missing,0,0,1,0,"App\Models\TenantTransition",mutation,1,required,confirmed,1,contracts,Contratos,47E,critical,low,route_name_reference,tests/Feature/Backoffice/LotteryClosureFlowTest.php,laravel_route_collection|resolved_middleware|controller_reflection|controller_source|form_request_reflection|policy_discovery|existing_test_route_reference,remove_fixed_role;define_semantic_permission;enforce_municipal_scope;preserve_active_mfa_log;add_http_security_tests
contracts.create,contracts/create,GET,"App\Http\Controllers\ContractController",create,"web|auth|role:administrator,municipal_technician,jury,financial_manager,maintenance_manager,auditor",0,0,0,"role:administrator,municipal_technician,jury,financial_manager,maintenance_manager,auditor",,,1,1,contracts.create,0,"App\Policies\ContractPolicy",create,inferred,,none,,0,,authenticated_user_and_route_bound_record,missing,0,0,1,0,"App\Models\Contract",read,1,recommended,unknown,1,contracts,Contratos,47E,critical,high,not_detected,,laravel_route_collection|resolved_middleware|controller_reflection|controller_source|policy_discovery|permission_catalog,remove_fixed_role;apply_permission:contracts.create;enforce_municipal_scope;preserve_active_mfa_log;add_http_security_tests
contracts.destroy,contracts/{contract},DELETE,"App\Http\Controllers\ContractController",destroy,"web|auth|role:administrator,municipal_technician,jury,financial_manager,maintenance_manager,auditor",0,0,0,"role:administrator,municipal_technician,jury,financial_manager,maintenance_manager,auditor",,,1,1,contracts.delete,0,"App\Policies\ContractPolicy",delete,inferred,,none,,0,,authenticated_user_and_route_bound_record,missing,0,0,1,0,"App\Models\Contract",mutation,1,required,missing,1,contracts,Contratos,47E,critical,high,not_detected,,laravel_route_collection|resolved_middleware|controller_reflection|controller_source|policy_discovery|permission_catalog,remove_fixed_role;apply_permission:contracts.delete;enforce_municipal_scope;preserve_active_mfa_log;add_http_security_tests
contracts.edit,contracts/{contract}/edit,GET,"App\Http\Controllers\ContractController",edit,"web|auth|role:administrator,municipal_technician,jury,financial_manager,maintenance_manager,auditor",0,0,0,"role:administrator,municipal_technician,jury,financial_manager,maintenance_manager,auditor",,,1,1,contracts.update,0,"App\Policies\ContractPolicy",update,inferred,,none,,0,,authenticated_user_and_route_bound_record,missing,0,0,1,0,"App\Models\Contract",read,1,recommended,unknown,1,contracts,Contratos,47E,critical,high,not_detected,,laravel_route_collection|resolved_middleware|controller_reflection|controller_source|policy_discovery|permission_catalog,remove_fixed_role;apply_permission:contracts.update;enforce_municipal_scope;preserve_active_mfa_log;add_http_security_tests
contracts.index,contracts,GET,"App\Http\Controllers\ContractController",index,"web|auth|role:administrator,municipal_technician,jury,financial_manager,maintenance_manager,auditor",0,0,0,"role:administrator,municipal_technician,jury,financial_manager,maintenance_manager,auditor",,,1,1,contracts.view,0,"App\Policies\ContractPolicy",viewAny,inferred,,none,,0,,authenticated_user_and_route_bound_record,missing,0,0,1,0,"App\Models\Contract",read,1,recommended,unknown,1,contracts,Contratos,47E,critical,high,not_detected,,laravel_route_collection|resolved_middleware|controller_reflection|controller_source|policy_discovery|permission_catalog,remove_fixed_role;apply_permission:contracts.view;enforce_municipal_scope;preserve_active_mfa_log;add_http_security_tests
contracts.show,contracts/{contract},GET,"App\Http\Controllers\ContractController",show,"web|auth|role:administrator,municipal_technician,jury,financial_manager,maintenance_manager,auditor",0,0,0,"role:administrator,municipal_technician,jury,financial_manager,maintenance_manager,auditor",,,1,1,contracts.view,0,"App\Policies\ContractPolicy",view,inferred,,none,,0,,authenticated_user_and_route_bound_record,missing,0,0,1,0,"App\Models\Contract",read,1,recommended,unknown,1,contracts,Contratos,47E,critical,high,not_detected,,laravel_route_collection|resolved_middleware|controller_reflection|controller_source|policy_discovery|permission_catalog,remove_fixed_role;apply_permission:contracts.view;enforce_municipal_scope;preserve_active_mfa_log;add_http_security_tests
contracts.store,contracts,POST,"App\Http\Controllers\ContractController",store,"web|auth|role:administrator,municipal_technician,jury,financial_manager,maintenance_manager,auditor",0,0,0,"role:administrator,municipal_technician,jury,financial_manager,maintenance_manager,auditor",,,1,1,contracts.create,0,"App\Policies\ContractPolicy",create,inferred,"App\Http\Requests\StoreContractRequest",always_true,,0,,authenticated_user_and_route_bound_record,missing,0,0,1,0,"App\Models\Contract",mutation,1,required,missing,1,contracts,Contratos,47E,critical,high,not_detected,,laravel_route_collection|resolved_middleware|controller_reflection|controller_source|form_request_reflection|policy_discovery|permission_catalog,remove_fixed_role;apply_permission:contracts.create;enforce_municipal_scope;preserve_active_mfa_log;add_http_security_tests
contracts.update,contracts/{contract},PUT|PATCH,"App\Http\Controllers\ContractController",update,"web|auth|role:administrator,municipal_technician,jury,financial_manager,maintenance_manager,auditor",0,0,0,"role:administrator,municipal_technician,jury,financial_manager,maintenance_manager,auditor",,,1,1,contracts.update,0,"App\Policies\ContractPolicy",update,inferred,"App\Http\Requests\UpdateContractRequest",always_true,,0,,authenticated_user_and_route_bound_record,missing,0,0,1,0,"App\Models\Contract",mutation,1,required,missing,1,contracts,Contratos,47E,critical,high,not_detected,,laravel_route_collection|resolved_middleware|controller_reflection|controller_source|form_request_reflection|policy_discovery|permission_catalog,remove_fixed_role;apply_permission:contracts.update;enforce_municipal_scope;preserve_active_mfa_log;add_http_security_tests
backoffice.contracts.deposits.cancel,backoffice/contracts/deposits/{contractDeposit}/cancel,POST,"App\Http\Controllers\Backoffice\ContractDepositController",cancel,"web|auth|role:administrator,municipal_technician,jury,financial_manager,maintenance_manager,auditor",0,0,0,"role:administrator,municipal_technician,jury,financial_manager,maintenance_manager,auditor",,,0,0,,0,"App\Policies\ContractDepositPolicy",update,confirmed,,none,,0,,authenticated_user_and_route_bound_record,missing,0,0,1,0,"App\Models\ContractDeposit",mutation,1,required,confirmed,1,finance,Finanças,47F,critical,low,not_detected,,laravel_route_collection|resolved_middleware|controller_reflection|controller_source|policy_discovery,remove_fixed_role;define_semantic_permission;enforce_municipal_scope;preserve_active_mfa_log;add_http_security_tests
backoffice.contracts.deposits.paid,backoffice/contracts/deposits/{contractDeposit}/paid,POST,"App\Http\Controllers\Backoffice\ContractDepositController",markPaid,"web|auth|role:administrator,municipal_technician,jury,financial_manager,maintenance_manager,auditor",0,0,0,"role:administrator,municipal_technician,jury,financial_manager,maintenance_manager,auditor",,,1,1,finance.view,0,"App\Policies\ContractDepositPolicy",update,confirmed,"App\Http\Requests\MarkContractDepositPaidRequest",always_true,,0,,authenticated_user_and_route_bound_record,missing,0,0,1,0,"App\Models\ContractDeposit",mutation,1,required,confirmed,1,finance,Finanças,47F,critical,high,route_name_reference,tests/Feature/Sprint13ContractsRentDepositTest.php,laravel_route_collection|resolved_middleware|controller_reflection|controller_source|form_request_reflection|policy_discovery|permission_catalog|existing_test_route_reference,remove_fixed_role;apply_permission:finance.view;enforce_municipal_scope;preserve_active_mfa_log;add_http_security_tests
backoffice.contracts.deposits.requested,backoffice/contracts/deposits/{contractDeposit}/requested,POST,"App\Http\Controllers\Backoffice\ContractDepositController",markRequested,"web|auth|role:administrator,municipal_technician,jury,financial_manager,maintenance_manager,auditor",0,0,0,"role:administrator,municipal_technician,jury,financial_manager,maintenance_manager,auditor",,,1,1,finance.view,0,"App\Policies\ContractDepositPolicy",update,confirmed,,none,,0,,authenticated_user_and_route_bound_record,missing,0,0,1,0,"App\Models\ContractDeposit",mutation,1,required,confirmed,1,finance,Finanças,47F,critical,high,not_detected,,laravel_route_collection|resolved_middleware|controller_reflection|controller_source|policy_discovery|permission_catalog,remove_fixed_role;apply_permission:finance.view;enforce_municipal_scope;preserve_active_mfa_log;add_http_security_tests
backoffice.contracts.deposits.show,backoffice/contracts/deposits/{contractDeposit},GET,"App\Http\Controllers\Backoffice\ContractDepositController",show,"web|auth|role:administrator,municipal_technician,jury,financial_manager,maintenance_manager,auditor",0,0,0,"role:administrator,municipal_technician,jury,financial_manager,maintenance_manager,auditor",,,1,1,finance.view,0,"App\Policies\ContractDepositPolicy",view,confirmed,,none,,0,,authenticated_user_and_route_bound_record,missing,0,0,1,0,"App\Models\ContractDeposit",read,1,recommended,confirmed,1,finance,Finanças,47F,critical,high,not_detected,,laravel_route_collection|resolved_middleware|controller_reflection|controller_source|policy_discovery|permission_catalog,remove_fixed_role;apply_permission:finance.view;enforce_municipal_scope;preserve_active_mfa_log;add_http_security_tests
backoffice.contracts.deposits.waived,backoffice/contracts/deposits/{contractDeposit}/waived,POST,"App\Http\Controllers\Backoffice\ContractDepositController",markWaived,"web|auth|role:administrator,municipal_technician,jury,financial_manager,maintenance_manager,auditor",0,0,0,"role:administrator,municipal_technician,jury,financial_manager,maintenance_manager,auditor",,,1,1,finance.view,0,"App\Policies\ContractDepositPolicy",update,confirmed,"App\Http\Requests\WaiveContractDepositRequest",always_true,,0,,authenticated_user_and_route_bound_record,missing,0,0,1,0,"App\Models\ContractDeposit",mutation,1,required,confirmed,1,finance,Finanças,47F,critical,high,not_detected,,laravel_route_collection|resolved_middleware|controller_reflection|controller_source|form_request_reflection|policy_discovery|permission_catalog,remove_fixed_role;apply_permission:finance.view;enforce_municipal_scope;preserve_active_mfa_log;add_http_security_tests
backoffice.contracts.rent-calculations.approve,backoffice/contracts/rent-calculations/{rentCalculation}/approve,POST,"App\Http\Controllers\Backoffice\RentCalculationController",approve,"web|auth|role:administrator,municipal_technician,jury,financial_manager,maintenance_manager,auditor",0,0,0,"role:administrator,municipal_technician,jury,financial_manager,maintenance_manager,auditor",,,1,1,finance.approve,0,"App\Policies\RentCalculationPolicy",approve,confirmed,"App\Http\Requests\ApproveRentCalculationRequest",always_true,,0,,authenticated_user_and_route_bound_record,missing,0,0,1,0,"App\Models\RentCalculation",mutation,1,required,confirmed,1,finance,Finanças,47F,critical,high,route_name_reference,tests/Feature/Sprint13ContractsRentDepositTest.php,laravel_route_collection|resolved_middleware|controller_reflection|controller_source|form_request_reflection|policy_discovery|permission_catalog|existing_test_route_reference,remove_fixed_role;apply_permission:finance.approve;enforce_municipal_scope;preserve_active_mfa_log;add_http_security_tests
backoffice.contracts.rent-calculations.calculate,backoffice/contracts/rent-calculations/calculate,POST,"App\Http\Controllers\Backoffice\RentCalculationController",calculate,"web|auth|role:administrator,municipal_technician,jury,financial_manager,maintenance_manager,auditor",0,0,0,"role:administrator,municipal_technician,jury,financial_manager,maintenance_manager,auditor",,,1,1,finance.view,0,"App\Policies\RentCalculationPolicy",create,confirmed,"App\Http\Requests\CalculateRentRequest",always_true,,0,,authenticated_user_and_route_bound_record,missing,0,0,1,0,"App\Models\RentCalculation",mutation,1,required,confirmed,1,finance,Finanças,47F,critical,high,route_name_reference,tests/Feature/Sprint13ContractsRentDepositTest.php,laravel_route_collection|resolved_middleware|controller_reflection|controller_source|form_request_reflection|policy_discovery|permission_catalog|existing_test_route_reference,remove_fixed_role;apply_permission:finance.view;enforce_municipal_scope;preserve_active_mfa_log;add_http_security_tests
backoffice.contracts.rent-calculations.index,backoffice/contracts/rent-calculations,GET,"App\Http\Controllers\Backoffice\RentCalculationController",index,"web|auth|role:administrator,municipal_technician,jury,financial_manager,maintenance_manager,auditor",0,0,0,"role:administrator,municipal_technician,jury,financial_manager,maintenance_manager,auditor",,,1,1,finance.view,0,"App\Policies\RentCalculationPolicy",viewAny,confirmed,,none,,0,,authenticated_user_and_route_bound_record,missing,0,0,1,0,"App\Models\RentCalculation",read,1,recommended,confirmed,1,finance,Finanças,47F,critical,high,not_detected,,laravel_route_collection|resolved_middleware|controller_reflection|controller_source|policy_discovery|permission_catalog,remove_fixed_role;apply_permission:finance.view;enforce_municipal_scope;preserve_active_mfa_log;add_http_security_tests
backoffice.contracts.rent-calculations.recalculate,backoffice/contracts/rent-calculations/{rentCalculation}/recalculate,POST,"App\Http\Controllers\Backoffice\RentCalculationController",recalculate,"web|auth|role:administrator,municipal_technician,jury,financial_manager,maintenance_manager,auditor",0,0,0,"role:administrator,municipal_technician,jury,financial_manager,maintenance_manager,auditor",,,0,0,,0,"App\Policies\RentCalculationPolicy",update,confirmed,,none,,0,,authenticated_user_and_route_bound_record,missing,0,0,1,0,"App\Models\RentCalculation",mutation,1,required,confirmed,1,finance,Finanças,47F,critical,low,not_detected,,laravel_route_collection|resolved_middleware|controller_reflection|controller_source|policy_discovery,remove_fixed_role;define_semantic_permission;enforce_municipal_scope;preserve_active_mfa_log;add_http_security_tests
backoffice.contracts.rent-calculations.reject,backoffice/contracts/rent-calculations/{rentCalculation}/reject,POST,"App\Http\Controllers\Backoffice\RentCalculationController",reject,"web|auth|role:administrator,municipal_technician,jury,financial_manager,maintenance_manager,auditor",0,0,0,"role:administrator,municipal_technician,jury,financial_manager,maintenance_manager,auditor",,,1,1,finance.reject,0,"App\Policies\RentCalculationPolicy",approve,confirmed,"App\Http\Requests\RejectRentCalculationRequest",always_true,,0,,authenticated_user_and_route_bound_record,missing,0,0,1,0,"App\Models\RentCalculation",mutation,1,required,confirmed,1,finance,Finanças,47F,critical,high,not_detected,,laravel_route_collection|resolved_middleware|controller_reflection|controller_source|form_request_reflection|policy_discovery|permission_catalog,remove_fixed_role;apply_permission:finance.reject;enforce_municipal_scope;preserve_active_mfa_log;add_http_security_tests
backoffice.contracts.rent-calculations.show,backoffice/contracts/rent-calculations/{rentCalculation},GET,"App\Http\Controllers\Backoffice\RentCalculationController",show,"web|auth|role:administrator,municipal_technician,jury,financial_manager,maintenance_manager,auditor",0,0,0,"role:administrator,municipal_technician,jury,financial_manager,maintenance_manager,auditor",,,1,1,finance.view,0,"App\Policies\RentCalculationPolicy",view,confirmed,,none,,0,,authenticated_user_and_route_bound_record,missing,0,0,1,0,"App\Models\RentCalculation",read,1,recommended,confirmed,1,finance,Finanças,47F,critical,high,not_detected,,laravel_route_collection|resolved_middleware|controller_reflection|controller_source|policy_discovery|permission_catalog,remove_fixed_role;apply_permission:finance.view;enforce_municipal_scope;preserve_active_mfa_log;add_http_security_tests
backoffice.contracts.rent-manual-reviews.approve,backoffice/contracts/rent-manual-reviews/{rentManualReview}/approve,POST,"App\Http\Controllers\Backoffice\RentManualReviewController",approve,"web|auth|role:administrator,municipal_technician,jury,financial_manager,maintenance_manager,auditor",0,0,0,"role:administrator,municipal_technician,jury,financial_manager,maintenance_manager,auditor",,,1,1,finance.approve,0,"App\Policies\RentManualReviewPolicy",approve,confirmed,"App\Http\Requests\ApproveRentManualReviewRequest",always_true,,0,,authenticated_user_and_route_bound_record,missing,0,0,1,0,"App\Models\RentManualReview",mutation,1,required,confirmed,1,finance,Finanças,47F,critical,high,not_detected,,laravel_route_collection|resolved_middleware|controller_reflection|controller_source|form_request_reflection|policy_discovery|permission_catalog,remove_fixed_role;apply_permission:finance.approve;enforce_municipal_scope;preserve_active_mfa_log;add_http_security_tests
backoffice.contracts.rent-manual-reviews.reject,backoffice/contracts/rent-manual-reviews/{rentManualReview}/reject,POST,"App\Http\Controllers\Backoffice\RentManualReviewController",reject,"web|auth|role:administrator,municipal_technician,jury,financial_manager,maintenance_manager,auditor",0,0,0,"role:administrator,municipal_technician,jury,financial_manager,maintenance_manager,auditor",,,1,1,finance.reject,0,"App\Policies\RentManualReviewPolicy",approve,confirmed,"App\Http\Requests\RejectRentManualReviewRequest",always_true,,0,,authenticated_user_and_route_bound_record,missing,0,0,1,0,"App\Models\RentManualReview",mutation,1,required,confirmed,1,finance,Finanças,47F,critical,high,not_detected,,laravel_route_collection|resolved_middleware|controller_reflection|controller_source|form_request_reflection|policy_discovery|permission_catalog,remove_fixed_role;apply_permission:finance.reject;enforce_municipal_scope;preserve_active_mfa_log;add_http_security_tests
backoffice.contracts.rent-manual-reviews.store,backoffice/contracts/rent-calculations/{rentCalculation}/manual-reviews,POST,"App\Http\Controllers\Backoffice\RentManualReviewController",store,"web|auth|role:administrator,municipal_technician,jury,financial_manager,maintenance_manager,auditor",0,0,0,"role:administrator,municipal_technician,jury,financial_manager,maintenance_manager,auditor",,,1,1,finance.create,0,"App\Policies\RentCalculationPolicy",create,confirmed,"App\Http\Requests\StoreRentManualReviewRequest",always_true,,0,,authenticated_user_and_route_bound_record,missing,0,0,1,0,"App\Models\RentCalculation",mutation,1,required,confirmed,1,finance,Finanças,47F,critical,high,not_detected,,laravel_route_collection|resolved_middleware|controller_reflection|controller_source|form_request_reflection|policy_discovery|permission_catalog,remove_fixed_role;apply_permission:finance.create;enforce_municipal_scope;preserve_active_mfa_log;add_http_security_tests
backoffice.contracts.rent-rule-sets.activate,backoffice/contracts/rent-rule-sets/{rentRuleSet}/activate,POST,"App\Http\Controllers\Backoffice\RentRuleSetController",activate,"web|auth|role:administrator,municipal_technician,jury,financial_manager,maintenance_manager,auditor",0,0,0,"role:administrator,municipal_technician,jury,financial_manager,maintenance_manager,auditor",,,0,0,,0,"App\Policies\RentRuleSetPolicy",activate,confirmed,,none,,0,,authenticated_user_and_route_bound_record,missing,0,0,1,0,"App\Models\RentRuleSet",mutation,1,required,confirmed,1,finance,Finanças,47F,critical,low,not_detected,,laravel_route_collection|resolved_middleware|controller_reflection|controller_source|policy_discovery,remove_fixed_role;define_semantic_permission;enforce_municipal_scope;preserve_active_mfa_log;add_http_security_tests
backoffice.contracts.rent-rule-sets.archive,backoffice/contracts/rent-rule-sets/{rentRuleSet}/archive,POST,"App\Http\Controllers\Backoffice\RentRuleSetController",archive,"web|auth|role:administrator,municipal_technician,jury,financial_manager,maintenance_manager,auditor",0,0,0,"role:administrator,municipal_technician,jury,financial_manager,maintenance_manager,auditor",,,1,1,finance.update,0,"App\Policies\RentRuleSetPolicy",archive,confirmed,,none,,0,,authenticated_user_and_route_bound_record,missing,0,0,1,0,"App\Models\RentRuleSet",mutation,1,required,confirmed,1,finance,Finanças,47F,critical,high,not_detected,,laravel_route_collection|resolved_middleware|controller_reflection|controller_source|policy_discovery|permission_catalog,remove_fixed_role;apply_permission:finance.update;enforce_municipal_scope;preserve_active_mfa_log;add_http_security_tests
backoffice.contracts.rent-rule-sets.create,backoffice/contracts/rent-rule-sets/create,GET,"App\Http\Controllers\Backoffice\RentRuleSetController",create,"web|auth|role:administrator,municipal_technician,jury,financial_manager,maintenance_manager,auditor",0,0,0,"role:administrator,municipal_technician,jury,financial_manager,maintenance_manager,auditor",,,1,1,finance.create,0,"App\Policies\RentRuleSetPolicy",create,confirmed,,none,,0,,authenticated_user_and_route_bound_record,missing,0,0,1,0,"App\Models\RentRuleSet",read,1,recommended,confirmed,1,finance,Finanças,47F,critical,high,not_detected,,laravel_route_collection|resolved_middleware|controller_reflection|controller_source|policy_discovery|permission_catalog,remove_fixed_role;apply_permission:finance.create;enforce_municipal_scope;preserve_active_mfa_log;add_http_security_tests
backoffice.contracts.rent-rule-sets.duplicate,backoffice/contracts/rent-rule-sets/{rentRuleSet}/duplicate,POST,"App\Http\Controllers\Backoffice\RentRuleSetController",duplicate,"web|auth|role:administrator,municipal_technician,jury,financial_manager,maintenance_manager,auditor",0,0,0,"role:administrator,municipal_technician,jury,financial_manager,maintenance_manager,auditor",,,1,1,finance.create,0,"App\Policies\RentRuleSetPolicy",duplicate,confirmed,,none,,0,,authenticated_user_and_route_bound_record,missing,0,0,1,0,"App\Models\RentRuleSet",mutation,1,required,confirmed,1,finance,Finanças,47F,critical,high,not_detected,,laravel_route_collection|resolved_middleware|controller_reflection|controller_source|policy_discovery|permission_catalog,remove_fixed_role;apply_permission:finance.create;enforce_municipal_scope;preserve_active_mfa_log;add_http_security_tests
backoffice.contracts.rent-rule-sets.edit,backoffice/contracts/rent-rule-sets/{rentRuleSet}/edit,GET,"App\Http\Controllers\Backoffice\RentRuleSetController",edit,"web|auth|role:administrator,municipal_technician,jury,financial_manager,maintenance_manager,auditor",0,0,0,"role:administrator,municipal_technician,jury,financial_manager,maintenance_manager,auditor",,,1,1,finance.update,0,"App\Policies\RentRuleSetPolicy",update,confirmed,,none,,0,,authenticated_user_and_route_bound_record,missing,0,0,1,0,"App\Models\RentRuleSet",read,1,recommended,confirmed,1,finance,Finanças,47F,critical,high,not_detected,,laravel_route_collection|resolved_middleware|controller_reflection|controller_source|policy_discovery|permission_catalog,remove_fixed_role;apply_permission:finance.update;enforce_municipal_scope;preserve_active_mfa_log;add_http_security_tests
backoffice.contracts.rent-rule-sets.index,backoffice/contracts/rent-rule-sets,GET,"App\Http\Controllers\Backoffice\RentRuleSetController",index,"web|auth|role:administrator,municipal_technician,jury,financial_manager,maintenance_manager,auditor",0,0,0,"role:administrator,municipal_technician,jury,financial_manager,maintenance_manager,auditor",,,1,1,finance.view,0,"App\Policies\RentRuleSetPolicy",viewAny,confirmed,,none,,0,,authenticated_user_and_route_bound_record,missing,0,0,1,0,"App\Models\RentRuleSet",read,1,recommended,confirmed,1,finance,Finanças,47F,critical,high,not_detected,,laravel_route_collection|resolved_middleware|controller_reflection|controller_source|policy_discovery|permission_catalog,remove_fixed_role;apply_permission:finance.view;enforce_municipal_scope;preserve_active_mfa_log;add_http_security_tests
backoffice.contracts.rent-rule-sets.show,backoffice/contracts/rent-rule-sets/{rentRuleSet},GET,"App\Http\Controllers\Backoffice\RentRuleSetController",show,"web|auth|role:administrator,municipal_technician,jury,financial_manager,maintenance_manager,auditor",0,0,0,"role:administrator,municipal_technician,jury,financial_manager,maintenance_manager,auditor",,,1,1,finance.view,0,"App\Policies\RentRuleSetPolicy",view,confirmed,,none,,0,,authenticated_user_and_route_bound_record,missing,0,0,1,0,"App\Models\RentRuleSet",read,1,recommended,confirmed,1,finance,Finanças,47F,critical,high,not_detected,,laravel_route_collection|resolved_middleware|controller_reflection|controller_source|policy_discovery|permission_catalog,remove_fixed_role;apply_permission:finance.view;enforce_municipal_scope;preserve_active_mfa_log;add_http_security_tests
backoffice.contracts.rent-rule-sets.store,backoffice/contracts/rent-rule-sets,POST,"App\Http\Controllers\Backoffice\RentRuleSetController",store,"web|auth|role:administrator,municipal_technician,jury,financial_manager,maintenance_manager,auditor",0,0,0,"role:administrator,municipal_technician,jury,financial_manager,maintenance_manager,auditor",,,1,1,finance.create,0,"App\Policies\RentRuleSetPolicy",create,confirmed,"App\Http\Requests\StoreRentRuleSetRequest",always_true,,0,,authenticated_user_and_route_bound_record,missing,0,0,1,0,"App\Models\RentRuleSet",mutation,1,required,confirmed,1,finance,Finanças,47F,critical,high,not_detected,,laravel_route_collection|resolved_middleware|controller_reflection|controller_source|form_request_reflection|policy_discovery|permission_catalog,remove_fixed_role;apply_permission:finance.create;enforce_municipal_scope;preserve_active_mfa_log;add_http_security_tests
backoffice.contracts.rent-rule-sets.update,backoffice/contracts/rent-rule-sets/{rentRuleSet},PUT|PATCH,"App\Http\Controllers\Backoffice\RentRuleSetController",update,"web|auth|role:administrator,municipal_technician,jury,financial_manager,maintenance_manager,auditor",0,0,0,"role:administrator,municipal_technician,jury,financial_manager,maintenance_manager,auditor",,,1,1,finance.update,0,"App\Policies\RentRuleSetPolicy",update,confirmed,"App\Http\Requests\UpdateRentRuleSetRequest",always_true,,0,,authenticated_user_and_route_bound_record,missing,0,0,1,0,"App\Models\RentRuleSet",mutation,1,required,confirmed,1,finance,Finanças,47F,critical,high,not_detected,,laravel_route_collection|resolved_middleware|controller_reflection|controller_source|form_request_reflection|policy_discovery|permission_catalog,remove_fixed_role;apply_permission:finance.update;enforce_municipal_scope;preserve_active_mfa_log;add_http_security_tests
backoffice.contracts.rent-rules.create,backoffice/contracts/rent-rules/create,GET,"App\Http\Controllers\Backoffice\RentRuleController",create,"web|auth|role:administrator,municipal_technician,jury,financial_manager,maintenance_manager,auditor",0,0,0,"role:administrator,municipal_technician,jury,financial_manager,maintenance_manager,auditor",,,1,1,finance.create,0,"App\Policies\RentRulePolicy",create,confirmed,,none,,0,,authenticated_user_and_route_bound_record,missing,0,0,1,0,"App\Models\RentRule",read,1,recommended,unknown,1,finance,Finanças,47F,critical,high,not_detected,,laravel_route_collection|resolved_middleware|controller_reflection|controller_source|policy_discovery|permission_catalog,remove_fixed_role;apply_permission:finance.create;enforce_municipal_scope;preserve_active_mfa_log;add_http_security_tests
backoffice.contracts.rent-rules.edit,backoffice/contracts/rent-rules/{rentRule}/edit,GET,"App\Http\Controllers\Backoffice\RentRuleController",edit,"web|auth|role:administrator,municipal_technician,jury,financial_manager,maintenance_manager,auditor",0,0,0,"role:administrator,municipal_technician,jury,financial_manager,maintenance_manager,auditor",,,1,1,finance.update,0,"App\Policies\RentRulePolicy",update,confirmed,,none,,0,,authenticated_user_and_route_bound_record,missing,0,0,1,0,"App\Models\RentRule",read,1,recommended,unknown,1,finance,Finanças,47F,critical,high,not_detected,,laravel_route_collection|resolved_middleware|controller_reflection|controller_source|policy_discovery|permission_catalog,remove_fixed_role;apply_permission:finance.update;enforce_municipal_scope;preserve_active_mfa_log;add_http_security_tests
backoffice.contracts.rent-rules.index,backoffice/contracts/rent-rules,GET,"App\Http\Controllers\Backoffice\RentRuleController",index,"web|auth|role:administrator,municipal_technician,jury,financial_manager,maintenance_manager,auditor",0,0,0,"role:administrator,municipal_technician,jury,financial_manager,maintenance_manager,auditor",,,1,1,finance.view,0,"App\Policies\RentRulePolicy",viewAny,confirmed,,none,,0,,authenticated_user_and_route_bound_record,missing,0,0,1,0,"App\Models\RentRule",read,1,recommended,unknown,1,finance,Finanças,47F,critical,high,not_detected,,laravel_route_collection|resolved_middleware|controller_reflection|controller_source|policy_discovery|permission_catalog,remove_fixed_role;apply_permission:finance.view;enforce_municipal_scope;preserve_active_mfa_log;add_http_security_tests
backoffice.contracts.rent-rules.store,backoffice/contracts/rent-rules,POST,"App\Http\Controllers\Backoffice\RentRuleController",store,"web|auth|role:administrator,municipal_technician,jury,financial_manager,maintenance_manager,auditor",0,0,0,"role:administrator,municipal_technician,jury,financial_manager,maintenance_manager,auditor",,,1,1,finance.create,0,"App\Policies\RentRulePolicy",create,confirmed,"App\Http\Requests\StoreRentRuleRequest",always_true,,0,,authenticated_user_and_route_bound_record,missing,0,0,1,0,"App\Models\RentRule",mutation,1,required,missing,1,finance,Finanças,47F,critical,high,not_detected,,laravel_route_collection|resolved_middleware|controller_reflection|controller_source|form_request_reflection|policy_discovery|permission_catalog,remove_fixed_role;apply_permission:finance.create;enforce_municipal_scope;preserve_active_mfa_log;add_http_security_tests
backoffice.contracts.rent-rules.update,backoffice/contracts/rent-rules/{rentRule},PUT|PATCH,"App\Http\Controllers\Backoffice\RentRuleController",update,"web|auth|role:administrator,municipal_technician,jury,financial_manager,maintenance_manager,auditor",0,0,0,"role:administrator,municipal_technician,jury,financial_manager,maintenance_manager,auditor",,,1,1,finance.update,0,"App\Policies\RentRulePolicy",update,confirmed,"App\Http\Requests\UpdateRentRuleRequest",always_true,,0,,authenticated_user_and_route_bound_record,missing,0,0,1,0,"App\Models\RentRule",mutation,1,required,missing,1,finance,Finanças,47F,critical,high,not_detected,,laravel_route_collection|resolved_middleware|controller_reflection|controller_source|form_request_reflection|policy_discovery|permission_catalog,remove_fixed_role;apply_permission:finance.update;enforce_municipal_scope;preserve_active_mfa_log;add_http_security_tests
backoffice.finance.accounts.detect-arrears,backoffice/finance/accounts/{tenantFinancialAccount}/detect-arrears,POST,"App\Http\Controllers\Backoffice\Finance\ArrearController",detect,"web|auth|role:administrator,municipal_technician,jury,financial_manager,maintenance_manager,auditor",0,0,0,"role:administrator,municipal_technician,jury,financial_manager,maintenance_manager,auditor",,,1,1,finance.view,0,"App\Policies\TenantFinancialAccountPolicy",update,confirmed,,none,,0,,authenticated_user_and_route_bound_record,missing,0,0,1,0,"App\Models\TenantFinancialAccount",mutation,1,required,confirmed,1,finance,Finanças,47F,critical,high,route_name_reference,tests/Feature/Sprint14FinanceTest.php,laravel_route_collection|resolved_middleware|controller_reflection|controller_source|policy_discovery|permission_catalog|existing_test_route_reference,remove_fixed_role;apply_permission:finance.view;enforce_municipal_scope;preserve_active_mfa_log;add_http_security_tests
backoffice.finance.accounts.index,backoffice/finance/accounts,GET,"App\Http\Controllers\Backoffice\Finance\TenantFinancialAccountController",index,"web|auth|role:administrator,municipal_technician,jury,financial_manager,maintenance_manager,auditor",0,0,0,"role:administrator,municipal_technician,jury,financial_manager,maintenance_manager,auditor",,,1,1,finance.view,0,"App\Policies\TenantFinancialAccountPolicy",viewAny,confirmed,,none,,0,,authenticated_user_and_route_bound_record,missing,0,0,1,0,"App\Models\TenantFinancialAccount",read,1,recommended,confirmed,1,finance,Finanças,47F,critical,high,not_detected,,laravel_route_collection|resolved_middleware|controller_reflection|controller_source|policy_discovery|permission_catalog,remove_fixed_role;apply_permission:finance.view;enforce_municipal_scope;preserve_active_mfa_log;add_http_security_tests
backoffice.finance.accounts.show,backoffice/finance/accounts/{tenantFinancialAccount},GET,"App\Http\Controllers\Backoffice\Finance\TenantFinancialAccountController",show,"web|auth|role:administrator,municipal_technician,jury,financial_manager,maintenance_manager,auditor",0,0,0,"role:administrator,municipal_technician,jury,financial_manager,maintenance_manager,auditor",,,1,1,finance.view,0,"App\Policies\TenantFinancialAccountPolicy",view,confirmed,,none,,0,,authenticated_user_and_route_bound_record,missing,0,0,1,0,"App\Models\TenantFinancialAccount",read,1,recommended,confirmed,1,finance,Finanças,47F,critical,high,not_detected,,laravel_route_collection|resolved_middleware|controller_reflection|controller_source|policy_discovery|permission_catalog,remove_fixed_role;apply_permission:finance.view;enforce_municipal_scope;preserve_active_mfa_log;add_http_security_tests
backoffice.finance.accounts.statement,backoffice/finance/accounts/{tenantFinancialAccount}/statement,GET,"App\Http\Controllers\Backoffice\Finance\AccountStatementController",show,"web|auth|role:administrator,municipal_technician,jury,financial_manager,maintenance_manager,auditor",0,0,0,"role:administrator,municipal_technician,jury,financial_manager,maintenance_manager,auditor",,,1,1,finance.view,0,"App\Policies\TenantFinancialAccountPolicy",view,confirmed,,none,,0,,authenticated_user_and_route_bound_record,missing,0,0,1,0,"App\Models\TenantFinancialAccount",read,1,recommended,unknown,1,finance,Finanças,47F,critical,high,not_detected,,laravel_route_collection|resolved_middleware|controller_reflection|controller_source|policy_discovery|permission_catalog,remove_fixed_role;apply_permission:finance.view;enforce_municipal_scope;preserve_active_mfa_log;add_http_security_tests
backoffice.finance.accounts.store,backoffice/finance/accounts,POST,"App\Http\Controllers\Backoffice\Finance\TenantFinancialAccountController",store,"web|auth|role:administrator,municipal_technician,jury,financial_manager,maintenance_manager,auditor",0,0,0,"role:administrator,municipal_technician,jury,financial_manager,maintenance_manager,auditor",,,1,1,finance.create,0,"App\Policies\TenantFinancialAccountPolicy",create,confirmed,,none,,0,,authenticated_user_and_route_bound_record,missing,0,0,1,0,"App\Models\TenantFinancialAccount",mutation,1,required,confirmed,1,finance,Finanças,47F,critical,high,route_name_reference,tests/Feature/Sprint14FinanceTest.php,laravel_route_collection|resolved_middleware|controller_reflection|controller_source|policy_discovery|permission_catalog|existing_test_route_reference,remove_fixed_role;apply_permission:finance.create;enforce_municipal_scope;preserve_active_mfa_log;add_http_security_tests
backoffice.finance.arrears.close,backoffice/finance/arrears/{arrear}/close,POST,"App\Http\Controllers\Backoffice\Finance\ArrearController",close,"web|auth|role:administrator,municipal_technician,jury,financial_manager,maintenance_manager,auditor",0,0,0,"role:administrator,municipal_technician,jury,financial_manager,maintenance_manager,auditor",,,1,1,finance.update,0,"App\Policies\ArrearPolicy",update,confirmed,"App\Http\Requests\CancelFinanceRecordRequest",always_true,,0,,authenticated_user_and_route_bound_record,missing,0,0,1,0,"App\Models\Arrear",mutation,1,required,confirmed,1,finance,Finanças,47F,critical,high,not_detected,,laravel_route_collection|resolved_middleware|controller_reflection|controller_source|form_request_reflection|policy_discovery|permission_catalog,remove_fixed_role;apply_permission:finance.update;enforce_municipal_scope;preserve_active_mfa_log;add_http_security_tests
backoffice.finance.arrears.index,backoffice/finance/arrears,GET,"App\Http\Controllers\Backoffice\Finance\ArrearController",index,"web|auth|role:administrator,municipal_technician,jury,financial_manager,maintenance_manager,auditor",0,0,0,"role:administrator,municipal_technician,jury,financial_manager,maintenance_manager,auditor",,,1,1,finance.view,0,"App\Policies\ArrearPolicy",viewAny,confirmed,,none,,0,,authenticated_user_and_route_bound_record,missing,0,0,1,0,"App\Models\Arrear",read,1,recommended,confirmed,1,finance,Finanças,47F,critical,high,not_detected,,laravel_route_collection|resolved_middleware|controller_reflection|controller_source|policy_discovery|permission_catalog,remove_fixed_role;apply_permission:finance.view;enforce_municipal_scope;preserve_active_mfa_log;add_http_security_tests
backoffice.finance.arrears.show,backoffice/finance/arrears/{arrear},GET,"App\Http\Controllers\Backoffice\Finance\ArrearController",show,"web|auth|role:administrator,municipal_technician,jury,financial_manager,maintenance_manager,auditor",0,0,0,"role:administrator,municipal_technician,jury,financial_manager,maintenance_manager,auditor",,,1,1,finance.view,0,"App\Policies\ArrearPolicy",view,confirmed,,none,,0,,authenticated_user_and_route_bound_record,missing,0,0,1,0,"App\Models\Arrear",read,1,recommended,confirmed,1,finance,Finanças,47F,critical,high,not_detected,,laravel_route_collection|resolved_middleware|controller_reflection|controller_source|policy_discovery|permission_catalog,remove_fixed_role;apply_permission:finance.view;enforce_municipal_scope;preserve_active_mfa_log;add_http_security_tests
backoffice.finance.default-notices.cancel,backoffice/finance/default-notices/{defaultNotice}/cancel,POST,"App\Http\Controllers\Backoffice\Finance\DefaultNoticeController",cancel,"web|auth|role:administrator,municipal_technician,jury,financial_manager,maintenance_manager,auditor",0,0,0,"role:administrator,municipal_technician,jury,financial_manager,maintenance_manager,auditor",,,0,0,,0,"App\Policies\DefaultNoticePolicy",update,confirmed,"App\Http\Requests\CancelFinanceRecordRequest",always_true,,0,,authenticated_user_and_route_bound_record,missing,0,0,1,0,"App\Models\DefaultNotice",mutation,1,required,confirmed,1,finance,Finanças,47F,critical,low,not_detected,,laravel_route_collection|resolved_middleware|controller_reflection|controller_source|form_request_reflection|policy_discovery,remove_fixed_role;define_semantic_permission;enforce_municipal_scope;preserve_active_mfa_log;add_http_security_tests
backoffice.finance.default-notices.create,backoffice/finance/default-notices/create,GET,"App\Http\Controllers\Backoffice\Finance\DefaultNoticeController",create,"web|auth|role:administrator,municipal_technician,jury,financial_manager,maintenance_manager,auditor",0,0,0,"role:administrator,municipal_technician,jury,financial_manager,maintenance_manager,auditor",,,1,1,finance.create,0,"App\Policies\DefaultNoticePolicy",create,confirmed,,none,,0,,authenticated_user_and_route_bound_record,missing,0,0,1,0,"App\Models\DefaultNotice",read,1,recommended,confirmed,1,finance,Finanças,47F,critical,high,not_detected,,laravel_route_collection|resolved_middleware|controller_reflection|controller_source|policy_discovery|permission_catalog,remove_fixed_role;apply_permission:finance.create;enforce_municipal_scope;preserve_active_mfa_log;add_http_security_tests
backoffice.finance.default-notices.index,backoffice/finance/default-notices,GET,"App\Http\Controllers\Backoffice\Finance\DefaultNoticeController",index,"web|auth|role:administrator,municipal_technician,jury,financial_manager,maintenance_manager,auditor",0,0,0,"role:administrator,municipal_technician,jury,financial_manager,maintenance_manager,auditor",,,1,1,finance.view,0,"App\Policies\DefaultNoticePolicy",viewAny,confirmed,,none,,0,,authenticated_user_and_route_bound_record,missing,0,0,1,0,"App\Models\DefaultNotice",read,1,recommended,confirmed,1,finance,Finanças,47F,critical,high,not_detected,,laravel_route_collection|resolved_middleware|controller_reflection|controller_source|policy_discovery|permission_catalog,remove_fixed_role;apply_permission:finance.view;enforce_municipal_scope;preserve_active_mfa_log;add_http_security_tests
backoffice.finance.default-notices.issue,backoffice/finance/default-notices/{defaultNotice}/issue,POST,"App\Http\Controllers\Backoffice\Finance\DefaultNoticeController",issue,"web|auth|role:administrator,municipal_technician,jury,financial_manager,maintenance_manager,auditor",0,0,0,"role:administrator,municipal_technician,jury,financial_manager,maintenance_manager,auditor",,,1,1,finance.view,0,"App\Policies\DefaultNoticePolicy",update,confirmed,,none,,0,,authenticated_user_and_route_bound_record,missing,0,0,1,0,"App\Models\DefaultNotice",mutation,1,required,confirmed,1,finance,Finanças,47F,critical,high,route_name_reference,tests/Feature/Sprint14FinanceTest.php,laravel_route_collection|resolved_middleware|controller_reflection|controller_source|policy_discovery|permission_catalog|existing_test_route_reference,remove_fixed_role;apply_permission:finance.view;enforce_municipal_scope;preserve_active_mfa_log;add_http_security_tests
backoffice.finance.default-notices.show,backoffice/finance/default-notices/{defaultNotice},GET,"App\Http\Controllers\Backoffice\Finance\DefaultNoticeController",show,"web|auth|role:administrator,municipal_technician,jury,financial_manager,maintenance_manager,auditor",0,0,0,"role:administrator,municipal_technician,jury,financial_manager,maintenance_manager,auditor",,,1,1,finance.view,0,"App\Policies\DefaultNoticePolicy",view,confirmed,,none,,0,,authenticated_user_and_route_bound_record,missing,0,0,1,0,"App\Models\DefaultNotice",read,1,recommended,confirmed,1,finance,Finanças,47F,critical,high,not_detected,,laravel_route_collection|resolved_middleware|controller_reflection|controller_source|policy_discovery|permission_catalog,remove_fixed_role;apply_permission:finance.view;enforce_municipal_scope;preserve_active_mfa_log;add_http_security_tests
backoffice.finance.default-notices.store,backoffice/finance/default-notices,POST,"App\Http\Controllers\Backoffice\Finance\DefaultNoticeController",store,"web|auth|role:administrator,municipal_technician,jury,financial_manager,maintenance_manager,auditor",0,0,0,"role:administrator,municipal_technician,jury,financial_manager,maintenance_manager,auditor",,,1,1,finance.create,0,"App\Policies\DefaultNoticePolicy",create,confirmed,"App\Http\Requests\StoreDefaultNoticeRequest",always_true,,0,,authenticated_user_and_route_bound_record,missing,0,0,1,0,"App\Models\DefaultNotice",mutation,1,required,confirmed,1,finance,Finanças,47F,critical,high,route_name_reference,tests/Feature/Sprint14FinanceTest.php,laravel_route_collection|resolved_middleware|controller_reflection|controller_source|form_request_reflection|policy_discovery|permission_catalog|existing_test_route_reference,remove_fixed_role;apply_permission:finance.create;enforce_municipal_scope;preserve_active_mfa_log;add_http_security_tests
backoffice.finance.income-changes.accept,backoffice/finance/income-changes/{incomeChangeDeclaration}/accept,POST,"App\Http\Controllers\Backoffice\Finance\IncomeChangeDeclarationController",accept,"web|auth|role:administrator,municipal_technician,jury,financial_manager,maintenance_manager,auditor",0,0,0,"role:administrator,municipal_technician,jury,financial_manager,maintenance_manager,auditor",,,1,1,finance.view,0,"App\Policies\IncomeChangeDeclarationPolicy",update,confirmed,"App\Http\Requests\ReviewIncomeChangeDeclarationRequest",always_true,,0,,authenticated_user_and_route_bound_record,missing,0,0,1,0,"App\Models\IncomeChangeDeclaration",mutation,1,required,confirmed,1,finance,Finanças,47F,critical,high,route_name_reference,tests/Feature/Sprint14FinanceTest.php,laravel_route_collection|resolved_middleware|controller_reflection|controller_source|form_request_reflection|policy_discovery|permission_catalog|existing_test_route_reference,remove_fixed_role;apply_permission:finance.view;enforce_municipal_scope;preserve_active_mfa_log;add_http_security_tests
backoffice.finance.income-changes.index,backoffice/finance/income-changes,GET,"App\Http\Controllers\Backoffice\Finance\IncomeChangeDeclarationController",index,"web|auth|role:administrator,municipal_technician,jury,financial_manager,maintenance_manager,auditor",0,0,0,"role:administrator,municipal_technician,jury,financial_manager,maintenance_manager,auditor",,,1,1,finance.view,0,"App\Policies\IncomeChangeDeclarationPolicy",viewAny,confirmed,,none,,0,,authenticated_user_and_route_bound_record,missing,0,0,1,0,"App\Models\IncomeChangeDeclaration",read,1,recommended,confirmed,1,finance,Finanças,47F,critical,high,not_detected,,laravel_route_collection|resolved_middleware|controller_reflection|controller_source|policy_discovery|permission_catalog,remove_fixed_role;apply_permission:finance.view;enforce_municipal_scope;preserve_active_mfa_log;add_http_security_tests
backoffice.finance.income-changes.reject,backoffice/finance/income-changes/{incomeChangeDeclaration}/reject,POST,"App\Http\Controllers\Backoffice\Finance\IncomeChangeDeclarationController",reject,"web|auth|role:administrator,municipal_technician,jury,financial_manager,maintenance_manager,auditor",0,0,0,"role:administrator,municipal_technician,jury,financial_manager,maintenance_manager,auditor",,,1,1,finance.reject,0,"App\Policies\IncomeChangeDeclarationPolicy",update,confirmed,"App\Http\Requests\RejectFinanceRecordRequest",always_true,,0,,authenticated_user_and_route_bound_record,missing,0,0,1,0,"App\Models\IncomeChangeDeclaration",mutation,1,required,confirmed,1,finance,Finanças,47F,critical,high,not_detected,,laravel_route_collection|resolved_middleware|controller_reflection|controller_source|form_request_reflection|policy_discovery|permission_catalog,remove_fixed_role;apply_permission:finance.reject;enforce_municipal_scope;preserve_active_mfa_log;add_http_security_tests
backoffice.finance.income-changes.show,backoffice/finance/income-changes/{incomeChangeDeclaration},GET,"App\Http\Controllers\Backoffice\Finance\IncomeChangeDeclarationController",show,"web|auth|role:administrator,municipal_technician,jury,financial_manager,maintenance_manager,auditor",0,0,0,"role:administrator,municipal_technician,jury,financial_manager,maintenance_manager,auditor",,,1,1,finance.view,0,"App\Policies\IncomeChangeDeclarationPolicy",view,confirmed,,none,,0,,authenticated_user_and_route_bound_record,missing,0,0,1,0,"App\Models\IncomeChangeDeclaration",read,1,recommended,confirmed,1,finance,Finanças,47F,critical,high,not_detected,,laravel_route_collection|resolved_middleware|controller_reflection|controller_source|policy_discovery|permission_catalog,remove_fixed_role;apply_permission:finance.view;enforce_municipal_scope;preserve_active_mfa_log;add_http_security_tests
backoffice.finance.installments.index,backoffice/finance/installments,GET,"App\Http\Controllers\Backoffice\Finance\RentInstallmentController",index,"web|auth|role:administrator,municipal_technician,jury,financial_manager,maintenance_manager,auditor",0,0,0,"role:administrator,municipal_technician,jury,financial_manager,maintenance_manager,auditor",,,1,1,finance.view,0,"App\Policies\RentInstallmentPolicy",viewAny,confirmed,,none,,0,,authenticated_user_and_route_bound_record,missing,0,0,1,0,"App\Models\RentInstallment",read,1,recommended,unknown,1,finance,Finanças,47F,critical,high,route_name_reference,tests/Feature/Security/InitialMunicipalRoleProfilesTest.php|tests/Feature/Security/PermissionMatrixTest.php,laravel_route_collection|resolved_middleware|controller_reflection|controller_source|policy_discovery|permission_catalog|existing_test_route_reference,remove_fixed_role;apply_permission:finance.view;enforce_municipal_scope;preserve_active_mfa_log;add_http_security_tests
backoffice.finance.installments.issue,backoffice/finance/installments/{rentInstallment}/issue,POST,"App\Http\Controllers\Backoffice\Finance\RentInstallmentController",issue,"web|auth|role:administrator,municipal_technician,jury,financial_manager,maintenance_manager,auditor",0,0,0,"role:administrator,municipal_technician,jury,financial_manager,maintenance_manager,auditor",,,1,1,finance.view,0,"App\Policies\RentInstallmentPolicy",update,confirmed,,none,,0,,authenticated_user_and_route_bound_record,missing,0,0,1,0,"App\Models\RentInstallment",mutation,1,required,missing,1,finance,Finanças,47F,critical,high,not_detected,,laravel_route_collection|resolved_middleware|controller_reflection|controller_source|policy_discovery|permission_catalog,remove_fixed_role;apply_permission:finance.view;enforce_municipal_scope;preserve_active_mfa_log;add_http_security_tests
backoffice.finance.installments.show,backoffice/finance/installments/{rentInstallment},GET,"App\Http\Controllers\Backoffice\Finance\RentInstallmentController",show,"web|auth|role:administrator,municipal_technician,jury,financial_manager,maintenance_manager,auditor",0,0,0,"role:administrator,municipal_technician,jury,financial_manager,maintenance_manager,auditor",,,1,1,finance.view,0,"App\Policies\RentInstallmentPolicy",view,confirmed,,none,,0,,authenticated_user_and_route_bound_record,missing,0,0,1,0,"App\Models\RentInstallment",read,1,recommended,unknown,1,finance,Finanças,47F,critical,high,not_detected,,laravel_route_collection|resolved_middleware|controller_reflection|controller_source|policy_discovery|permission_catalog,remove_fixed_role;apply_permission:finance.view;enforce_municipal_scope;preserve_active_mfa_log;add_http_security_tests
backoffice.finance.installments.waive,backoffice/finance/installments/{rentInstallment}/waive,POST,"App\Http\Controllers\Backoffice\Finance\RentInstallmentController",waive,"web|auth|role:administrator,municipal_technician,jury,financial_manager,maintenance_manager,auditor",0,0,0,"role:administrator,municipal_technician,jury,financial_manager,maintenance_manager,auditor",,,1,1,finance.view,0,"App\Policies\RentInstallmentPolicy",update,confirmed,,none,,0,,authenticated_user_and_route_bound_record,missing,0,0,1,0,"App\Models\RentInstallment",mutation,1,required,missing,1,finance,Finanças,47F,critical,high,not_detected,,laravel_route_collection|resolved_middleware|controller_reflection|controller_source|policy_discovery|permission_catalog,remove_fixed_role;apply_permission:finance.view;enforce_municipal_scope;preserve_active_mfa_log;add_http_security_tests
backoffice.finance.regularization-agreements.approve,backoffice/finance/regularization-agreements/{regularizationAgreement}/approve,POST,"App\Http\Controllers\Backoffice\Finance\RegularizationAgreementController",approve,"web|auth|role:administrator,municipal_technician,jury,financial_manager,maintenance_manager,auditor",0,0,0,"role:administrator,municipal_technician,jury,financial_manager,maintenance_manager,auditor",,,1,1,finance.approve,0,"App\Policies\RegularizationAgreementPolicy",update,confirmed,,none,,0,,authenticated_user_and_route_bound_record,missing,0,0,1,0,"App\Models\RegularizationAgreement",mutation,1,required,confirmed,1,finance,Finanças,47F,critical,high,not_detected,,laravel_route_collection|resolved_middleware|controller_reflection|controller_source|policy_discovery|permission_catalog,remove_fixed_role;apply_permission:finance.approve;enforce_municipal_scope;preserve_active_mfa_log;add_http_security_tests
backoffice.finance.regularization-agreements.cancel,backoffice/finance/regularization-agreements/{regularizationAgreement}/cancel,POST,"App\Http\Controllers\Backoffice\Finance\RegularizationAgreementController",cancel,"web|auth|role:administrator,municipal_technician,jury,financial_manager,maintenance_manager,auditor",0,0,0,"role:administrator,municipal_technician,jury,financial_manager,maintenance_manager,auditor",,,0,0,,0,"App\Policies\RegularizationAgreementPolicy",update,confirmed,"App\Http\Requests\CancelFinanceRecordRequest",always_true,,0,,authenticated_user_and_route_bound_record,missing,0,0,1,0,"App\Models\RegularizationAgreement",mutation,1,required,confirmed,1,finance,Finanças,47F,critical,low,not_detected,,laravel_route_collection|resolved_middleware|controller_reflection|controller_source|form_request_reflection|policy_discovery,remove_fixed_role;define_semantic_permission;enforce_municipal_scope;preserve_active_mfa_log;add_http_security_tests
backoffice.finance.regularization-agreements.create,backoffice/finance/regularization-agreements/create,GET,"App\Http\Controllers\Backoffice\Finance\RegularizationAgreementController",create,"web|auth|role:administrator,municipal_technician,jury,financial_manager,maintenance_manager,auditor",0,0,0,"role:administrator,municipal_technician,jury,financial_manager,maintenance_manager,auditor",,,1,1,finance.create,0,"App\Policies\RegularizationAgreementPolicy",create,confirmed,,none,,0,,authenticated_user_and_route_bound_record,missing,0,0,1,0,"App\Models\RegularizationAgreement",read,1,recommended,confirmed,1,finance,Finanças,47F,critical,high,not_detected,,laravel_route_collection|resolved_middleware|controller_reflection|controller_source|policy_discovery|permission_catalog,remove_fixed_role;apply_permission:finance.create;enforce_municipal_scope;preserve_active_mfa_log;add_http_security_tests
backoffice.finance.regularization-agreements.index,backoffice/finance/regularization-agreements,GET,"App\Http\Controllers\Backoffice\Finance\RegularizationAgreementController",index,"web|auth|role:administrator,municipal_technician,jury,financial_manager,maintenance_manager,auditor",0,0,0,"role:administrator,municipal_technician,jury,financial_manager,maintenance_manager,auditor",,,1,1,finance.view,0,"App\Policies\RegularizationAgreementPolicy",viewAny,confirmed,,none,,0,,authenticated_user_and_route_bound_record,missing,0,0,1,0,"App\Models\RegularizationAgreement",read,1,recommended,confirmed,1,finance,Finanças,47F,critical,high,not_detected,,laravel_route_collection|resolved_middleware|controller_reflection|controller_source|policy_discovery|permission_catalog,remove_fixed_role;apply_permission:finance.view;enforce_municipal_scope;preserve_active_mfa_log;add_http_security_tests
backoffice.finance.regularization-agreements.show,backoffice/finance/regularization-agreements/{regularizationAgreement},GET,"App\Http\Controllers\Backoffice\Finance\RegularizationAgreementController",show,"web|auth|role:administrator,municipal_technician,jury,financial_manager,maintenance_manager,auditor",0,0,0,"role:administrator,municipal_technician,jury,financial_manager,maintenance_manager,auditor",,,1,1,finance.view,0,"App\Policies\RegularizationAgreementPolicy",view,confirmed,,none,,0,,authenticated_user_and_route_bound_record,missing,0,0,1,0,"App\Models\RegularizationAgreement",read,1,recommended,confirmed,1,finance,Finanças,47F,critical,high,not_detected,,laravel_route_collection|resolved_middleware|controller_reflection|controller_source|policy_discovery|permission_catalog,remove_fixed_role;apply_permission:finance.view;enforce_municipal_scope;preserve_active_mfa_log;add_http_security_tests
backoffice.finance.regularization-agreements.store,backoffice/finance/regularization-agreements,POST,"App\Http\Controllers\Backoffice\Finance\RegularizationAgreementController",store,"web|auth|role:administrator,municipal_technician,jury,financial_manager,maintenance_manager,auditor",0,0,0,"role:administrator,municipal_technician,jury,financial_manager,maintenance_manager,auditor",,,1,1,finance.create,0,"App\Policies\RegularizationAgreementPolicy",create,confirmed,"App\Http\Requests\StoreRegularizationAgreementRequest",always_true,,0,,authenticated_user_and_route_bound_record,missing,0,0,1,0,"App\Models\RegularizationAgreement",mutation,1,required,confirmed,1,finance,Finanças,47F,critical,high,route_name_reference,tests/Feature/Sprint14FinanceTest.php,laravel_route_collection|resolved_middleware|controller_reflection|controller_source|form_request_reflection|policy_discovery|permission_catalog|existing_test_route_reference,remove_fixed_role;apply_permission:finance.create;enforce_municipal_scope;preserve_active_mfa_log;add_http_security_tests
backoffice.finance.rent-reviews.apply,backoffice/finance/rent-reviews/{rentReview}/apply,POST,"App\Http\Controllers\Backoffice\Finance\RentReviewController",apply,"web|auth|role:administrator,municipal_technician,jury,financial_manager,maintenance_manager,auditor",0,0,0,"role:administrator,municipal_technician,jury,financial_manager,maintenance_manager,auditor",,,1,1,finance.view,0,"App\Policies\RentReviewPolicy",update,confirmed,,none,,0,,authenticated_user_and_route_bound_record,missing,0,0,1,0,"App\Models\RentReview",mutation,1,required,confirmed,1,finance,Finanças,47F,critical,high,route_name_reference,tests/Feature/Sprint14FinanceTest.php,laravel_route_collection|resolved_middleware|controller_reflection|controller_source|policy_discovery|permission_catalog|existing_test_route_reference,remove_fixed_role;apply_permission:finance.view;enforce_municipal_scope;preserve_active_mfa_log;add_http_security_tests
backoffice.finance.rent-reviews.approve,backoffice/finance/rent-reviews/{rentReview}/approve,POST,"App\Http\Controllers\Backoffice\Finance\RentReviewController",approve,"web|auth|role:administrator,municipal_technician,jury,financial_manager,maintenance_manager,auditor",0,0,0,"role:administrator,municipal_technician,jury,financial_manager,maintenance_manager,auditor",,,1,1,finance.approve,0,"App\Policies\RentReviewPolicy",update,confirmed,"App\Http\Requests\ApproveRentReviewRequest",always_true,,0,,authenticated_user_and_route_bound_record,missing,0,0,1,0,"App\Models\RentReview",mutation,1,required,confirmed,1,finance,Finanças,47F,critical,high,route_name_reference,tests/Feature/Sprint14FinanceTest.php,laravel_route_collection|resolved_middleware|controller_reflection|controller_source|form_request_reflection|policy_discovery|permission_catalog|existing_test_route_reference,remove_fixed_role;apply_permission:finance.approve;enforce_municipal_scope;preserve_active_mfa_log;add_http_security_tests
backoffice.finance.rent-reviews.calculate,backoffice/finance/rent-reviews/{rentReview}/calculate,POST,"App\Http\Controllers\Backoffice\Finance\RentReviewController",calculate,"web|auth|role:administrator,municipal_technician,jury,financial_manager,maintenance_manager,auditor",0,0,0,"role:administrator,municipal_technician,jury,financial_manager,maintenance_manager,auditor",,,1,1,finance.view,0,"App\Policies\RentReviewPolicy",update,confirmed,"App\Http\Requests\CalculateRentReviewRequest",always_true,,0,,authenticated_user_and_route_bound_record,missing,0,0,1,0,"App\Models\RentReview",mutation,1,required,confirmed,1,finance,Finanças,47F,critical,high,route_name_reference,tests/Feature/Sprint14FinanceTest.php,laravel_route_collection|resolved_middleware|controller_reflection|controller_source|form_request_reflection|policy_discovery|permission_catalog|existing_test_route_reference,remove_fixed_role;apply_permission:finance.view;enforce_municipal_scope;preserve_active_mfa_log;add_http_security_tests
backoffice.finance.rent-reviews.create,backoffice/finance/rent-reviews/create,GET,"App\Http\Controllers\Backoffice\Finance\RentReviewController",create,"web|auth|role:administrator,municipal_technician,jury,financial_manager,maintenance_manager,auditor",0,0,0,"role:administrator,municipal_technician,jury,financial_manager,maintenance_manager,auditor",,,1,1,finance.create,0,"App\Policies\RentReviewPolicy",create,confirmed,,none,,0,,authenticated_user_and_route_bound_record,missing,0,0,1,0,"App\Models\RentReview",read,1,recommended,confirmed,1,finance,Finanças,47F,critical,high,not_detected,,laravel_route_collection|resolved_middleware|controller_reflection|controller_source|policy_discovery|permission_catalog,remove_fixed_role;apply_permission:finance.create;enforce_municipal_scope;preserve_active_mfa_log;add_http_security_tests
backoffice.finance.rent-reviews.index,backoffice/finance/rent-reviews,GET,"App\Http\Controllers\Backoffice\Finance\RentReviewController",index,"web|auth|role:administrator,municipal_technician,jury,financial_manager,maintenance_manager,auditor",0,0,0,"role:administrator,municipal_technician,jury,financial_manager,maintenance_manager,auditor",,,1,1,finance.view,0,"App\Policies\RentReviewPolicy",viewAny,confirmed,,none,,0,,authenticated_user_and_route_bound_record,missing,0,0,1,0,"App\Models\RentReview",read,1,recommended,confirmed,1,finance,Finanças,47F,critical,high,not_detected,,laravel_route_collection|resolved_middleware|controller_reflection|controller_source|policy_discovery|permission_catalog,remove_fixed_role;apply_permission:finance.view;enforce_municipal_scope;preserve_active_mfa_log;add_http_security_tests
backoffice.finance.rent-reviews.reject,backoffice/finance/rent-reviews/{rentReview}/reject,POST,"App\Http\Controllers\Backoffice\Finance\RentReviewController",reject,"web|auth|role:administrator,municipal_technician,jury,financial_manager,maintenance_manager,auditor",0,0,0,"role:administrator,municipal_technician,jury,financial_manager,maintenance_manager,auditor",,,1,1,finance.reject,0,"App\Policies\RentReviewPolicy",update,confirmed,"App\Http\Requests\RejectFinanceRecordRequest",always_true,,0,,authenticated_user_and_route_bound_record,missing,0,0,1,0,"App\Models\RentReview",mutation,1,required,confirmed,1,finance,Finanças,47F,critical,high,not_detected,,laravel_route_collection|resolved_middleware|controller_reflection|controller_source|form_request_reflection|policy_discovery|permission_catalog,remove_fixed_role;apply_permission:finance.reject;enforce_municipal_scope;preserve_active_mfa_log;add_http_security_tests
backoffice.finance.rent-reviews.show,backoffice/finance/rent-reviews/{rentReview},GET,"App\Http\Controllers\Backoffice\Finance\RentReviewController",show,"web|auth|role:administrator,municipal_technician,jury,financial_manager,maintenance_manager,auditor",0,0,0,"role:administrator,municipal_technician,jury,financial_manager,maintenance_manager,auditor",,,1,1,finance.view,0,"App\Policies\RentReviewPolicy",view,confirmed,,none,,0,,authenticated_user_and_route_bound_record,missing,0,0,1,0,"App\Models\RentReview",read,1,recommended,confirmed,1,finance,Finanças,47F,critical,high,not_detected,,laravel_route_collection|resolved_middleware|controller_reflection|controller_source|policy_discovery|permission_catalog,remove_fixed_role;apply_permission:finance.view;enforce_municipal_scope;preserve_active_mfa_log;add_http_security_tests
backoffice.finance.rent-reviews.store,backoffice/finance/rent-reviews,POST,"App\Http\Controllers\Backoffice\Finance\RentReviewController",store,"web|auth|role:administrator,municipal_technician,jury,financial_manager,maintenance_manager,auditor",0,0,0,"role:administrator,municipal_technician,jury,financial_manager,maintenance_manager,auditor",,,1,1,finance.create,0,"App\Policies\RentReviewPolicy",create,confirmed,"App\Http\Requests\StoreRentReviewRequest",always_true,,0,,authenticated_user_and_route_bound_record,missing,0,0,1,0,"App\Models\RentReview",mutation,1,required,confirmed,1,finance,Finanças,47F,critical,high,not_detected,,laravel_route_collection|resolved_middleware|controller_reflection|controller_source|form_request_reflection|policy_discovery|permission_catalog,remove_fixed_role;apply_permission:finance.create;enforce_municipal_scope;preserve_active_mfa_log;add_http_security_tests
backoffice.finance.schedules.generate,backoffice/finance/contracts/{leaseContract}/schedules/generate,POST,"App\Http\Controllers\Backoffice\Finance\RentScheduleController",generate,"web|auth|role:administrator,municipal_technician,jury,financial_manager,maintenance_manager,auditor",0,0,0,"role:administrator,municipal_technician,jury,financial_manager,maintenance_manager,auditor",,,0,0,,0,"App\Policies\ContractPolicy",create,confirmed,"App\Http\Requests\GenerateRentScheduleRequest",always_true,,0,,authenticated_user_and_route_bound_record,missing,0,0,1,0,"App\Models\Contract",mutation,1,required,confirmed,1,finance,Finanças,47F,critical,low,route_name_reference,tests/Feature/QA26ContractsRentTenantPortalTest.php|tests/Feature/Sprint14FinanceTest.php,laravel_route_collection|resolved_middleware|controller_reflection|controller_source|form_request_reflection|policy_discovery|existing_test_route_reference,remove_fixed_role;define_semantic_permission;enforce_municipal_scope;preserve_active_mfa_log;add_http_security_tests
backoffice.finance.schedules.index,backoffice/finance/schedules,GET,"App\Http\Controllers\Backoffice\Finance\RentScheduleController",index,"web|auth|role:administrator,municipal_technician,jury,financial_manager,maintenance_manager,auditor",0,0,0,"role:administrator,municipal_technician,jury,financial_manager,maintenance_manager,auditor",,,1,1,finance.view,0,"App\Policies\RentSchedulePolicy",viewAny,confirmed,,none,,0,,authenticated_user_and_route_bound_record,missing,0,0,1,0,"App\Models\RentSchedule",read,1,recommended,confirmed,1,finance,Finanças,47F,critical,high,route_name_reference,tests/Feature/QA26ContractsRentTenantPortalTest.php,laravel_route_collection|resolved_middleware|controller_reflection|controller_source|policy_discovery|permission_catalog|existing_test_route_reference,remove_fixed_role;apply_permission:finance.view;enforce_municipal_scope;preserve_active_mfa_log;add_http_security_tests
backoffice.finance.schedules.show,backoffice/finance/schedules/{rentSchedule},GET,"App\Http\Controllers\Backoffice\Finance\RentScheduleController",show,"web|auth|role:administrator,municipal_technician,jury,financial_manager,maintenance_manager,auditor",0,0,0,"role:administrator,municipal_technician,jury,financial_manager,maintenance_manager,auditor",,,1,1,finance.view,0,"App\Policies\RentSchedulePolicy",view,confirmed,,none,,0,,authenticated_user_and_route_bound_record,missing,0,0,1,0,"App\Models\RentSchedule",read,1,recommended,confirmed,1,finance,Finanças,47F,critical,high,not_detected,,laravel_route_collection|resolved_middleware|controller_reflection|controller_source|policy_discovery|permission_catalog,remove_fixed_role;apply_permission:finance.view;enforce_municipal_scope;preserve_active_mfa_log;add_http_security_tests
backoffice.communications.receipts.download,backoffice/communications/receipts/{communicationReceipt}/download,GET,"App\Http\Controllers\Backoffice\CommunicationReceiptController",download,"web|auth|role:administrator,municipal_technician,jury,financial_manager,maintenance_manager,auditor",0,0,0,"role:administrator,municipal_technician,jury,financial_manager,maintenance_manager,auditor",,,0,0,,0,"App\Policies\CommunicationReceiptPolicy",view,confirmed,,none,,0,,authenticated_user_and_route_bound_record,missing,0,0,1,0,"App\Models\CommunicationReceipt",read,1,recommended,confirmed,1,payments,Pagamentos,47F,critical,low,not_detected,,laravel_route_collection|resolved_middleware|controller_reflection|controller_source|policy_discovery,remove_fixed_role;define_semantic_permission;enforce_municipal_scope;preserve_active_mfa_log;add_http_security_tests
backoffice.finance.imports.create,backoffice/finance/imports/create,GET,"App\Http\Controllers\Backoffice\Finance\PaymentImportController",create,"web|auth|role:administrator,municipal_technician,jury,financial_manager,maintenance_manager,auditor",0,0,0,"role:administrator,municipal_technician,jury,financial_manager,maintenance_manager,auditor",,,1,1,payments.create,0,,create,confirmed,,none,,0,,authenticated_user,candidate,,0,1,0,,read,1,recommended,confirmed,1,payments,Pagamentos,47F,critical,medium,not_detected,,laravel_route_collection|resolved_middleware|controller_reflection|controller_source|permission_catalog,remove_fixed_role;apply_permission:payments.create;preserve_active_mfa_log;add_http_security_tests
backoffice.finance.imports.index,backoffice/finance/imports,GET,"App\Http\Controllers\Backoffice\Finance\PaymentImportController",index,"web|auth|role:administrator,municipal_technician,jury,financial_manager,maintenance_manager,auditor",0,0,0,"role:administrator,municipal_technician,jury,financial_manager,maintenance_manager,auditor",,,1,1,payments.view,0,,viewAny,confirmed,,none,,0,,authenticated_user,candidate,,0,1,0,,read,1,recommended,confirmed,1,payments,Pagamentos,47F,critical,medium,not_detected,,laravel_route_collection|resolved_middleware|controller_reflection|controller_source|permission_catalog,remove_fixed_role;apply_permission:payments.view;preserve_active_mfa_log;add_http_security_tests
backoffice.finance.imports.process,backoffice/finance/imports/{paymentImportBatch}/process,POST,"App\Http\Controllers\Backoffice\Finance\PaymentImportController",process,"web|auth|role:administrator,municipal_technician,jury,financial_manager,maintenance_manager,auditor",0,0,0,"role:administrator,municipal_technician,jury,financial_manager,maintenance_manager,auditor",,,1,1,payments.view,0,"App\Policies\PaymentImportBatchPolicy",update,confirmed,,none,,0,,authenticated_user_and_route_bound_record,missing,0,0,1,0,"App\Models\PaymentImportBatch",mutation,1,required,confirmed,1,payments,Pagamentos,47F,critical,high,not_detected,,laravel_route_collection|resolved_middleware|controller_reflection|controller_source|policy_discovery|permission_catalog,remove_fixed_role;apply_permission:payments.view;enforce_municipal_scope;preserve_active_mfa_log;add_http_security_tests
backoffice.finance.imports.show,backoffice/finance/imports/{paymentImportBatch},GET,"App\Http\Controllers\Backoffice\Finance\PaymentImportController",show,"web|auth|role:administrator,municipal_technician,jury,financial_manager,maintenance_manager,auditor",0,0,0,"role:administrator,municipal_technician,jury,financial_manager,maintenance_manager,auditor",,,1,1,payments.view,0,"App\Policies\PaymentImportBatchPolicy",view,confirmed,,none,,0,,authenticated_user_and_route_bound_record,missing,0,0,1,0,"App\Models\PaymentImportBatch",read,1,recommended,confirmed,1,payments,Pagamentos,47F,critical,high,not_detected,,laravel_route_collection|resolved_middleware|controller_reflection|controller_source|policy_discovery|permission_catalog,remove_fixed_role;apply_permission:payments.view;enforce_municipal_scope;preserve_active_mfa_log;add_http_security_tests
backoffice.finance.imports.store,backoffice/finance/imports,POST,"App\Http\Controllers\Backoffice\Finance\PaymentImportController",store,"web|auth|role:administrator,municipal_technician,jury,financial_manager,maintenance_manager,auditor",0,0,0,"role:administrator,municipal_technician,jury,financial_manager,maintenance_manager,auditor",,,1,1,payments.create,0,,create,confirmed,"App\Http\Requests\ImportPaymentsRequest",always_true,,0,,authenticated_user,candidate,,0,1,0,,mutation,1,required,confirmed,1,payments,Pagamentos,47F,critical,medium,not_detected,,laravel_route_collection|resolved_middleware|controller_reflection|controller_source|form_request_reflection|permission_catalog,remove_fixed_role;apply_permission:payments.create;preserve_active_mfa_log;add_http_security_tests
backoffice.finance.payments.allocate,backoffice/finance/payments/{leasePayment}/allocate,POST,"App\Http\Controllers\Backoffice\Finance\LeasePaymentController",allocate,"web|auth|role:administrator,municipal_technician,jury,financial_manager,maintenance_manager,auditor",0,0,0,"role:administrator,municipal_technician,jury,financial_manager,maintenance_manager,auditor",,,1,1,payments.view,0,"App\Policies\LeasePaymentPolicy",update,confirmed,"App\Http\Requests\AllocatePaymentRequest",always_true,,0,,authenticated_user_and_route_bound_record,missing,0,0,1,0,"App\Models\LeasePayment",mutation,1,required,confirmed,1,payments,Pagamentos,47F,critical,high,route_name_reference,tests/Feature/Sprint14FinanceTest.php,laravel_route_collection|resolved_middleware|controller_reflection|controller_source|form_request_reflection|policy_discovery|permission_catalog|existing_test_route_reference,remove_fixed_role;apply_permission:payments.view;enforce_municipal_scope;preserve_active_mfa_log;add_http_security_tests
backoffice.finance.payments.confirm,backoffice/finance/payments/{leasePayment}/confirm,POST,"App\Http\Controllers\Backoffice\Finance\LeasePaymentController",confirm,"web|auth|role:administrator,municipal_technician,jury,financial_manager,maintenance_manager,auditor",0,0,0,"role:administrator,municipal_technician,jury,financial_manager,maintenance_manager,auditor",,,0,0,,0,"App\Policies\LeasePaymentPolicy",approve,confirmed,,none,,0,,authenticated_user_and_route_bound_record,missing,0,0,1,0,"App\Models\LeasePayment",mutation,1,required,confirmed,1,payments,Pagamentos,47F,critical,low,not_detected,,laravel_route_collection|resolved_middleware|controller_reflection|controller_source|policy_discovery,remove_fixed_role;define_semantic_permission;enforce_municipal_scope;preserve_active_mfa_log;add_http_security_tests
backoffice.finance.payments.create,backoffice/finance/payments/create,GET,"App\Http\Controllers\Backoffice\Finance\LeasePaymentController",create,"web|auth|role:administrator,municipal_technician,jury,financial_manager,maintenance_manager,auditor",0,0,0,"role:administrator,municipal_technician,jury,financial_manager,maintenance_manager,auditor",,,1,1,payments.create,0,"App\Policies\LeasePaymentPolicy",create,confirmed,,none,,0,,authenticated_user_and_route_bound_record,missing,0,0,1,0,"App\Models\LeasePayment",read,1,recommended,confirmed,1,payments,Pagamentos,47F,critical,high,not_detected,,laravel_route_collection|resolved_middleware|controller_reflection|controller_source|policy_discovery|permission_catalog,remove_fixed_role;apply_permission:payments.create;enforce_municipal_scope;preserve_active_mfa_log;add_http_security_tests
backoffice.finance.payments.index,backoffice/finance/payments,GET,"App\Http\Controllers\Backoffice\Finance\LeasePaymentController",index,"web|auth|role:administrator,municipal_technician,jury,financial_manager,maintenance_manager,auditor",0,0,0,"role:administrator,municipal_technician,jury,financial_manager,maintenance_manager,auditor",,,1,1,payments.view,0,"App\Policies\LeasePaymentPolicy",viewAny,confirmed,,none,,0,,authenticated_user_and_route_bound_record,missing,0,0,1,0,"App\Models\LeasePayment",read,1,recommended,confirmed,1,payments,Pagamentos,47F,critical,high,not_detected,,laravel_route_collection|resolved_middleware|controller_reflection|controller_source|policy_discovery|permission_catalog,remove_fixed_role;apply_permission:payments.view;enforce_municipal_scope;preserve_active_mfa_log;add_http_security_tests
backoffice.finance.payments.reverse,backoffice/finance/payments/{leasePayment}/reverse,POST,"App\Http\Controllers\Backoffice\Finance\LeasePaymentController",reverse,"web|auth|role:administrator,municipal_technician,jury,financial_manager,maintenance_manager,auditor",0,0,0,"role:administrator,municipal_technician,jury,financial_manager,maintenance_manager,auditor",,,0,0,,0,"App\Policies\LeasePaymentPolicy",update,confirmed,"App\Http\Requests\ReverseLeasePaymentRequest",always_true,,0,,authenticated_user_and_route_bound_record,missing,0,0,1,0,"App\Models\LeasePayment",mutation,1,required,confirmed,1,payments,Pagamentos,47F,critical,low,not_detected,,laravel_route_collection|resolved_middleware|controller_reflection|controller_source|form_request_reflection|policy_discovery,remove_fixed_role;define_semantic_permission;enforce_municipal_scope;preserve_active_mfa_log;add_http_security_tests
backoffice.finance.payments.show,backoffice/finance/payments/{leasePayment},GET,"App\Http\Controllers\Backoffice\Finance\LeasePaymentController",show,"web|auth|role:administrator,municipal_technician,jury,financial_manager,maintenance_manager,auditor",0,0,0,"role:administrator,municipal_technician,jury,financial_manager,maintenance_manager,auditor",,,1,1,payments.view,0,"App\Policies\LeasePaymentPolicy",view,confirmed,,none,,0,,authenticated_user_and_route_bound_record,missing,0,0,1,0,"App\Models\LeasePayment",read,1,recommended,confirmed,1,payments,Pagamentos,47F,critical,high,not_detected,,laravel_route_collection|resolved_middleware|controller_reflection|controller_source|policy_discovery|permission_catalog,remove_fixed_role;apply_permission:payments.view;enforce_municipal_scope;preserve_active_mfa_log;add_http_security_tests
backoffice.finance.payments.store,backoffice/finance/payments,POST,"App\Http\Controllers\Backoffice\Finance\LeasePaymentController",store,"web|auth|role:administrator,municipal_technician,jury,financial_manager,maintenance_manager,auditor",0,0,0,"role:administrator,municipal_technician,jury,financial_manager,maintenance_manager,auditor",,,1,1,payments.create,0,"App\Policies\LeasePaymentPolicy",create,confirmed,"App\Http\Requests\StoreLeasePaymentRequest",always_true,,0,,authenticated_user_and_route_bound_record,missing,0,0,1,0,"App\Models\LeasePayment",mutation,1,required,confirmed,1,payments,Pagamentos,47F,critical,high,route_name_reference,tests/Feature/Sprint14FinanceTest.php,laravel_route_collection|resolved_middleware|controller_reflection|controller_source|form_request_reflection|policy_discovery|permission_catalog|existing_test_route_reference,remove_fixed_role;apply_permission:payments.create;enforce_municipal_scope;preserve_active_mfa_log;add_http_security_tests
backoffice.finance.receipts.cancel,backoffice/finance/receipts/{paymentReceipt}/cancel,POST,"App\Http\Controllers\Backoffice\Finance\PaymentReceiptController",cancel,"web|auth|role:administrator,municipal_technician,jury,financial_manager,maintenance_manager,auditor",0,0,0,"role:administrator,municipal_technician,jury,financial_manager,maintenance_manager,auditor",,,0,0,,0,"App\Policies\PaymentReceiptPolicy",update,confirmed,"App\Http\Requests\CancelFinanceRecordRequest",always_true,,0,,authenticated_user_and_route_bound_record,missing,0,0,1,0,"App\Models\PaymentReceipt",mutation,1,required,confirmed,1,payments,Pagamentos,47F,critical,low,not_detected,,laravel_route_collection|resolved_middleware|controller_reflection|controller_source|form_request_reflection|policy_discovery,remove_fixed_role;define_semantic_permission;enforce_municipal_scope;preserve_active_mfa_log;add_http_security_tests
backoffice.finance.receipts.download,backoffice/finance/receipts/{paymentReceipt}/download,GET,"App\Http\Controllers\Backoffice\Finance\PaymentReceiptController",download,"web|auth|role:administrator,municipal_technician,jury,financial_manager,maintenance_manager,auditor",0,0,0,"role:administrator,municipal_technician,jury,financial_manager,maintenance_manager,auditor",,,0,0,,0,"App\Policies\PaymentReceiptPolicy",view,confirmed,,none,,0,,authenticated_user_and_route_bound_record,missing,0,0,1,0,"App\Models\PaymentReceipt",read,1,recommended,confirmed,1,payments,Pagamentos,47F,critical,low,route_name_reference,tests/Feature/Sprint14FinanceTest.php,laravel_route_collection|resolved_middleware|controller_reflection|controller_source|policy_discovery|existing_test_route_reference,remove_fixed_role;define_semantic_permission;enforce_municipal_scope;preserve_active_mfa_log;add_http_security_tests
backoffice.finance.receipts.generate,backoffice/finance/payments/{leasePayment}/receipts/generate,POST,"App\Http\Controllers\Backoffice\Finance\PaymentReceiptController",generate,"web|auth|role:administrator,municipal_technician,jury,financial_manager,maintenance_manager,auditor",0,0,0,"role:administrator,municipal_technician,jury,financial_manager,maintenance_manager,auditor",,,0,0,,0,"App\Policies\LeasePaymentPolicy",create,confirmed,,none,,0,,authenticated_user_and_route_bound_record,missing,0,0,1,0,"App\Models\LeasePayment",mutation,1,required,confirmed,1,payments,Pagamentos,47F,critical,low,route_name_reference,tests/Feature/Sprint14FinanceTest.php,laravel_route_collection|resolved_middleware|controller_reflection|controller_source|policy_discovery|existing_test_route_reference,remove_fixed_role;define_semantic_permission;enforce_municipal_scope;preserve_active_mfa_log;add_http_security_tests
backoffice.finance.receipts.index,backoffice/finance/receipts,GET,"App\Http\Controllers\Backoffice\Finance\PaymentReceiptController",index,"web|auth|role:administrator,municipal_technician,jury,financial_manager,maintenance_manager,auditor",0,0,0,"role:administrator,municipal_technician,jury,financial_manager,maintenance_manager,auditor",,,1,1,payments.view,0,"App\Policies\PaymentReceiptPolicy",viewAny,confirmed,,none,,0,,authenticated_user_and_route_bound_record,missing,0,0,1,0,"App\Models\PaymentReceipt",read,1,recommended,confirmed,1,payments,Pagamentos,47F,critical,high,not_detected,,laravel_route_collection|resolved_middleware|controller_reflection|controller_source|policy_discovery|permission_catalog,remove_fixed_role;apply_permission:payments.view;enforce_municipal_scope;preserve_active_mfa_log;add_http_security_tests
backoffice.finance.receipts.show,backoffice/finance/receipts/{paymentReceipt},GET,"App\Http\Controllers\Backoffice\Finance\PaymentReceiptController",show,"web|auth|role:administrator,municipal_technician,jury,financial_manager,maintenance_manager,auditor",0,0,0,"role:administrator,municipal_technician,jury,financial_manager,maintenance_manager,auditor",,,1,1,payments.view,0,"App\Policies\PaymentReceiptPolicy",view,confirmed,,none,,0,,authenticated_user_and_route_bound_record,missing,0,0,1,0,"App\Models\PaymentReceipt",read,1,recommended,confirmed,1,payments,Pagamentos,47F,critical,high,not_detected,,laravel_route_collection|resolved_middleware|controller_reflection|controller_source|policy_discovery|permission_catalog,remove_fixed_role;apply_permission:payments.view;enforce_municipal_scope;preserve_active_mfa_log;add_http_security_tests
backoffice.tenant-operations.invoices.index,backoffice/tenant-operations/invoices,GET,"App\Http\Controllers\Backoffice\TenantInvoiceController",index,"web|auth|role:administrator,municipal_technician,jury,financial_manager,maintenance_manager,auditor",0,0,0,"role:administrator,municipal_technician,jury,financial_manager,maintenance_manager,auditor",,,1,1,payments.view,0,"App\Policies\TenantInvoicePolicy",viewAny,confirmed,,none,,0,,authenticated_user_and_route_bound_record,missing,0,0,1,0,"App\Models\TenantInvoice",read,1,recommended,confirmed,1,payments,Pagamentos,47F,critical,high,route_name_reference,tests/Feature/QA26ContractsRentTenantPortalTest.php,laravel_route_collection|resolved_middleware|controller_reflection|controller_source|policy_discovery|permission_catalog|existing_test_route_reference,remove_fixed_role;apply_permission:payments.view;enforce_municipal_scope;preserve_active_mfa_log;add_http_security_tests
backoffice.tenant-operations.invoices.show,backoffice/tenant-operations/invoices/{tenantInvoice},GET,"App\Http\Controllers\Backoffice\TenantInvoiceController",show,"web|auth|role:administrator,municipal_technician,jury,financial_manager,maintenance_manager,auditor",0,0,0,"role:administrator,municipal_technician,jury,financial_manager,maintenance_manager,auditor",,,1,1,payments.view,0,"App\Policies\TenantInvoicePolicy",view,confirmed,,none,,0,,authenticated_user_and_route_bound_record,missing,0,0,1,0,"App\Models\TenantInvoice",read,1,recommended,confirmed,1,payments,Pagamentos,47F,critical,high,not_detected,,laravel_route_collection|resolved_middleware|controller_reflection|controller_source|policy_discovery|permission_catalog,remove_fixed_role;apply_permission:payments.view;enforce_municipal_scope;preserve_active_mfa_log;add_http_security_tests
backoffice.tenant-operations.invoices.store,backoffice/tenant-operations/invoices,POST,"App\Http\Controllers\Backoffice\TenantInvoiceController",store,"web|auth|role:administrator,municipal_technician,jury,financial_manager,maintenance_manager,auditor",0,0,0,"role:administrator,municipal_technician,jury,financial_manager,maintenance_manager,auditor",,,1,1,payments.create,0,"App\Policies\TenantInvoicePolicy",create,confirmed,"App\Http\Requests\GenerateTenantInvoiceRequest",custom,,0,,authenticated_user_and_route_bound_record,missing,0,0,1,0,"App\Models\TenantInvoice",mutation,1,required,confirmed,1,payments,Pagamentos,47F,critical,high,route_name_reference,tests/Feature/QA26ContractsRentTenantPortalTest.php|tests/Feature/Sprint26TenantPostAwardTest.php,laravel_route_collection|resolved_middleware|controller_reflection|controller_source|form_request_reflection|policy_discovery|permission_catalog|existing_test_route_reference,remove_fixed_role;apply_permission:payments.create;enforce_municipal_scope;preserve_active_mfa_log;add_http_security_tests
backoffice.tenant-operations.payments.confirm,backoffice/tenant-operations/payments/{tenantPayment}/confirm,POST,"App\Http\Controllers\Backoffice\TenantPaymentController",confirm,"web|auth|role:administrator,municipal_technician,jury,financial_manager,maintenance_manager,auditor",0,0,0,"role:administrator,municipal_technician,jury,financial_manager,maintenance_manager,auditor",,,0,0,,0,"App\Policies\TenantPaymentPolicy",update,confirmed,"App\Http\Requests\ConfirmTenantPaymentRequest",custom,,0,,authenticated_user_and_route_bound_record,missing,0,0,1,0,"App\Models\TenantPayment",mutation,1,required,confirmed,1,payments,Pagamentos,47F,critical,low,not_detected,,laravel_route_collection|resolved_middleware|controller_reflection|controller_source|form_request_reflection|policy_discovery,remove_fixed_role;define_semantic_permission;enforce_municipal_scope;preserve_active_mfa_log;add_http_security_tests
backoffice.tenant-operations.payments.index,backoffice/tenant-operations/payments,GET,"App\Http\Controllers\Backoffice\TenantPaymentController",index,"web|auth|role:administrator,municipal_technician,jury,financial_manager,maintenance_manager,auditor",0,0,0,"role:administrator,municipal_technician,jury,financial_manager,maintenance_manager,auditor",,,1,1,payments.view,0,"App\Policies\TenantPaymentPolicy",viewAny,confirmed,,none,,0,,authenticated_user_and_route_bound_record,missing,0,0,1,0,"App\Models\TenantPayment",read,1,recommended,confirmed,1,payments,Pagamentos,47F,critical,high,route_name_reference,tests/Feature/QA26ContractsRentTenantPortalTest.php,laravel_route_collection|resolved_middleware|controller_reflection|controller_source|policy_discovery|permission_catalog|existing_test_route_reference,remove_fixed_role;apply_permission:payments.view;enforce_municipal_scope;preserve_active_mfa_log;add_http_security_tests
backoffice.tenant-operations.payments.show,backoffice/tenant-operations/payments/{tenantPayment},GET,"App\Http\Controllers\Backoffice\TenantPaymentController",show,"web|auth|role:administrator,municipal_technician,jury,financial_manager,maintenance_manager,auditor",0,0,0,"role:administrator,municipal_technician,jury,financial_manager,maintenance_manager,auditor",,,1,1,payments.view,0,"App\Policies\TenantPaymentPolicy",view,confirmed,,none,,0,,authenticated_user_and_route_bound_record,missing,0,0,1,0,"App\Models\TenantPayment",read,1,recommended,confirmed,1,payments,Pagamentos,47F,critical,high,not_detected,,laravel_route_collection|resolved_middleware|controller_reflection|controller_source|policy_discovery|permission_catalog,remove_fixed_role;apply_permission:payments.view;enforce_municipal_scope;preserve_active_mfa_log;add_http_security_tests
backoffice.tenant-operations.payments.store,backoffice/tenant-operations/payments,POST,"App\Http\Controllers\Backoffice\TenantPaymentController",store,"web|auth|role:administrator,municipal_technician,jury,financial_manager,maintenance_manager,auditor",0,0,0,"role:administrator,municipal_technician,jury,financial_manager,maintenance_manager,auditor",,,1,1,payments.create,0,"App\Policies\TenantPaymentPolicy",create,confirmed,"App\Http\Requests\RegisterTenantPaymentRequest",custom,,0,,authenticated_user_and_route_bound_record,missing,0,0,1,0,"App\Models\TenantPayment",mutation,1,required,confirmed,1,payments,Pagamentos,47F,critical,high,route_name_reference,tests/Feature/QA26ContractsRentTenantPortalTest.php|tests/Feature/Sprint26TenantPostAwardTest.php,laravel_route_collection|resolved_middleware|controller_reflection|controller_source|form_request_reflection|policy_discovery|permission_catalog|existing_test_route_reference,remove_fixed_role;apply_permission:payments.create;enforce_municipal_scope;preserve_active_mfa_log;add_http_security_tests
payments.create,payments/create,GET,"App\Http\Controllers\PaymentController",create,"web|auth|role:administrator,municipal_technician,jury,financial_manager,maintenance_manager,auditor",0,0,0,"role:administrator,municipal_technician,jury,financial_manager,maintenance_manager,auditor",,,1,1,payments.create,0,"App\Policies\PaymentPolicy",create,inferred,,none,,0,,authenticated_user_and_route_bound_record,missing,0,0,1,0,"App\Models\Payment",read,1,recommended,unknown,1,payments,Pagamentos,47F,critical,high,not_detected,,laravel_route_collection|resolved_middleware|controller_reflection|controller_source|policy_discovery|permission_catalog,remove_fixed_role;apply_permission:payments.create;enforce_municipal_scope;preserve_active_mfa_log;add_http_security_tests
payments.destroy,payments/{payment},DELETE,"App\Http\Controllers\PaymentController",destroy,"web|auth|role:administrator,municipal_technician,jury,financial_manager,maintenance_manager,auditor",0,0,0,"role:administrator,municipal_technician,jury,financial_manager,maintenance_manager,auditor",,,1,1,payments.delete,0,"App\Policies\PaymentPolicy",delete,inferred,,none,,0,,authenticated_user_and_route_bound_record,missing,0,0,1,0,"App\Models\Payment",mutation,1,required,missing,1,payments,Pagamentos,47F,critical,high,not_detected,,laravel_route_collection|resolved_middleware|controller_reflection|controller_source|policy_discovery|permission_catalog,remove_fixed_role;apply_permission:payments.delete;enforce_municipal_scope;preserve_active_mfa_log;add_http_security_tests
payments.edit,payments/{payment}/edit,GET,"App\Http\Controllers\PaymentController",edit,"web|auth|role:administrator,municipal_technician,jury,financial_manager,maintenance_manager,auditor",0,0,0,"role:administrator,municipal_technician,jury,financial_manager,maintenance_manager,auditor",,,1,1,payments.update,0,"App\Policies\PaymentPolicy",update,inferred,,none,,0,,authenticated_user_and_route_bound_record,missing,0,0,1,0,"App\Models\Payment",read,1,recommended,unknown,1,payments,Pagamentos,47F,critical,high,not_detected,,laravel_route_collection|resolved_middleware|controller_reflection|controller_source|policy_discovery|permission_catalog,remove_fixed_role;apply_permission:payments.update;enforce_municipal_scope;preserve_active_mfa_log;add_http_security_tests
payments.index,payments,GET,"App\Http\Controllers\PaymentController",index,"web|auth|role:administrator,municipal_technician,jury,financial_manager,maintenance_manager,auditor",0,0,0,"role:administrator,municipal_technician,jury,financial_manager,maintenance_manager,auditor",,,1,1,payments.view,0,"App\Policies\PaymentPolicy",viewAny,inferred,,none,,0,,authenticated_user_and_route_bound_record,missing,0,0,1,0,"App\Models\Payment",read,1,recommended,unknown,1,payments,Pagamentos,47F,critical,high,not_detected,,laravel_route_collection|resolved_middleware|controller_reflection|controller_source|policy_discovery|permission_catalog,remove_fixed_role;apply_permission:payments.view;enforce_municipal_scope;preserve_active_mfa_log;add_http_security_tests
payments.show,payments/{payment},GET,"App\Http\Controllers\PaymentController",show,"web|auth|role:administrator,municipal_technician,jury,financial_manager,maintenance_manager,auditor",0,0,0,"role:administrator,municipal_technician,jury,financial_manager,maintenance_manager,auditor",,,1,1,payments.view,0,"App\Policies\PaymentPolicy",view,inferred,,none,,0,,authenticated_user_and_route_bound_record,missing,0,0,1,0,"App\Models\Payment",read,1,recommended,unknown,1,payments,Pagamentos,47F,critical,high,not_detected,,laravel_route_collection|resolved_middleware|controller_reflection|controller_source|policy_discovery|permission_catalog,remove_fixed_role;apply_permission:payments.view;enforce_municipal_scope;preserve_active_mfa_log;add_http_security_tests
payments.store,payments,POST,"App\Http\Controllers\PaymentController",store,"web|auth|role:administrator,municipal_technician,jury,financial_manager,maintenance_manager,auditor",0,0,0,"role:administrator,municipal_technician,jury,financial_manager,maintenance_manager,auditor",,,1,1,payments.create,0,"App\Policies\PaymentPolicy",create,inferred,"App\Http\Requests\StorePaymentRequest",always_true,,0,,authenticated_user_and_route_bound_record,missing,0,0,1,0,"App\Models\Payment",mutation,1,required,missing,1,payments,Pagamentos,47F,critical,high,not_detected,,laravel_route_collection|resolved_middleware|controller_reflection|controller_source|form_request_reflection|policy_discovery|permission_catalog,remove_fixed_role;apply_permission:payments.create;enforce_municipal_scope;preserve_active_mfa_log;add_http_security_tests
payments.update,payments/{payment},PUT|PATCH,"App\Http\Controllers\PaymentController",update,"web|auth|role:administrator,municipal_technician,jury,financial_manager,maintenance_manager,auditor",0,0,0,"role:administrator,municipal_technician,jury,financial_manager,maintenance_manager,auditor",,,1,1,payments.update,0,"App\Policies\PaymentPolicy",update,inferred,"App\Http\Requests\UpdatePaymentRequest",always_true,,0,,authenticated_user_and_route_bound_record,missing,0,0,1,0,"App\Models\Payment",mutation,1,required,missing,1,payments,Pagamentos,47F,critical,high,not_detected,,laravel_route_collection|resolved_middleware|controller_reflection|controller_source|form_request_reflection|policy_discovery|permission_catalog,remove_fixed_role;apply_permission:payments.update;enforce_municipal_scope;preserve_active_mfa_log;add_http_security_tests
backoffice.agenda.index,backoffice/agenda,GET,"App\Http\Controllers\Backoffice\AgendaController",index,"web|auth|role:administrator,municipal_technician,jury,legal_manager,financial_manager,housing_manager,maintenance_manager,inspection_manager,support_agent,auditor|active.backoffice|mfa.backoffice|log.backoffice",1,1,1,"role:administrator,municipal_technician,jury,legal_manager,financial_manager,housing_manager,maintenance_manager,inspection_manager,support_agent,auditor",,,1,1,visits.view,0,,,missing,,none,,0,,authenticated_user,candidate,,0,1,0,,read,0,not_required,unknown,0,agenda,Agenda,47G,medium,medium,not_detected,,laravel_route_collection|resolved_middleware|controller_reflection|controller_source|permission_catalog,remove_fixed_role;apply_permission:visits.view;preserve_active_mfa_log;add_http_security_tests
backoffice.inspections.attachments.download,backoffice/inspections/attachments/{propertyInspectionAttachment}/download,GET,"App\Http\Controllers\Backoffice\PropertyInspectionAttachmentController",download,"web|auth|role:administrator,municipal_technician,jury,financial_manager,maintenance_manager,auditor",0,0,0,"role:administrator,municipal_technician,jury,financial_manager,maintenance_manager,auditor",,,0,0,,0,"App\Policies\PropertyInspectionAttachmentPolicy",download,confirmed,,none,,0,,authenticated_user_and_route_bound_record,missing,0,0,1,0,"App\Models\PropertyInspectionAttachment",read,1,recommended,confirmed,0,inspections,Vistorias,47G,critical,low,not_detected,,laravel_route_collection|resolved_middleware|controller_reflection|controller_source|policy_discovery,remove_fixed_role;define_semantic_permission;enforce_municipal_scope;preserve_active_mfa_log;add_http_security_tests
backoffice.inspections.reports.download,backoffice/inspections/reports/{propertyInspectionReport}/download,GET,"App\Http\Controllers\Backoffice\PropertyInspectionReportController",download,"web|auth|role:administrator,municipal_technician,jury,financial_manager,maintenance_manager,auditor",0,0,0,"role:administrator,municipal_technician,jury,financial_manager,maintenance_manager,auditor",,,0,0,,0,"App\Policies\PropertyInspectionReportPolicy",download,confirmed,,none,,0,,authenticated_user_and_route_bound_record,missing,0,0,1,0,"App\Models\PropertyInspectionReport",read,1,recommended,confirmed,0,inspections,Vistorias,47G,critical,low,not_detected,,laravel_route_collection|resolved_middleware|controller_reflection|controller_source|policy_discovery,remove_fixed_role;define_semantic_permission;enforce_municipal_scope;preserve_active_mfa_log;add_http_security_tests
backoffice.cases.inspections.show,backoffice/cases/inspections/{propertyInspection},GET,"App\Http\Controllers\Backoffice\CaseWorkspaceController",inspection,"web|auth|role:administrator,municipal_technician,jury,financial_manager,maintenance_manager,auditor",0,0,0,"role:administrator,municipal_technician,jury,financial_manager,maintenance_manager,auditor",,,1,1,inspections.view,0,"App\Policies\PropertyInspectionPolicy",view,inferred,,none,,,,dynamic_domain_context,candidate,,0,0,1,"App\Models\PropertyInspection",read,0,not_required,unknown,0,inspections,Vistorias,47G,medium,high,route_name_reference,tests/Feature/UX/EnterpriseCaseWorkspaceTest.php|tests/Feature/UX/InspectionCaseWorkspaceTest.php,laravel_route_collection|resolved_middleware|controller_reflection|controller_source|policy_discovery|permission_catalog|existing_test_route_reference,remove_fixed_role;apply_permission:inspections.view;preserve_active_mfa_log;add_http_security_tests
backoffice.inspections.attachments.store,backoffice/inspections/{propertyInspection}/attachments,POST,"App\Http\Controllers\Backoffice\PropertyInspectionAttachmentController",store,"web|auth|role:administrator,municipal_technician,jury,financial_manager,maintenance_manager,auditor",0,0,0,"role:administrator,municipal_technician,jury,financial_manager,maintenance_manager,auditor",,,1,1,inspections.create,0,"App\Policies\PropertyInspectionPolicy",create,confirmed,"App\Http\Requests\StorePropertyInspectionAttachmentRequest",always_true,,0,,authenticated_user_and_route_bound_record,missing,0,0,1,0,"App\Models\PropertyInspection",mutation,1,required,confirmed,0,inspections,Vistorias,47G,medium,high,not_detected,,laravel_route_collection|resolved_middleware|controller_reflection|controller_source|form_request_reflection|policy_discovery|permission_catalog,remove_fixed_role;apply_permission:inspections.create;enforce_municipal_scope;preserve_active_mfa_log;add_http_security_tests
backoffice.inspections.cancel,backoffice/inspections/{propertyInspection}/cancel,POST,"App\Http\Controllers\Backoffice\PropertyInspectionController",cancel,"web|auth|role:administrator,municipal_technician,jury,financial_manager,maintenance_manager,auditor",0,0,0,"role:administrator,municipal_technician,jury,financial_manager,maintenance_manager,auditor",,,0,0,,0,"App\Policies\PropertyInspectionPolicy",update,confirmed,"App\Http\Requests\CancelPropertyInspectionRequest",always_true,,0,,authenticated_user_and_route_bound_record,missing,0,0,1,0,"App\Models\PropertyInspection",mutation,1,required,confirmed,0,inspections,Vistorias,47G,medium,low,not_detected,,laravel_route_collection|resolved_middleware|controller_reflection|controller_source|form_request_reflection|policy_discovery,remove_fixed_role;define_semantic_permission;enforce_municipal_scope;preserve_active_mfa_log;add_http_security_tests
backoffice.inspections.close,backoffice/inspections/{propertyInspection}/close,POST,"App\Http\Controllers\Backoffice\PropertyInspectionController",close,"web|auth|role:administrator,municipal_technician,jury,financial_manager,maintenance_manager,auditor",0,0,0,"role:administrator,municipal_technician,jury,financial_manager,maintenance_manager,auditor",,,1,1,inspections.update,0,"App\Policies\PropertyInspectionPolicy",update,confirmed,,none,,0,,authenticated_user_and_route_bound_record,missing,0,0,1,0,"App\Models\PropertyInspection",mutation,1,required,confirmed,0,inspections,Vistorias,47G,medium,high,not_detected,,laravel_route_collection|resolved_middleware|controller_reflection|controller_source|policy_discovery|permission_catalog,remove_fixed_role;apply_permission:inspections.update;enforce_municipal_scope;preserve_active_mfa_log;add_http_security_tests
backoffice.inspections.complete,backoffice/inspections/{propertyInspection}/complete,POST,"App\Http\Controllers\Backoffice\PropertyInspectionController",complete,"web|auth|role:administrator,municipal_technician,jury,financial_manager,maintenance_manager,auditor",0,0,0,"role:administrator,municipal_technician,jury,financial_manager,maintenance_manager,auditor",,,0,0,,0,"App\Policies\PropertyInspectionPolicy",update,confirmed,"App\Http\Requests\CompletePropertyInspectionRequest",always_true,,0,,authenticated_user_and_route_bound_record,missing,0,0,1,0,"App\Models\PropertyInspection",mutation,1,required,confirmed,0,inspections,Vistorias,47G,medium,low,route_name_reference,tests/Feature/Sprint15MaintenanceInspectionTest.php,laravel_route_collection|resolved_middleware|controller_reflection|controller_source|form_request_reflection|policy_discovery|existing_test_route_reference,remove_fixed_role;define_semantic_permission;enforce_municipal_scope;preserve_active_mfa_log;add_http_security_tests
backoffice.inspections.create,backoffice/inspections/create,GET,"App\Http\Controllers\Backoffice\PropertyInspectionController",create,"web|auth|role:administrator,municipal_technician,jury,financial_manager,maintenance_manager,auditor",0,0,0,"role:administrator,municipal_technician,jury,financial_manager,maintenance_manager,auditor",,,1,1,inspections.create,0,"App\Policies\PropertyInspectionPolicy",create,confirmed,,none,,0,,authenticated_user_and_route_bound_record,missing,0,0,1,0,"App\Models\PropertyInspection",read,0,not_required,confirmed,0,inspections,Vistorias,47G,medium,high,not_detected,,laravel_route_collection|resolved_middleware|controller_reflection|controller_source|policy_discovery|permission_catalog,remove_fixed_role;apply_permission:inspections.create;enforce_municipal_scope;preserve_active_mfa_log;add_http_security_tests
backoffice.inspections.edit,backoffice/inspections/{propertyInspection}/edit,GET,"App\Http\Controllers\Backoffice\PropertyInspectionController",edit,"web|auth|role:administrator,municipal_technician,jury,financial_manager,maintenance_manager,auditor",0,0,0,"role:administrator,municipal_technician,jury,financial_manager,maintenance_manager,auditor",,,1,1,inspections.update,0,"App\Policies\PropertyInspectionPolicy",update,confirmed,,none,,0,,authenticated_user_and_route_bound_record,missing,0,0,1,0,"App\Models\PropertyInspection",read,0,not_required,confirmed,0,inspections,Vistorias,47G,medium,high,not_detected,,laravel_route_collection|resolved_middleware|controller_reflection|controller_source|policy_discovery|permission_catalog,remove_fixed_role;apply_permission:inspections.update;enforce_municipal_scope;preserve_active_mfa_log;add_http_security_tests
backoffice.inspections.index,backoffice/inspections,GET,"App\Http\Controllers\Backoffice\PropertyInspectionController",index,"web|auth|role:administrator,municipal_technician,jury,financial_manager,maintenance_manager,auditor",0,0,0,"role:administrator,municipal_technician,jury,financial_manager,maintenance_manager,auditor",,,1,1,inspections.view,0,"App\Policies\PropertyInspectionPolicy",viewAny,confirmed,,none,,0,,authenticated_user_and_route_bound_record,missing,0,0,1,0,"App\Models\PropertyInspection",read,0,not_required,confirmed,0,inspections,Vistorias,47G,medium,high,not_detected,,laravel_route_collection|resolved_middleware|controller_reflection|controller_source|policy_discovery|permission_catalog,remove_fixed_role;apply_permission:inspections.view;enforce_municipal_scope;preserve_active_mfa_log;add_http_security_tests
backoffice.inspections.items.store,backoffice/inspections/{propertyInspection}/items,POST,"App\Http\Controllers\Backoffice\PropertyInspectionItemController",store,"web|auth|role:administrator,municipal_technician,jury,financial_manager,maintenance_manager,auditor",0,0,0,"role:administrator,municipal_technician,jury,financial_manager,maintenance_manager,auditor",,,1,1,inspections.create,0,"App\Policies\PropertyInspectionPolicy",create,confirmed,"App\Http\Requests\StorePropertyInspectionItemRequest",always_true,,0,,authenticated_user_and_route_bound_record,missing,0,0,1,0,"App\Models\PropertyInspection",mutation,1,required,missing,0,inspections,Vistorias,47G,medium,high,not_detected,,laravel_route_collection|resolved_middleware|controller_reflection|controller_source|form_request_reflection|policy_discovery|permission_catalog,remove_fixed_role;apply_permission:inspections.create;enforce_municipal_scope;preserve_active_mfa_log;add_http_security_tests
backoffice.inspections.items.update,backoffice/inspections/items/{propertyInspectionItem},PUT|PATCH,"App\Http\Controllers\Backoffice\PropertyInspectionItemController",update,"web|auth|role:administrator,municipal_technician,jury,financial_manager,maintenance_manager,auditor",0,0,0,"role:administrator,municipal_technician,jury,financial_manager,maintenance_manager,auditor",,,1,1,inspections.update,0,"App\Policies\PropertyInspectionItemPolicy",update,confirmed,"App\Http\Requests\UpdatePropertyInspectionItemRequest",always_true,,0,,authenticated_user_and_route_bound_record,missing,0,0,1,0,"App\Models\PropertyInspectionItem",mutation,1,required,missing,0,inspections,Vistorias,47G,medium,high,not_detected,,laravel_route_collection|resolved_middleware|controller_reflection|controller_source|form_request_reflection|policy_discovery|permission_catalog,remove_fixed_role;apply_permission:inspections.update;enforce_municipal_scope;preserve_active_mfa_log;add_http_security_tests
backoffice.inspections.reports.cancel,backoffice/inspections/reports/{propertyInspectionReport}/cancel,POST,"App\Http\Controllers\Backoffice\PropertyInspectionReportController",cancel,"web|auth|role:administrator,municipal_technician,jury,financial_manager,maintenance_manager,auditor",0,0,0,"role:administrator,municipal_technician,jury,financial_manager,maintenance_manager,auditor",,,0,0,,0,"App\Policies\PropertyInspectionReportPolicy",approve,confirmed,"App\Http\Requests\CancelPropertyInspectionReportRequest",always_true,,0,,authenticated_user_and_route_bound_record,missing,0,0,1,0,"App\Models\PropertyInspectionReport",mutation,1,required,confirmed,0,inspections,Vistorias,47G,medium,low,not_detected,,laravel_route_collection|resolved_middleware|controller_reflection|controller_source|form_request_reflection|policy_discovery,remove_fixed_role;define_semantic_permission;enforce_municipal_scope;preserve_active_mfa_log;add_http_security_tests
backoffice.inspections.reports.generate,backoffice/inspections/{propertyInspection}/reports/generate,POST,"App\Http\Controllers\Backoffice\PropertyInspectionReportController",generate,"web|auth|role:administrator,municipal_technician,jury,financial_manager,maintenance_manager,auditor",0,0,0,"role:administrator,municipal_technician,jury,financial_manager,maintenance_manager,auditor",,,0,0,,0,"App\Policies\PropertyInspectionPolicy",update,confirmed,"App\Http\Requests\GeneratePropertyInspectionReportRequest",always_true,,0,,authenticated_user_and_route_bound_record,missing,0,0,1,0,"App\Models\PropertyInspection",mutation,1,required,confirmed,0,inspections,Vistorias,47G,medium,low,route_name_reference,tests/Feature/Sprint15MaintenanceInspectionTest.php,laravel_route_collection|resolved_middleware|controller_reflection|controller_source|form_request_reflection|policy_discovery|existing_test_route_reference,remove_fixed_role;define_semantic_permission;enforce_municipal_scope;preserve_active_mfa_log;add_http_security_tests
backoffice.inspections.reports.show,backoffice/inspections/reports/{propertyInspectionReport},GET,"App\Http\Controllers\Backoffice\PropertyInspectionReportController",show,"web|auth|role:administrator,municipal_technician,jury,financial_manager,maintenance_manager,auditor",0,0,0,"role:administrator,municipal_technician,jury,financial_manager,maintenance_manager,auditor",,,1,1,inspections.view,0,"App\Policies\PropertyInspectionReportPolicy",view,confirmed,,none,,0,,authenticated_user_and_route_bound_record,missing,0,0,1,0,"App\Models\PropertyInspectionReport",read,0,not_required,confirmed,0,inspections,Vistorias,47G,medium,high,not_detected,,laravel_route_collection|resolved_middleware|controller_reflection|controller_source|policy_discovery|permission_catalog,remove_fixed_role;apply_permission:inspections.view;enforce_municipal_scope;preserve_active_mfa_log;add_http_security_tests
backoffice.inspections.reports.validate,backoffice/inspections/reports/{propertyInspectionReport}/validate,POST,"App\Http\Controllers\Backoffice\PropertyInspectionReportController",validateReport,"web|auth|role:administrator,municipal_technician,jury,financial_manager,maintenance_manager,auditor",0,0,0,"role:administrator,municipal_technician,jury,financial_manager,maintenance_manager,auditor",,,0,0,,0,"App\Policies\PropertyInspectionReportPolicy",approve,confirmed,"App\Http\Requests\ValidatePropertyInspectionReportRequest",always_true,,0,,authenticated_user_and_route_bound_record,missing,0,0,1,0,"App\Models\PropertyInspectionReport",mutation,1,required,confirmed,0,inspections,Vistorias,47G,medium,low,route_name_reference,tests/Feature/Sprint15MaintenanceInspectionTest.php,laravel_route_collection|resolved_middleware|controller_reflection|controller_source|form_request_reflection|policy_discovery|existing_test_route_reference,remove_fixed_role;define_semantic_permission;enforce_municipal_scope;preserve_active_mfa_log;add_http_security_tests
backoffice.inspections.show,backoffice/inspections/{propertyInspection},GET,"App\Http\Controllers\Backoffice\PropertyInspectionController",show,"web|auth|role:administrator,municipal_technician,jury,financial_manager,maintenance_manager,auditor",0,0,0,"role:administrator,municipal_technician,jury,financial_manager,maintenance_manager,auditor",,,1,1,inspections.view,0,"App\Policies\PropertyInspectionPolicy",view,confirmed,,none,,0,,authenticated_user_and_route_bound_record,missing,0,0,1,0,"App\Models\PropertyInspection",read,0,not_required,confirmed,0,inspections,Vistorias,47G,medium,high,not_detected,,laravel_route_collection|resolved_middleware|controller_reflection|controller_source|policy_discovery|permission_catalog,remove_fixed_role;apply_permission:inspections.view;enforce_municipal_scope;preserve_active_mfa_log;add_http_security_tests
backoffice.inspections.start,backoffice/inspections/{propertyInspection}/start,POST,"App\Http\Controllers\Backoffice\PropertyInspectionController",start,"web|auth|role:administrator,municipal_technician,jury,financial_manager,maintenance_manager,auditor",0,0,0,"role:administrator,municipal_technician,jury,financial_manager,maintenance_manager,auditor",,,1,1,inspections.view,0,"App\Policies\PropertyInspectionPolicy",update,confirmed,,none,,0,,authenticated_user_and_route_bound_record,missing,0,0,1,0,"App\Models\PropertyInspection",mutation,1,required,confirmed,0,inspections,Vistorias,47G,medium,high,not_detected,,laravel_route_collection|resolved_middleware|controller_reflection|controller_source|policy_discovery|permission_catalog,remove_fixed_role;apply_permission:inspections.view;enforce_municipal_scope;preserve_active_mfa_log;add_http_security_tests
backoffice.inspections.store,backoffice/inspections,POST,"App\Http\Controllers\Backoffice\PropertyInspectionController",store,"web|auth|role:administrator,municipal_technician,jury,financial_manager,maintenance_manager,auditor",0,0,0,"role:administrator,municipal_technician,jury,financial_manager,maintenance_manager,auditor",,,1,1,inspections.create,0,"App\Policies\PropertyInspectionPolicy",create,confirmed,"App\Http\Requests\StorePropertyInspectionRequest",always_true,,0,,authenticated_user_and_route_bound_record,missing,0,0,1,0,"App\Models\PropertyInspection",mutation,1,required,confirmed,0,inspections,Vistorias,47G,medium,high,route_name_reference,tests/Feature/Sprint15MaintenanceInspectionTest.php,laravel_route_collection|resolved_middleware|controller_reflection|controller_source|form_request_reflection|policy_discovery|permission_catalog|existing_test_route_reference,remove_fixed_role;apply_permission:inspections.create;enforce_municipal_scope;preserve_active_mfa_log;add_http_security_tests
backoffice.inspections.templates.create,backoffice/inspections/templates/create,GET,"App\Http\Controllers\Backoffice\InspectionChecklistTemplateController",create,"web|auth|role:administrator,municipal_technician,jury,financial_manager,maintenance_manager,auditor",0,0,0,"role:administrator,municipal_technician,jury,financial_manager,maintenance_manager,auditor",,,1,1,inspections.create,0,"App\Policies\InspectionChecklistTemplatePolicy",create,confirmed,,none,,0,,authenticated_user_and_route_bound_record,missing,0,0,1,0,"App\Models\InspectionChecklistTemplate",read,0,not_required,unknown,0,inspections,Vistorias,47G,medium,high,not_detected,,laravel_route_collection|resolved_middleware|controller_reflection|controller_source|policy_discovery|permission_catalog,remove_fixed_role;apply_permission:inspections.create;enforce_municipal_scope;preserve_active_mfa_log;add_http_security_tests
backoffice.inspections.templates.edit,backoffice/inspections/templates/{inspectionChecklistTemplate}/edit,GET,"App\Http\Controllers\Backoffice\InspectionChecklistTemplateController",edit,"web|auth|role:administrator,municipal_technician,jury,financial_manager,maintenance_manager,auditor",0,0,0,"role:administrator,municipal_technician,jury,financial_manager,maintenance_manager,auditor",,,1,1,inspections.update,0,"App\Policies\InspectionChecklistTemplatePolicy",update,confirmed,,none,,0,,authenticated_user_and_route_bound_record,missing,0,0,1,0,"App\Models\InspectionChecklistTemplate",read,0,not_required,unknown,0,inspections,Vistorias,47G,medium,high,not_detected,,laravel_route_collection|resolved_middleware|controller_reflection|controller_source|policy_discovery|permission_catalog,remove_fixed_role;apply_permission:inspections.update;enforce_municipal_scope;preserve_active_mfa_log;add_http_security_tests
backoffice.inspections.templates.index,backoffice/inspections/templates,GET,"App\Http\Controllers\Backoffice\InspectionChecklistTemplateController",index,"web|auth|role:administrator,municipal_technician,jury,financial_manager,maintenance_manager,auditor",0,0,0,"role:administrator,municipal_technician,jury,financial_manager,maintenance_manager,auditor",,,1,1,inspections.view,0,"App\Policies\InspectionChecklistTemplatePolicy",viewAny,confirmed,,none,,0,,authenticated_user_and_route_bound_record,missing,0,0,1,0,"App\Models\InspectionChecklistTemplate",read,0,not_required,unknown,0,inspections,Vistorias,47G,medium,high,not_detected,,laravel_route_collection|resolved_middleware|controller_reflection|controller_source|policy_discovery|permission_catalog,remove_fixed_role;apply_permission:inspections.view;enforce_municipal_scope;preserve_active_mfa_log;add_http_security_tests
backoffice.inspections.templates.store,backoffice/inspections/templates,POST,"App\Http\Controllers\Backoffice\InspectionChecklistTemplateController",store,"web|auth|role:administrator,municipal_technician,jury,financial_manager,maintenance_manager,auditor",0,0,0,"role:administrator,municipal_technician,jury,financial_manager,maintenance_manager,auditor",,,1,1,inspections.create,0,"App\Policies\InspectionChecklistTemplatePolicy",create,confirmed,"App\Http\Requests\StoreInspectionChecklistTemplateRequest",always_true,,0,,authenticated_user_and_route_bound_record,missing,0,0,1,0,"App\Models\InspectionChecklistTemplate",mutation,1,required,missing,0,inspections,Vistorias,47G,medium,high,not_detected,,laravel_route_collection|resolved_middleware|controller_reflection|controller_source|form_request_reflection|policy_discovery|permission_catalog,remove_fixed_role;apply_permission:inspections.create;enforce_municipal_scope;preserve_active_mfa_log;add_http_security_tests
backoffice.inspections.templates.update,backoffice/inspections/templates/{inspectionChecklistTemplate},PUT|PATCH,"App\Http\Controllers\Backoffice\InspectionChecklistTemplateController",update,"web|auth|role:administrator,municipal_technician,jury,financial_manager,maintenance_manager,auditor",0,0,0,"role:administrator,municipal_technician,jury,financial_manager,maintenance_manager,auditor",,,1,1,inspections.update,0,"App\Policies\InspectionChecklistTemplatePolicy",update,confirmed,"App\Http\Requests\UpdateInspectionChecklistTemplateRequest",always_true,,0,,authenticated_user_and_route_bound_record,missing,0,0,1,0,"App\Models\InspectionChecklistTemplate",mutation,1,required,missing,0,inspections,Vistorias,47G,medium,high,not_detected,,laravel_route_collection|resolved_middleware|controller_reflection|controller_source|form_request_reflection|policy_discovery|permission_catalog,remove_fixed_role;apply_permission:inspections.update;enforce_municipal_scope;preserve_active_mfa_log;add_http_security_tests
backoffice.inspections.update,backoffice/inspections/{propertyInspection},PUT|PATCH,"App\Http\Controllers\Backoffice\PropertyInspectionController",update,"web|auth|role:administrator,municipal_technician,jury,financial_manager,maintenance_manager,auditor",0,0,0,"role:administrator,municipal_technician,jury,financial_manager,maintenance_manager,auditor",,,1,1,inspections.update,0,"App\Policies\PropertyInspectionPolicy",update,confirmed,"App\Http\Requests\UpdatePropertyInspectionRequest",always_true,,0,,authenticated_user_and_route_bound_record,missing,0,0,1,0,"App\Models\PropertyInspection",mutation,1,required,confirmed,0,inspections,Vistorias,47G,medium,high,not_detected,,laravel_route_collection|resolved_middleware|controller_reflection|controller_source|form_request_reflection|policy_discovery|permission_catalog,remove_fixed_role;apply_permission:inspections.update;enforce_municipal_scope;preserve_active_mfa_log;add_http_security_tests
backoffice.inspections.validate,backoffice/inspections/{propertyInspection}/validate,POST,"App\Http\Controllers\Backoffice\PropertyInspectionController",validateInspection,"web|auth|role:administrator,municipal_technician,jury,financial_manager,maintenance_manager,auditor",0,0,0,"role:administrator,municipal_technician,jury,financial_manager,maintenance_manager,auditor",,,0,0,,0,"App\Policies\PropertyInspectionPolicy",approve,confirmed,"App\Http\Requests\ValidatePropertyInspectionRequest",always_true,,0,,authenticated_user_and_route_bound_record,missing,0,0,1,0,"App\Models\PropertyInspection",mutation,1,required,confirmed,0,inspections,Vistorias,47G,medium,low,route_name_reference,tests/Feature/Sprint15MaintenanceInspectionTest.php,laravel_route_collection|resolved_middleware|controller_reflection|controller_source|form_request_reflection|policy_discovery|existing_test_route_reference,remove_fixed_role;define_semantic_permission;enforce_municipal_scope;preserve_active_mfa_log;add_http_security_tests
backoffice.maintenance.attachments.download,backoffice/maintenance/attachments/{maintenanceAttachment}/download,GET,"App\Http\Controllers\Backoffice\MaintenanceAttachmentController",download,"web|auth|role:administrator,municipal_technician,jury,financial_manager,maintenance_manager,auditor",0,0,0,"role:administrator,municipal_technician,jury,financial_manager,maintenance_manager,auditor",,,0,0,,0,"App\Policies\MaintenanceAttachmentPolicy",download,confirmed,,none,,0,,authenticated_user_and_route_bound_record,missing,0,0,1,0,"App\Models\MaintenanceAttachment",read,1,recommended,confirmed,0,maintenance,Manutenção,47G,critical,low,not_detected,,laravel_route_collection|resolved_middleware|controller_reflection|controller_source|policy_discovery,remove_fixed_role;define_semantic_permission;enforce_municipal_scope;preserve_active_mfa_log;add_http_security_tests
backoffice.cases.housing-units.show,backoffice/cases/housing-units/{housingUnit},GET,"App\Http\Controllers\Backoffice\CaseWorkspaceController",housingUnit,"web|auth|role:administrator,municipal_technician,jury,financial_manager,maintenance_manager,auditor",0,0,0,"role:administrator,municipal_technician,jury,financial_manager,maintenance_manager,auditor",,,1,1,housing_units.view,0,"App\Policies\HousingUnitPolicy",viewBackoffice,inferred,,none,,,,dynamic_domain_context,candidate,,0,0,1,"App\Models\HousingUnit",read,0,not_required,unknown,0,maintenance,Manutenção,47G,medium,high,route_name_reference,tests/Feature/UX/HousingUnitCaseWorkspaceTest.php,laravel_route_collection|resolved_middleware|controller_reflection|controller_source|policy_discovery|permission_catalog|existing_test_route_reference,remove_fixed_role;apply_permission:housing_units.view;preserve_active_mfa_log;add_http_security_tests
backoffice.cases.maintenance.show,backoffice/cases/maintenance/{maintenanceRequest},GET,"App\Http\Controllers\Backoffice\CaseWorkspaceController",maintenance,"web|auth|role:administrator,municipal_technician,jury,financial_manager,maintenance_manager,auditor",0,0,0,"role:administrator,municipal_technician,jury,financial_manager,maintenance_manager,auditor",,,1,1,maintenance_requests.view,0,"App\Policies\MaintenanceRequestPolicy",view,inferred,,none,,,,dynamic_domain_context,candidate,,0,0,1,"App\Models\MaintenanceRequest",read,0,not_required,unknown,0,maintenance,Manutenção,47G,medium,high,route_name_reference,tests/Feature/UX/CaseWorkspaceNextActionTest.php|tests/Feature/UX/EnterpriseCaseWorkspaceTest.php|tests/Feature/UX/MaintenanceCaseWorkspaceTest.php,laravel_route_collection|resolved_middleware|controller_reflection|controller_source|policy_discovery|permission_catalog|existing_test_route_reference,remove_fixed_role;apply_permission:maintenance_requests.view;preserve_active_mfa_log;add_http_security_tests
backoffice.maintenance.assignments.cancel,backoffice/maintenance/assignments/{maintenanceAssignment}/cancel,POST,"App\Http\Controllers\Backoffice\MaintenanceAssignmentController",cancel,"web|auth|role:administrator,municipal_technician,jury,financial_manager,maintenance_manager,auditor",0,0,0,"role:administrator,municipal_technician,jury,financial_manager,maintenance_manager,auditor",,,0,0,,0,"App\Policies\MaintenanceAssignmentPolicy",update,confirmed,,none,,0,,authenticated_user_and_route_bound_record,missing,0,0,1,0,"App\Models\MaintenanceAssignment",mutation,1,required,confirmed,0,maintenance,Manutenção,47G,medium,low,not_detected,,laravel_route_collection|resolved_middleware|controller_reflection|controller_source|policy_discovery,remove_fixed_role;define_semantic_permission;enforce_municipal_scope;preserve_active_mfa_log;add_http_security_tests
backoffice.maintenance.assignments.store,backoffice/maintenance/requests/{maintenanceRequest}/assignments,POST,"App\Http\Controllers\Backoffice\MaintenanceAssignmentController",store,"web|auth|role:administrator,municipal_technician,jury,financial_manager,maintenance_manager,auditor",0,0,0,"role:administrator,municipal_technician,jury,financial_manager,maintenance_manager,auditor",,,1,1,maintenance_requests.create,0,"App\Policies\MaintenanceRequestPolicy",create,confirmed,"App\Http\Requests\StoreMaintenanceAssignmentRequest",always_true,,0,,authenticated_user_and_route_bound_record,missing,0,0,1,0,"App\Models\MaintenanceRequest",mutation,1,required,confirmed,0,maintenance,Manutenção,47G,medium,high,route_name_reference,tests/Feature/Sprint15MaintenanceInspectionTest.php,laravel_route_collection|resolved_middleware|controller_reflection|controller_source|form_request_reflection|policy_discovery|permission_catalog|existing_test_route_reference,remove_fixed_role;apply_permission:maintenance_requests.create;enforce_municipal_scope;preserve_active_mfa_log;add_http_security_tests
backoffice.maintenance.attachments.store,backoffice/maintenance/requests/{maintenanceRequest}/attachments,POST,"App\Http\Controllers\Backoffice\MaintenanceAttachmentController",store,"web|auth|role:administrator,municipal_technician,jury,financial_manager,maintenance_manager,auditor",0,0,0,"role:administrator,municipal_technician,jury,financial_manager,maintenance_manager,auditor",,,1,1,maintenance_requests.create,0,"App\Policies\MaintenanceRequestPolicy",create,confirmed,"App\Http\Requests\StoreMaintenanceAttachmentRequest",always_true,,0,,authenticated_user_and_route_bound_record,missing,0,0,1,0,"App\Models\MaintenanceRequest",mutation,1,required,confirmed,0,maintenance,Manutenção,47G,medium,high,not_detected,,laravel_route_collection|resolved_middleware|controller_reflection|controller_source|form_request_reflection|policy_discovery|permission_catalog,remove_fixed_role;apply_permission:maintenance_requests.create;enforce_municipal_scope;preserve_active_mfa_log;add_http_security_tests
backoffice.maintenance.categories.create,backoffice/maintenance/categories/create,GET,"App\Http\Controllers\Backoffice\MaintenanceCategoryController",create,"web|auth|role:administrator,municipal_technician,jury,financial_manager,maintenance_manager,auditor",0,0,0,"role:administrator,municipal_technician,jury,financial_manager,maintenance_manager,auditor",,,1,1,maintenance_requests.create,0,"App\Policies\MaintenanceCategoryPolicy",create,confirmed,,none,,0,,authenticated_user_and_route_bound_record,missing,0,0,1,0,"App\Models\MaintenanceCategory",read,0,not_required,unknown,0,maintenance,Manutenção,47G,medium,high,not_detected,,laravel_route_collection|resolved_middleware|controller_reflection|controller_source|policy_discovery|permission_catalog,remove_fixed_role;apply_permission:maintenance_requests.create;enforce_municipal_scope;preserve_active_mfa_log;add_http_security_tests
backoffice.maintenance.categories.destroy,backoffice/maintenance/categories/{maintenanceCategory},DELETE,"App\Http\Controllers\Backoffice\MaintenanceCategoryController",destroy,"web|auth|role:administrator,municipal_technician,jury,financial_manager,maintenance_manager,auditor",0,0,0,"role:administrator,municipal_technician,jury,financial_manager,maintenance_manager,auditor",,,1,1,maintenance_requests.delete,0,"App\Policies\MaintenanceCategoryPolicy",delete,confirmed,,none,,0,,authenticated_user_and_route_bound_record,missing,0,0,1,0,"App\Models\MaintenanceCategory",mutation,1,required,missing,0,maintenance,Manutenção,47G,medium,high,not_detected,,laravel_route_collection|resolved_middleware|controller_reflection|controller_source|policy_discovery|permission_catalog,remove_fixed_role;apply_permission:maintenance_requests.delete;enforce_municipal_scope;preserve_active_mfa_log;add_http_security_tests
backoffice.maintenance.categories.edit,backoffice/maintenance/categories/{maintenanceCategory}/edit,GET,"App\Http\Controllers\Backoffice\MaintenanceCategoryController",edit,"web|auth|role:administrator,municipal_technician,jury,financial_manager,maintenance_manager,auditor",0,0,0,"role:administrator,municipal_technician,jury,financial_manager,maintenance_manager,auditor",,,1,1,maintenance_requests.update,0,"App\Policies\MaintenanceCategoryPolicy",update,confirmed,,none,,0,,authenticated_user_and_route_bound_record,missing,0,0,1,0,"App\Models\MaintenanceCategory",read,0,not_required,unknown,0,maintenance,Manutenção,47G,medium,high,not_detected,,laravel_route_collection|resolved_middleware|controller_reflection|controller_source|policy_discovery|permission_catalog,remove_fixed_role;apply_permission:maintenance_requests.update;enforce_municipal_scope;preserve_active_mfa_log;add_http_security_tests
backoffice.maintenance.categories.index,backoffice/maintenance/categories,GET,"App\Http\Controllers\Backoffice\MaintenanceCategoryController",index,"web|auth|role:administrator,municipal_technician,jury,financial_manager,maintenance_manager,auditor",0,0,0,"role:administrator,municipal_technician,jury,financial_manager,maintenance_manager,auditor",,,1,1,maintenance_requests.view,0,"App\Policies\MaintenanceCategoryPolicy",viewAny,confirmed,,none,,0,,authenticated_user_and_route_bound_record,missing,0,0,1,0,"App\Models\MaintenanceCategory",read,0,not_required,unknown,0,maintenance,Manutenção,47G,medium,high,not_detected,,laravel_route_collection|resolved_middleware|controller_reflection|controller_source|policy_discovery|permission_catalog,remove_fixed_role;apply_permission:maintenance_requests.view;enforce_municipal_scope;preserve_active_mfa_log;add_http_security_tests
backoffice.maintenance.categories.store,backoffice/maintenance/categories,POST,"App\Http\Controllers\Backoffice\MaintenanceCategoryController",store,"web|auth|role:administrator,municipal_technician,jury,financial_manager,maintenance_manager,auditor",0,0,0,"role:administrator,municipal_technician,jury,financial_manager,maintenance_manager,auditor",,,1,1,maintenance_requests.create,0,"App\Policies\MaintenanceCategoryPolicy",create,confirmed,"App\Http\Requests\StoreMaintenanceCategoryRequest",always_true,,0,,authenticated_user_and_route_bound_record,missing,0,0,1,0,"App\Models\MaintenanceCategory",mutation,1,required,missing,0,maintenance,Manutenção,47G,medium,high,not_detected,,laravel_route_collection|resolved_middleware|controller_reflection|controller_source|form_request_reflection|policy_discovery|permission_catalog,remove_fixed_role;apply_permission:maintenance_requests.create;enforce_municipal_scope;preserve_active_mfa_log;add_http_security_tests
backoffice.maintenance.categories.update,backoffice/maintenance/categories/{maintenanceCategory},PUT|PATCH,"App\Http\Controllers\Backoffice\MaintenanceCategoryController",update,"web|auth|role:administrator,municipal_technician,jury,financial_manager,maintenance_manager,auditor",0,0,0,"role:administrator,municipal_technician,jury,financial_manager,maintenance_manager,auditor",,,1,1,maintenance_requests.update,0,"App\Policies\MaintenanceCategoryPolicy",update,confirmed,"App\Http\Requests\UpdateMaintenanceCategoryRequest",always_true,,0,,authenticated_user_and_route_bound_record,missing,0,0,1,0,"App\Models\MaintenanceCategory",mutation,1,required,missing,0,maintenance,Manutenção,47G,medium,high,not_detected,,laravel_route_collection|resolved_middleware|controller_reflection|controller_source|form_request_reflection|policy_discovery|permission_catalog,remove_fixed_role;apply_permission:maintenance_requests.update;enforce_municipal_scope;preserve_active_mfa_log;add_http_security_tests
backoffice.maintenance.cost-reports.index,backoffice/maintenance/cost-reports,GET,"App\Http\Controllers\Backoffice\MaintenanceCostReportController",index,"web|auth|role:administrator,municipal_technician,jury,financial_manager,maintenance_manager,auditor",0,0,0,"role:administrator,municipal_technician,jury,financial_manager,maintenance_manager,auditor",,,1,1,maintenance_requests.view,0,,viewAny,confirmed,,none,,0,,authenticated_user,candidate,,0,1,0,,read,0,not_required,unknown,0,maintenance,Manutenção,47G,medium,medium,route_name_reference,tests/Feature/Sprint15MaintenanceInspectionTest.php,laravel_route_collection|resolved_middleware|controller_reflection|controller_source|permission_catalog|existing_test_route_reference,remove_fixed_role;apply_permission:maintenance_requests.view;preserve_active_mfa_log;add_http_security_tests
backoffice.maintenance.costs.approve,backoffice/maintenance/costs/{maintenanceCost}/approve,POST,"App\Http\Controllers\Backoffice\MaintenanceCostController",approve,"web|auth|role:administrator,municipal_technician,jury,financial_manager,maintenance_manager,auditor",0,0,0,"role:administrator,municipal_technician,jury,financial_manager,maintenance_manager,auditor",,,1,1,maintenance_requests.approve,0,"App\Policies\MaintenanceCostPolicy",approve,confirmed,"App\Http\Requests\ApproveMaintenanceCostRequest",always_true,,0,,authenticated_user_and_route_bound_record,missing,0,0,1,0,"App\Models\MaintenanceCost",mutation,1,required,confirmed,0,maintenance,Manutenção,47G,medium,high,route_name_reference,tests/Feature/Sprint15MaintenanceInspectionTest.php,laravel_route_collection|resolved_middleware|controller_reflection|controller_source|form_request_reflection|policy_discovery|permission_catalog|existing_test_route_reference,remove_fixed_role;apply_permission:maintenance_requests.approve;enforce_municipal_scope;preserve_active_mfa_log;add_http_security_tests
backoffice.maintenance.costs.index,backoffice/maintenance/costs,GET,"App\Http\Controllers\Backoffice\MaintenanceCostController",index,"web|auth|role:administrator,municipal_technician,jury,financial_manager,maintenance_manager,auditor",0,0,0,"role:administrator,municipal_technician,jury,financial_manager,maintenance_manager,auditor",,,1,1,maintenance_requests.view,0,"App\Policies\MaintenanceCostPolicy",viewAny,confirmed,,none,,0,,authenticated_user_and_route_bound_record,missing,0,0,1,0,"App\Models\MaintenanceCost",read,0,not_required,confirmed,0,maintenance,Manutenção,47G,medium,high,not_detected,,laravel_route_collection|resolved_middleware|controller_reflection|controller_source|policy_discovery|permission_catalog,remove_fixed_role;apply_permission:maintenance_requests.view;enforce_municipal_scope;preserve_active_mfa_log;add_http_security_tests
backoffice.maintenance.costs.reject,backoffice/maintenance/costs/{maintenanceCost}/reject,POST,"App\Http\Controllers\Backoffice\MaintenanceCostController",reject,"web|auth|role:administrator,municipal_technician,jury,financial_manager,maintenance_manager,auditor",0,0,0,"role:administrator,municipal_technician,jury,financial_manager,maintenance_manager,auditor",,,1,1,maintenance_requests.reject,0,"App\Policies\MaintenanceCostPolicy",reject,confirmed,"App\Http\Requests\RejectMaintenanceCostRequest",always_true,,0,,authenticated_user_and_route_bound_record,missing,0,0,1,0,"App\Models\MaintenanceCost",mutation,1,required,confirmed,0,maintenance,Manutenção,47G,medium,high,not_detected,,laravel_route_collection|resolved_middleware|controller_reflection|controller_source|form_request_reflection|policy_discovery|permission_catalog,remove_fixed_role;apply_permission:maintenance_requests.reject;enforce_municipal_scope;preserve_active_mfa_log;add_http_security_tests
backoffice.maintenance.costs.store,backoffice/maintenance/requests/{maintenanceRequest}/costs,POST,"App\Http\Controllers\Backoffice\MaintenanceCostController",store,"web|auth|role:administrator,municipal_technician,jury,financial_manager,maintenance_manager,auditor",0,0,0,"role:administrator,municipal_technician,jury,financial_manager,maintenance_manager,auditor",,,1,1,maintenance_requests.create,0,"App\Policies\MaintenanceRequestPolicy",create,confirmed,"App\Http\Requests\StoreMaintenanceCostRequest",always_true,,0,,authenticated_user_and_route_bound_record,missing,0,0,1,0,"App\Models\MaintenanceRequest",mutation,1,required,confirmed,0,maintenance,Manutenção,47G,medium,high,route_name_reference,tests/Feature/Sprint15MaintenanceInspectionTest.php,laravel_route_collection|resolved_middleware|controller_reflection|controller_source|form_request_reflection|policy_discovery|permission_catalog|existing_test_route_reference,remove_fixed_role;apply_permission:maintenance_requests.create;enforce_municipal_scope;preserve_active_mfa_log;add_http_security_tests
backoffice.maintenance.dashboard,backoffice/maintenance/dashboard,GET,"App\Http\Controllers\Backoffice\MaintenanceDashboardController",__invoke,"web|auth|role:administrator,municipal_technician,jury,financial_manager,maintenance_manager,auditor",0,0,0,"role:administrator,municipal_technician,jury,financial_manager,maintenance_manager,auditor",,,1,1,maintenance_requests.view,0,,viewAny,confirmed,,none,,,,dynamic_domain_context,candidate,,0,0,1,,read,0,not_required,unknown,0,maintenance,Manutenção,47G,medium,medium,not_detected,,laravel_route_collection|resolved_middleware|controller_reflection|controller_source|permission_catalog,remove_fixed_role;apply_permission:maintenance_requests.view;preserve_active_mfa_log;add_http_security_tests
backoffice.maintenance.index,backoffice/maintenance,GET,"App\Http\Controllers\Backoffice\MaintenanceDashboardController",__invoke,"web|auth|role:administrator,municipal_technician,jury,financial_manager,maintenance_manager,auditor",0,0,0,"role:administrator,municipal_technician,jury,financial_manager,maintenance_manager,auditor",,,1,1,maintenance_requests.view,0,,viewAny,confirmed,,none,,,,dynamic_domain_context,candidate,,0,0,1,,read,0,not_required,unknown,0,maintenance,Manutenção,47G,medium,medium,route_name_reference,tests/Feature/Sprint15MaintenanceInspectionTest.php,laravel_route_collection|resolved_middleware|controller_reflection|controller_source|permission_catalog|existing_test_route_reference,remove_fixed_role;apply_permission:maintenance_requests.view;preserve_active_mfa_log;add_http_security_tests
backoffice.maintenance.interventions.cancel,backoffice/maintenance/interventions/{maintenanceIntervention}/cancel,POST,"App\Http\Controllers\Backoffice\MaintenanceInterventionController",cancel,"web|auth|role:administrator,municipal_technician,jury,financial_manager,maintenance_manager,auditor",0,0,0,"role:administrator,municipal_technician,jury,financial_manager,maintenance_manager,auditor",,,0,0,,0,"App\Policies\MaintenanceInterventionPolicy",update,confirmed,,none,,0,,authenticated_user_and_route_bound_record,missing,0,0,1,0,"App\Models\MaintenanceIntervention",mutation,1,required,confirmed,0,maintenance,Manutenção,47G,medium,low,not_detected,,laravel_route_collection|resolved_middleware|controller_reflection|controller_source|policy_discovery,remove_fixed_role;define_semantic_permission;enforce_municipal_scope;preserve_active_mfa_log;add_http_security_tests
backoffice.maintenance.interventions.complete,backoffice/maintenance/interventions/{maintenanceIntervention}/complete,POST,"App\Http\Controllers\Backoffice\MaintenanceInterventionController",complete,"web|auth|role:administrator,municipal_technician,jury,financial_manager,maintenance_manager,auditor",0,0,0,"role:administrator,municipal_technician,jury,financial_manager,maintenance_manager,auditor",,,0,0,,0,"App\Policies\MaintenanceInterventionPolicy",update,confirmed,"App\Http\Requests\CompleteMaintenanceInterventionRequest",always_true,,0,,authenticated_user_and_route_bound_record,missing,0,0,1,0,"App\Models\MaintenanceIntervention",mutation,1,required,confirmed,0,maintenance,Manutenção,47G,medium,low,route_name_reference,tests/Feature/Sprint15MaintenanceInspectionTest.php,laravel_route_collection|resolved_middleware|controller_reflection|controller_source|form_request_reflection|policy_discovery|existing_test_route_reference,remove_fixed_role;define_semantic_permission;enforce_municipal_scope;preserve_active_mfa_log;add_http_security_tests
backoffice.maintenance.interventions.show,backoffice/maintenance/interventions/{maintenanceIntervention},GET,"App\Http\Controllers\Backoffice\MaintenanceInterventionController",show,"web|auth|role:administrator,municipal_technician,jury,financial_manager,maintenance_manager,auditor",0,0,0,"role:administrator,municipal_technician,jury,financial_manager,maintenance_manager,auditor",,,1,1,maintenance_requests.view,0,"App\Policies\MaintenanceInterventionPolicy",view,confirmed,,none,,0,,authenticated_user_and_route_bound_record,missing,0,0,1,0,"App\Models\MaintenanceIntervention",read,0,not_required,confirmed,0,maintenance,Manutenção,47G,medium,high,not_detected,,laravel_route_collection|resolved_middleware|controller_reflection|controller_source|policy_discovery|permission_catalog,remove_fixed_role;apply_permission:maintenance_requests.view;enforce_municipal_scope;preserve_active_mfa_log;add_http_security_tests
backoffice.maintenance.interventions.start,backoffice/maintenance/interventions/{maintenanceIntervention}/start,POST,"App\Http\Controllers\Backoffice\MaintenanceInterventionController",start,"web|auth|role:administrator,municipal_technician,jury,financial_manager,maintenance_manager,auditor",0,0,0,"role:administrator,municipal_technician,jury,financial_manager,maintenance_manager,auditor",,,1,1,maintenance_requests.view,0,"App\Policies\MaintenanceInterventionPolicy",update,confirmed,,none,,0,,authenticated_user_and_route_bound_record,missing,0,0,1,0,"App\Models\MaintenanceIntervention",mutation,1,required,confirmed,0,maintenance,Manutenção,47G,medium,high,not_detected,,laravel_route_collection|resolved_middleware|controller_reflection|controller_source|policy_discovery|permission_catalog,remove_fixed_role;apply_permission:maintenance_requests.view;enforce_municipal_scope;preserve_active_mfa_log;add_http_security_tests
backoffice.maintenance.interventions.store,backoffice/maintenance/requests/{maintenanceRequest}/interventions,POST,"App\Http\Controllers\Backoffice\MaintenanceInterventionController",store,"web|auth|role:administrator,municipal_technician,jury,financial_manager,maintenance_manager,auditor",0,0,0,"role:administrator,municipal_technician,jury,financial_manager,maintenance_manager,auditor",,,1,1,maintenance_requests.create,0,"App\Policies\MaintenanceRequestPolicy",create,confirmed,"App\Http\Requests\StoreMaintenanceInterventionRequest",always_true,,0,,authenticated_user_and_route_bound_record,missing,0,0,1,0,"App\Models\MaintenanceRequest",mutation,1,required,confirmed,0,maintenance,Manutenção,47G,medium,high,route_name_reference,tests/Feature/Sprint15MaintenanceInspectionTest.php,laravel_route_collection|resolved_middleware|controller_reflection|controller_source|form_request_reflection|policy_discovery|permission_catalog|existing_test_route_reference,remove_fixed_role;apply_permission:maintenance_requests.create;enforce_municipal_scope;preserve_active_mfa_log;add_http_security_tests
backoffice.maintenance.requests.cancel,backoffice/maintenance/requests/{maintenanceRequest}/cancel,POST,"App\Http\Controllers\Backoffice\MaintenanceRequestController",cancel,"web|auth|role:administrator,municipal_technician,jury,financial_manager,maintenance_manager,auditor",0,0,0,"role:administrator,municipal_technician,jury,financial_manager,maintenance_manager,auditor",,,0,0,,0,"App\Policies\MaintenanceRequestPolicy",manage,confirmed,,none,,0,,authenticated_user_and_route_bound_record,missing,0,0,1,0,"App\Models\MaintenanceRequest",mutation,1,required,confirmed,0,maintenance,Manutenção,47G,medium,low,not_detected,,laravel_route_collection|resolved_middleware|controller_reflection|controller_source|policy_discovery,remove_fixed_role;define_semantic_permission;enforce_municipal_scope;preserve_active_mfa_log;add_http_security_tests
backoffice.maintenance.requests.close,backoffice/maintenance/requests/{maintenanceRequest}/close,POST,"App\Http\Controllers\Backoffice\MaintenanceRequestController",close,"web|auth|role:administrator,municipal_technician,jury,financial_manager,maintenance_manager,auditor",0,0,0,"role:administrator,municipal_technician,jury,financial_manager,maintenance_manager,auditor",,,1,1,maintenance_requests.update,0,"App\Policies\MaintenanceRequestPolicy",manage,confirmed,"App\Http\Requests\CloseMaintenanceRequestRequest",always_true,,0,,authenticated_user_and_route_bound_record,missing,0,0,1,0,"App\Models\MaintenanceRequest",mutation,1,required,confirmed,0,maintenance,Manutenção,47G,medium,high,route_name_reference,tests/Feature/QA26ContractsRentTenantPortalTest.php|tests/Feature/Sprint15MaintenanceInspectionTest.php,laravel_route_collection|resolved_middleware|controller_reflection|controller_source|form_request_reflection|policy_discovery|permission_catalog|existing_test_route_reference,remove_fixed_role;apply_permission:maintenance_requests.update;enforce_municipal_scope;preserve_active_mfa_log;add_http_security_tests
backoffice.maintenance.requests.create,backoffice/maintenance/requests/create,GET,"App\Http\Controllers\Backoffice\MaintenanceRequestController",create,"web|auth|role:administrator,municipal_technician,jury,financial_manager,maintenance_manager,auditor",0,0,0,"role:administrator,municipal_technician,jury,financial_manager,maintenance_manager,auditor",,,1,1,maintenance_requests.create,0,"App\Policies\MaintenanceRequestPolicy",create,confirmed,,none,,0,,authenticated_user_and_route_bound_record,missing,0,0,1,0,"App\Models\MaintenanceRequest",read,0,not_required,confirmed,0,maintenance,Manutenção,47G,medium,high,not_detected,,laravel_route_collection|resolved_middleware|controller_reflection|controller_source|policy_discovery|permission_catalog,remove_fixed_role;apply_permission:maintenance_requests.create;enforce_municipal_scope;preserve_active_mfa_log;add_http_security_tests
backoffice.maintenance.requests.edit,backoffice/maintenance/requests/{maintenanceRequest}/edit,GET,"App\Http\Controllers\Backoffice\MaintenanceRequestController",edit,"web|auth|role:administrator,municipal_technician,jury,financial_manager,maintenance_manager,auditor",0,0,0,"role:administrator,municipal_technician,jury,financial_manager,maintenance_manager,auditor",,,1,1,maintenance_requests.update,0,"App\Policies\MaintenanceRequestPolicy",update,confirmed,,none,,0,,authenticated_user_and_route_bound_record,missing,0,0,1,0,"App\Models\MaintenanceRequest",read,0,not_required,confirmed,0,maintenance,Manutenção,47G,medium,high,not_detected,,laravel_route_collection|resolved_middleware|controller_reflection|controller_source|policy_discovery|permission_catalog,remove_fixed_role;apply_permission:maintenance_requests.update;enforce_municipal_scope;preserve_active_mfa_log;add_http_security_tests
backoffice.maintenance.requests.index,backoffice/maintenance/requests,GET,"App\Http\Controllers\Backoffice\MaintenanceRequestController",index,"web|auth|role:administrator,municipal_technician,jury,financial_manager,maintenance_manager,auditor",0,0,0,"role:administrator,municipal_technician,jury,financial_manager,maintenance_manager,auditor",,,1,1,maintenance_requests.view,0,"App\Policies\MaintenanceRequestPolicy",viewAny,confirmed,,none,,0,,authenticated_user_and_route_bound_record,missing,0,0,1,0,"App\Models\MaintenanceRequest",read,0,not_required,confirmed,0,maintenance,Manutenção,47G,medium,high,route_name_reference,tests/Feature/Security/InitialMunicipalRoleProfilesTest.php|tests/Feature/Security/PermissionMatrixTest.php,laravel_route_collection|resolved_middleware|controller_reflection|controller_source|policy_discovery|permission_catalog|existing_test_route_reference,remove_fixed_role;apply_permission:maintenance_requests.view;enforce_municipal_scope;preserve_active_mfa_log;add_http_security_tests
backoffice.maintenance.requests.reject,backoffice/maintenance/requests/{maintenanceRequest}/reject,POST,"App\Http\Controllers\Backoffice\MaintenanceRequestController",reject,"web|auth|role:administrator,municipal_technician,jury,financial_manager,maintenance_manager,auditor",0,0,0,"role:administrator,municipal_technician,jury,financial_manager,maintenance_manager,auditor",,,1,1,maintenance_requests.reject,0,"App\Policies\MaintenanceRequestPolicy",reject,confirmed,"App\Http\Requests\RejectMaintenanceRequestRequest",always_true,,0,,authenticated_user_and_route_bound_record,missing,0,0,1,0,"App\Models\MaintenanceRequest",mutation,1,required,confirmed,0,maintenance,Manutenção,47G,medium,high,not_detected,,laravel_route_collection|resolved_middleware|controller_reflection|controller_source|form_request_reflection|policy_discovery|permission_catalog,remove_fixed_role;apply_permission:maintenance_requests.reject;enforce_municipal_scope;preserve_active_mfa_log;add_http_security_tests
backoffice.maintenance.requests.resolve,backoffice/maintenance/requests/{maintenanceRequest}/resolve,POST,"App\Http\Controllers\Backoffice\MaintenanceRequestController",resolve,"web|auth|role:administrator,municipal_technician,jury,financial_manager,maintenance_manager,auditor",0,0,0,"role:administrator,municipal_technician,jury,financial_manager,maintenance_manager,auditor",,,1,1,maintenance_requests.view,0,"App\Policies\MaintenanceRequestPolicy",manage,confirmed,"App\Http\Requests\ResolveMaintenanceRequestRequest",always_true,,0,,authenticated_user_and_route_bound_record,missing,0,0,1,0,"App\Models\MaintenanceRequest",mutation,1,required,confirmed,0,maintenance,Manutenção,47G,medium,high,route_name_reference,tests/Feature/QA26ContractsRentTenantPortalTest.php|tests/Feature/Sprint15MaintenanceInspectionTest.php,laravel_route_collection|resolved_middleware|controller_reflection|controller_source|form_request_reflection|policy_discovery|permission_catalog|existing_test_route_reference,remove_fixed_role;apply_permission:maintenance_requests.view;enforce_municipal_scope;preserve_active_mfa_log;add_http_security_tests
backoffice.maintenance.requests.review,backoffice/maintenance/requests/{maintenanceRequest}/review,POST,"App\Http\Controllers\Backoffice\MaintenanceRequestController",review,"web|auth|role:administrator,municipal_technician,jury,financial_manager,maintenance_manager,auditor",0,0,0,"role:administrator,municipal_technician,jury,financial_manager,maintenance_manager,auditor",,,1,1,maintenance_requests.update,0,"App\Policies\MaintenanceRequestPolicy",manage,confirmed,"App\Http\Requests\ReviewMaintenanceRequestRequest",always_true,,0,,authenticated_user_and_route_bound_record,missing,0,0,1,0,"App\Models\MaintenanceRequest",mutation,1,required,confirmed,0,maintenance,Manutenção,47G,medium,high,route_name_reference,tests/Feature/QA26ContractsRentTenantPortalTest.php|tests/Feature/Sprint15MaintenanceInspectionTest.php,laravel_route_collection|resolved_middleware|controller_reflection|controller_source|form_request_reflection|policy_discovery|permission_catalog|existing_test_route_reference,remove_fixed_role;apply_permission:maintenance_requests.update;enforce_municipal_scope;preserve_active_mfa_log;add_http_security_tests
backoffice.maintenance.requests.schedule,backoffice/maintenance/requests/{maintenanceRequest}/schedule,POST,"App\Http\Controllers\Backoffice\MaintenanceRequestController",schedule,"web|auth|role:administrator,municipal_technician,jury,financial_manager,maintenance_manager,auditor",0,0,0,"role:administrator,municipal_technician,jury,financial_manager,maintenance_manager,auditor",,,1,1,maintenance_requests.view,0,"App\Policies\MaintenanceRequestPolicy",manage,confirmed,,none,,0,,authenticated_user_and_route_bound_record,missing,0,0,1,0,"App\Models\MaintenanceRequest",mutation,1,required,confirmed,0,maintenance,Manutenção,47G,medium,high,not_detected,,laravel_route_collection|resolved_middleware|controller_reflection|controller_source|policy_discovery|permission_catalog,remove_fixed_role;apply_permission:maintenance_requests.view;enforce_municipal_scope;preserve_active_mfa_log;add_http_security_tests
backoffice.maintenance.requests.show,backoffice/maintenance/requests/{maintenanceRequest},GET,"App\Http\Controllers\Backoffice\MaintenanceRequestController",show,"web|auth|role:administrator,municipal_technician,jury,financial_manager,maintenance_manager,auditor",0,0,0,"role:administrator,municipal_technician,jury,financial_manager,maintenance_manager,auditor",,,1,1,maintenance_requests.view,0,"App\Policies\MaintenanceRequestPolicy",view,confirmed,,none,,0,,authenticated_user_and_route_bound_record,missing,0,0,1,0,"App\Models\MaintenanceRequest",read,0,not_required,confirmed,0,maintenance,Manutenção,47G,medium,high,route_name_reference,tests/Feature/QA26ContractsRentTenantPortalTest.php,laravel_route_collection|resolved_middleware|controller_reflection|controller_source|policy_discovery|permission_catalog|existing_test_route_reference,remove_fixed_role;apply_permission:maintenance_requests.view;enforce_municipal_scope;preserve_active_mfa_log;add_http_security_tests
backoffice.maintenance.requests.start,backoffice/maintenance/requests/{maintenanceRequest}/start,POST,"App\Http\Controllers\Backoffice\MaintenanceRequestController",start,"web|auth|role:administrator,municipal_technician,jury,financial_manager,maintenance_manager,auditor",0,0,0,"role:administrator,municipal_technician,jury,financial_manager,maintenance_manager,auditor",,,1,1,maintenance_requests.view,0,"App\Policies\MaintenanceRequestPolicy",manage,confirmed,,none,,0,,authenticated_user_and_route_bound_record,missing,0,0,1,0,"App\Models\MaintenanceRequest",mutation,1,required,confirmed,0,maintenance,Manutenção,47G,medium,high,route_name_reference,tests/Feature/QA26ContractsRentTenantPortalTest.php,laravel_route_collection|resolved_middleware|controller_reflection|controller_source|policy_discovery|permission_catalog|existing_test_route_reference,remove_fixed_role;apply_permission:maintenance_requests.view;enforce_municipal_scope;preserve_active_mfa_log;add_http_security_tests
backoffice.maintenance.requests.store,backoffice/maintenance/requests,POST,"App\Http\Controllers\Backoffice\MaintenanceRequestController",store,"web|auth|role:administrator,municipal_technician,jury,financial_manager,maintenance_manager,auditor",0,0,0,"role:administrator,municipal_technician,jury,financial_manager,maintenance_manager,auditor",,,1,1,maintenance_requests.create,0,"App\Policies\MaintenanceRequestPolicy",create,confirmed,"App\Http\Requests\StoreMaintenanceRequestRequest",always_true,,0,,authenticated_user_and_route_bound_record,missing,0,0,1,0,"App\Models\MaintenanceRequest",mutation,1,required,confirmed,0,maintenance,Manutenção,47G,medium,high,not_detected,,laravel_route_collection|resolved_middleware|controller_reflection|controller_source|form_request_reflection|policy_discovery|permission_catalog,remove_fixed_role;apply_permission:maintenance_requests.create;enforce_municipal_scope;preserve_active_mfa_log;add_http_security_tests
backoffice.maintenance.requests.update,backoffice/maintenance/requests/{maintenanceRequest},PUT|PATCH,"App\Http\Controllers\Backoffice\MaintenanceRequestController",update,"web|auth|role:administrator,municipal_technician,jury,financial_manager,maintenance_manager,auditor",0,0,0,"role:administrator,municipal_technician,jury,financial_manager,maintenance_manager,auditor",,,1,1,maintenance_requests.update,0,"App\Policies\MaintenanceRequestPolicy",update,confirmed,"App\Http\Requests\UpdateMaintenanceRequestRequest",always_true,,0,,authenticated_user_and_route_bound_record,missing,0,0,1,0,"App\Models\MaintenanceRequest",mutation,1,required,confirmed,0,maintenance,Manutenção,47G,medium,high,not_detected,,laravel_route_collection|resolved_middleware|controller_reflection|controller_source|form_request_reflection|policy_discovery|permission_catalog,remove_fixed_role;apply_permission:maintenance_requests.update;enforce_municipal_scope;preserve_active_mfa_log;add_http_security_tests
backoffice.maintenance.suppliers.create,backoffice/maintenance/suppliers/create,GET,"App\Http\Controllers\Backoffice\MaintenanceSupplierController",create,"web|auth|role:administrator,municipal_technician,jury,financial_manager,maintenance_manager,auditor",0,0,0,"role:administrator,municipal_technician,jury,financial_manager,maintenance_manager,auditor",,,1,1,maintenance_requests.create,0,"App\Policies\MaintenanceSupplierPolicy",create,confirmed,,none,,0,,authenticated_user_and_route_bound_record,missing,0,0,1,0,"App\Models\MaintenanceSupplier",read,0,not_required,unknown,0,maintenance,Manutenção,47G,medium,high,not_detected,,laravel_route_collection|resolved_middleware|controller_reflection|controller_source|policy_discovery|permission_catalog,remove_fixed_role;apply_permission:maintenance_requests.create;enforce_municipal_scope;preserve_active_mfa_log;add_http_security_tests
backoffice.maintenance.suppliers.edit,backoffice/maintenance/suppliers/{maintenanceSupplier}/edit,GET,"App\Http\Controllers\Backoffice\MaintenanceSupplierController",edit,"web|auth|role:administrator,municipal_technician,jury,financial_manager,maintenance_manager,auditor",0,0,0,"role:administrator,municipal_technician,jury,financial_manager,maintenance_manager,auditor",,,1,1,maintenance_requests.update,0,"App\Policies\MaintenanceSupplierPolicy",update,confirmed,,none,,0,,authenticated_user_and_route_bound_record,missing,0,0,1,0,"App\Models\MaintenanceSupplier",read,0,not_required,unknown,0,maintenance,Manutenção,47G,medium,high,not_detected,,laravel_route_collection|resolved_middleware|controller_reflection|controller_source|policy_discovery|permission_catalog,remove_fixed_role;apply_permission:maintenance_requests.update;enforce_municipal_scope;preserve_active_mfa_log;add_http_security_tests
backoffice.maintenance.suppliers.index,backoffice/maintenance/suppliers,GET,"App\Http\Controllers\Backoffice\MaintenanceSupplierController",index,"web|auth|role:administrator,municipal_technician,jury,financial_manager,maintenance_manager,auditor",0,0,0,"role:administrator,municipal_technician,jury,financial_manager,maintenance_manager,auditor",,,1,1,maintenance_requests.view,0,"App\Policies\MaintenanceSupplierPolicy",viewAny,confirmed,,none,,0,,authenticated_user_and_route_bound_record,missing,0,0,1,0,"App\Models\MaintenanceSupplier",read,0,not_required,unknown,0,maintenance,Manutenção,47G,medium,high,not_detected,,laravel_route_collection|resolved_middleware|controller_reflection|controller_source|policy_discovery|permission_catalog,remove_fixed_role;apply_permission:maintenance_requests.view;enforce_municipal_scope;preserve_active_mfa_log;add_http_security_tests
backoffice.maintenance.suppliers.show,backoffice/maintenance/suppliers/{maintenanceSupplier},GET,"App\Http\Controllers\Backoffice\MaintenanceSupplierController",show,"web|auth|role:administrator,municipal_technician,jury,financial_manager,maintenance_manager,auditor",0,0,0,"role:administrator,municipal_technician,jury,financial_manager,maintenance_manager,auditor",,,1,1,maintenance_requests.view,0,"App\Policies\MaintenanceSupplierPolicy",view,confirmed,,none,,0,,authenticated_user_and_route_bound_record,missing,0,0,1,0,"App\Models\MaintenanceSupplier",read,0,not_required,unknown,0,maintenance,Manutenção,47G,medium,high,not_detected,,laravel_route_collection|resolved_middleware|controller_reflection|controller_source|policy_discovery|permission_catalog,remove_fixed_role;apply_permission:maintenance_requests.view;enforce_municipal_scope;preserve_active_mfa_log;add_http_security_tests
backoffice.maintenance.suppliers.store,backoffice/maintenance/suppliers,POST,"App\Http\Controllers\Backoffice\MaintenanceSupplierController",store,"web|auth|role:administrator,municipal_technician,jury,financial_manager,maintenance_manager,auditor",0,0,0,"role:administrator,municipal_technician,jury,financial_manager,maintenance_manager,auditor",,,1,1,maintenance_requests.create,0,"App\Policies\MaintenanceSupplierPolicy",create,confirmed,"App\Http\Requests\StoreMaintenanceSupplierRequest",always_true,,0,,authenticated_user_and_route_bound_record,missing,0,0,1,0,"App\Models\MaintenanceSupplier",mutation,1,required,missing,0,maintenance,Manutenção,47G,medium,high,not_detected,,laravel_route_collection|resolved_middleware|controller_reflection|controller_source|form_request_reflection|policy_discovery|permission_catalog,remove_fixed_role;apply_permission:maintenance_requests.create;enforce_municipal_scope;preserve_active_mfa_log;add_http_security_tests
backoffice.maintenance.suppliers.update,backoffice/maintenance/suppliers/{maintenanceSupplier},PUT|PATCH,"App\Http\Controllers\Backoffice\MaintenanceSupplierController",update,"web|auth|role:administrator,municipal_technician,jury,financial_manager,maintenance_manager,auditor",0,0,0,"role:administrator,municipal_technician,jury,financial_manager,maintenance_manager,auditor",,,1,1,maintenance_requests.update,0,"App\Policies\MaintenanceSupplierPolicy",update,confirmed,"App\Http\Requests\UpdateMaintenanceSupplierRequest",always_true,,0,,authenticated_user_and_route_bound_record,missing,0,0,1,0,"App\Models\MaintenanceSupplier",mutation,1,required,missing,0,maintenance,Manutenção,47G,medium,high,not_detected,,laravel_route_collection|resolved_middleware|controller_reflection|controller_source|form_request_reflection|policy_discovery|permission_catalog,remove_fixed_role;apply_permission:maintenance_requests.update;enforce_municipal_scope;preserve_active_mfa_log;add_http_security_tests
backoffice.properties.technical-history,backoffice/properties/{housingUnit}/technical-history,GET,"App\Http\Controllers\Backoffice\PropertyTechnicalHistoryController",show,"web|auth|role:administrator,municipal_technician,jury,financial_manager,maintenance_manager,auditor",0,0,0,"role:administrator,municipal_technician,jury,financial_manager,maintenance_manager,auditor",,,1,1,maintenance_requests.view,0,"App\Policies\HousingUnitPolicy",viewAny,confirmed,,none,,0,,authenticated_user_and_route_bound_record,missing,0,0,1,0,"App\Models\HousingUnit",read,0,not_required,unknown,0,maintenance,Manutenção,47G,medium,high,not_detected,,laravel_route_collection|resolved_middleware|controller_reflection|controller_source|policy_discovery|permission_catalog,remove_fixed_role;apply_permission:maintenance_requests.view;enforce_municipal_scope;preserve_active_mfa_log;add_http_security_tests
maintenance-requests.create,maintenance-requests/create,GET,"App\Http\Controllers\MaintenanceRequestController",create,"web|auth|role:administrator,municipal_technician,jury,financial_manager,maintenance_manager,auditor",0,0,0,"role:administrator,municipal_technician,jury,financial_manager,maintenance_manager,auditor",,,1,1,maintenance_requests.create,0,"App\Policies\MaintenanceRequestPolicy",create,inferred,,none,,0,,authenticated_user_and_route_bound_record,missing,0,0,1,0,"App\Models\MaintenanceRequest",read,0,not_required,unknown,0,maintenance,Manutenção,47G,medium,high,not_detected,,laravel_route_collection|resolved_middleware|controller_reflection|controller_source|policy_discovery|permission_catalog,remove_fixed_role;apply_permission:maintenance_requests.create;enforce_municipal_scope;preserve_active_mfa_log;add_http_security_tests
maintenance-requests.destroy,maintenance-requests/{maintenance_request},DELETE,"App\Http\Controllers\MaintenanceRequestController",destroy,"web|auth|role:administrator,municipal_technician,jury,financial_manager,maintenance_manager,auditor",0,0,0,"role:administrator,municipal_technician,jury,financial_manager,maintenance_manager,auditor",,,1,1,maintenance_requests.delete,0,"App\Policies\MaintenanceRequestPolicy",delete,inferred,,none,,0,,authenticated_user_and_route_bound_record,missing,0,0,1,0,"App\Models\MaintenanceRequest",mutation,1,required,missing,0,maintenance,Manutenção,47G,medium,high,not_detected,,laravel_route_collection|resolved_middleware|controller_reflection|controller_source|policy_discovery|permission_catalog,remove_fixed_role;apply_permission:maintenance_requests.delete;enforce_municipal_scope;preserve_active_mfa_log;add_http_security_tests
maintenance-requests.edit,maintenance-requests/{maintenance_request}/edit,GET,"App\Http\Controllers\MaintenanceRequestController",edit,"web|auth|role:administrator,municipal_technician,jury,financial_manager,maintenance_manager,auditor",0,0,0,"role:administrator,municipal_technician,jury,financial_manager,maintenance_manager,auditor",,,1,1,maintenance_requests.update,0,"App\Policies\MaintenanceRequestPolicy",update,inferred,,none,,0,,authenticated_user_and_route_bound_record,missing,0,0,1,0,"App\Models\MaintenanceRequest",read,0,not_required,unknown,0,maintenance,Manutenção,47G,medium,high,not_detected,,laravel_route_collection|resolved_middleware|controller_reflection|controller_source|policy_discovery|permission_catalog,remove_fixed_role;apply_permission:maintenance_requests.update;enforce_municipal_scope;preserve_active_mfa_log;add_http_security_tests
maintenance-requests.index,maintenance-requests,GET,"App\Http\Controllers\MaintenanceRequestController",index,"web|auth|role:administrator,municipal_technician,jury,financial_manager,maintenance_manager,auditor",0,0,0,"role:administrator,municipal_technician,jury,financial_manager,maintenance_manager,auditor",,,1,1,maintenance_requests.view,0,"App\Policies\MaintenanceRequestPolicy",viewAny,inferred,,none,,0,,authenticated_user_and_route_bound_record,missing,0,0,1,0,"App\Models\MaintenanceRequest",read,0,not_required,unknown,0,maintenance,Manutenção,47G,medium,high,not_detected,,laravel_route_collection|resolved_middleware|controller_reflection|controller_source|policy_discovery|permission_catalog,remove_fixed_role;apply_permission:maintenance_requests.view;enforce_municipal_scope;preserve_active_mfa_log;add_http_security_tests
maintenance-requests.show,maintenance-requests/{maintenance_request},GET,"App\Http\Controllers\MaintenanceRequestController",show,"web|auth|role:administrator,municipal_technician,jury,financial_manager,maintenance_manager,auditor",0,0,0,"role:administrator,municipal_technician,jury,financial_manager,maintenance_manager,auditor",,,1,1,maintenance_requests.view,0,"App\Policies\MaintenanceRequestPolicy",view,inferred,,none,,0,,authenticated_user_and_route_bound_record,missing,0,0,1,0,"App\Models\MaintenanceRequest",read,0,not_required,unknown,0,maintenance,Manutenção,47G,medium,high,not_detected,,laravel_route_collection|resolved_middleware|controller_reflection|controller_source|policy_discovery|permission_catalog,remove_fixed_role;apply_permission:maintenance_requests.view;enforce_municipal_scope;preserve_active_mfa_log;add_http_security_tests
maintenance-requests.store,maintenance-requests,POST,"App\Http\Controllers\MaintenanceRequestController",store,"web|auth|role:administrator,municipal_technician,jury,financial_manager,maintenance_manager,auditor",0,0,0,"role:administrator,municipal_technician,jury,financial_manager,maintenance_manager,auditor",,,1,1,maintenance_requests.create,0,"App\Policies\MaintenanceRequestPolicy",create,inferred,"App\Http\Requests\StoreMaintenanceRequest",always_true,,0,,authenticated_user_and_route_bound_record,missing,0,0,1,0,"App\Models\MaintenanceRequest",mutation,1,required,missing,0,maintenance,Manutenção,47G,medium,high,not_detected,,laravel_route_collection|resolved_middleware|controller_reflection|controller_source|form_request_reflection|policy_discovery|permission_catalog,remove_fixed_role;apply_permission:maintenance_requests.create;enforce_municipal_scope;preserve_active_mfa_log;add_http_security_tests
maintenance-requests.update,maintenance-requests/{maintenance_request},PUT|PATCH,"App\Http\Controllers\MaintenanceRequestController",update,"web|auth|role:administrator,municipal_technician,jury,financial_manager,maintenance_manager,auditor",0,0,0,"role:administrator,municipal_technician,jury,financial_manager,maintenance_manager,auditor",,,1,1,maintenance_requests.update,0,"App\Policies\MaintenanceRequestPolicy",update,inferred,"App\Http\Requests\UpdateMaintenanceRequest",always_true,,0,,authenticated_user_and_route_bound_record,missing,0,0,1,0,"App\Models\MaintenanceRequest",mutation,1,required,missing,0,maintenance,Manutenção,47G,medium,high,not_detected,,laravel_route_collection|resolved_middleware|controller_reflection|controller_source|form_request_reflection|policy_discovery|permission_catalog,remove_fixed_role;apply_permission:maintenance_requests.update;enforce_municipal_scope;preserve_active_mfa_log;add_http_security_tests
backoffice.housing-visits.cancel,backoffice/housing-visits/{housingVisit}/cancel,POST,"App\Http\Controllers\Backoffice\HousingVisitController",cancel,"web|auth|role:administrator,municipal_technician,jury,legal_manager,financial_manager,housing_manager,maintenance_manager,inspection_manager,support_agent,auditor|active.backoffice|mfa.backoffice|log.backoffice",1,1,1,"role:administrator,municipal_technician,jury,legal_manager,financial_manager,housing_manager,maintenance_manager,inspection_manager,support_agent,auditor",,,0,0,,0,"App\Policies\HousingVisitPolicy",cancel,confirmed,"App\Http\Requests\CancelVisitRequest",gate_or_policy,,0,,authenticated_user_and_route_bound_record,missing,0,0,1,0,"App\Models\HousingVisit",mutation,1,required,missing,0,visits,Visitas,47G,medium,low,not_detected,,laravel_route_collection|resolved_middleware|controller_reflection|controller_source|form_request_reflection|policy_discovery,remove_fixed_role;define_semantic_permission;enforce_municipal_scope;preserve_active_mfa_log;add_http_security_tests
backoffice.housing-visits.complete,backoffice/housing-visits/{housingVisit}/complete,POST,"App\Http\Controllers\Backoffice\HousingVisitController",complete,"web|auth|role:administrator,municipal_technician,jury,legal_manager,financial_manager,housing_manager,maintenance_manager,inspection_manager,support_agent,auditor|active.backoffice|mfa.backoffice|log.backoffice",1,1,1,"role:administrator,municipal_technician,jury,legal_manager,financial_manager,housing_manager,maintenance_manager,inspection_manager,support_agent,auditor",,,0,0,,0,"App\Policies\HousingVisitPolicy",approve,confirmed,"App\Http\Requests\CompleteVisitRequest",gate_or_policy,,0,,authenticated_user_and_route_bound_record,missing,0,0,1,0,"App\Models\HousingVisit",mutation,1,required,missing,0,visits,Visitas,47G,medium,low,route_name_reference,tests/Feature/Backoffice/HousingVisitManagementTest.php|tests/Feature/Sprint22CandidateSupportTest.php,laravel_route_collection|resolved_middleware|controller_reflection|controller_source|form_request_reflection|policy_discovery|existing_test_route_reference,remove_fixed_role;define_semantic_permission;enforce_municipal_scope;preserve_active_mfa_log;add_http_security_tests
backoffice.housing-visits.confirm,backoffice/housing-visits/{housingVisit}/confirm,POST,"App\Http\Controllers\Backoffice\HousingVisitController",confirm,"web|auth|role:administrator,municipal_technician,jury,legal_manager,financial_manager,housing_manager,maintenance_manager,inspection_manager,support_agent,auditor|active.backoffice|mfa.backoffice|log.backoffice",1,1,1,"role:administrator,municipal_technician,jury,legal_manager,financial_manager,housing_manager,maintenance_manager,inspection_manager,support_agent,auditor",,,0,0,,0,"App\Policies\HousingVisitPolicy",approve,confirmed,,none,,0,,authenticated_user_and_route_bound_record,missing,0,0,1,0,"App\Models\HousingVisit",mutation,1,required,missing,0,visits,Visitas,47G,medium,low,route_name_reference,tests/Feature/Sprint22CandidateSupportTest.php,laravel_route_collection|resolved_middleware|controller_reflection|controller_source|policy_discovery|existing_test_route_reference,remove_fixed_role;define_semantic_permission;enforce_municipal_scope;preserve_active_mfa_log;add_http_security_tests
backoffice.housing-visits.index,backoffice/housing-visits,GET,"App\Http\Controllers\Backoffice\HousingVisitController",index,"web|auth|role:administrator,municipal_technician,jury,legal_manager,financial_manager,housing_manager,maintenance_manager,inspection_manager,support_agent,auditor|active.backoffice|mfa.backoffice|log.backoffice",1,1,1,"role:administrator,municipal_technician,jury,legal_manager,financial_manager,housing_manager,maintenance_manager,inspection_manager,support_agent,auditor",,,1,1,visits.view,0,"App\Policies\HousingVisitPolicy",viewAny,confirmed,,none,,0,,authenticated_user_and_route_bound_record,missing,0,0,1,0,"App\Models\HousingVisit",read,0,not_required,unknown,0,visits,Visitas,47G,medium,high,route_name_reference,tests/Feature/Operations/MunicipalSmokeReadinessTest.php,laravel_route_collection|resolved_middleware|controller_reflection|controller_source|policy_discovery|permission_catalog|existing_test_route_reference,remove_fixed_role;apply_permission:visits.view;enforce_municipal_scope;preserve_active_mfa_log;add_http_security_tests
backoffice.housing-visits.no-show,backoffice/housing-visits/{housingVisit}/no-show,POST,"App\Http\Controllers\Backoffice\HousingVisitController",noShow,"web|auth|role:administrator,municipal_technician,jury,legal_manager,financial_manager,housing_manager,maintenance_manager,inspection_manager,support_agent,auditor|active.backoffice|mfa.backoffice|log.backoffice",1,1,1,"role:administrator,municipal_technician,jury,legal_manager,financial_manager,housing_manager,maintenance_manager,inspection_manager,support_agent,auditor",,,1,1,visits.view,0,"App\Policies\HousingVisitPolicy",approve,confirmed,"App\Http\Requests\CompleteVisitRequest",gate_or_policy,,0,,authenticated_user_and_route_bound_record,missing,0,0,1,0,"App\Models\HousingVisit",mutation,1,required,missing,0,visits,Visitas,47G,medium,high,route_name_reference,tests/Feature/Backoffice/HousingVisitManagementTest.php,laravel_route_collection|resolved_middleware|controller_reflection|controller_source|form_request_reflection|policy_discovery|permission_catalog|existing_test_route_reference,remove_fixed_role;apply_permission:visits.view;enforce_municipal_scope;preserve_active_mfa_log;add_http_security_tests
backoffice.housing-visits.reject,backoffice/housing-visits/{housingVisit}/reject,POST,"App\Http\Controllers\Backoffice\HousingVisitController",reject,"web|auth|role:administrator,municipal_technician,jury,legal_manager,financial_manager,housing_manager,maintenance_manager,inspection_manager,support_agent,auditor|active.backoffice|mfa.backoffice|log.backoffice",1,1,1,"role:administrator,municipal_technician,jury,legal_manager,financial_manager,housing_manager,maintenance_manager,inspection_manager,support_agent,auditor",,,1,1,visits.reject,0,"App\Policies\HousingVisitPolicy",reject,confirmed,"App\Http\Requests\RejectVisitRequest",gate_or_policy,,0,,authenticated_user_and_route_bound_record,missing,0,0,1,0,"App\Models\HousingVisit",mutation,1,required,missing,0,visits,Visitas,47G,medium,high,route_name_reference,tests/Feature/Backoffice/HousingVisitManagementTest.php,laravel_route_collection|resolved_middleware|controller_reflection|controller_source|form_request_reflection|policy_discovery|permission_catalog|existing_test_route_reference,remove_fixed_role;apply_permission:visits.reject;enforce_municipal_scope;preserve_active_mfa_log;add_http_security_tests
backoffice.housing-visits.show,backoffice/housing-visits/{housingVisit},GET,"App\Http\Controllers\Backoffice\HousingVisitController",show,"web|auth|role:administrator,municipal_technician,jury,legal_manager,financial_manager,housing_manager,maintenance_manager,inspection_manager,support_agent,auditor|active.backoffice|mfa.backoffice|log.backoffice",1,1,1,"role:administrator,municipal_technician,jury,legal_manager,financial_manager,housing_manager,maintenance_manager,inspection_manager,support_agent,auditor",,,1,1,visits.view,0,"App\Policies\HousingVisitPolicy",view,confirmed,,none,,0,,authenticated_user_and_route_bound_record,missing,0,0,1,0,"App\Models\HousingVisit",read,0,not_required,unknown,0,visits,Visitas,47G,medium,high,route_name_reference,tests/Feature/Backoffice/HousingVisitManagementTest.php,laravel_route_collection|resolved_middleware|controller_reflection|controller_source|policy_discovery|permission_catalog|existing_test_route_reference,remove_fixed_role;apply_permission:visits.view;enforce_municipal_scope;preserve_active_mfa_log;add_http_security_tests
backoffice.visit-availabilities.create,backoffice/visit-availabilities/create,GET,"App\Http\Controllers\Backoffice\VisitAvailabilityController",create,"web|auth|role:administrator,municipal_technician,jury,legal_manager,financial_manager,housing_manager,maintenance_manager,inspection_manager,support_agent,auditor|active.backoffice|mfa.backoffice|log.backoffice",1,1,1,"role:administrator,municipal_technician,jury,legal_manager,financial_manager,housing_manager,maintenance_manager,inspection_manager,support_agent,auditor",,,1,1,visits.create,0,"App\Policies\VisitAvailabilityPolicy",create,confirmed,,none,,0,,authenticated_user_and_route_bound_record,missing,0,0,1,0,"App\Models\VisitAvailability",read,0,not_required,confirmed,0,visits,Visitas,47G,medium,high,route_name_reference,tests/Feature/Backoffice/HousingVisitManagementTest.php,laravel_route_collection|resolved_middleware|controller_reflection|controller_source|policy_discovery|permission_catalog|existing_test_route_reference,remove_fixed_role;apply_permission:visits.create;enforce_municipal_scope;preserve_active_mfa_log;add_http_security_tests
backoffice.visit-availabilities.destroy,backoffice/visit-availabilities/{visitAvailability},DELETE,"App\Http\Controllers\Backoffice\VisitAvailabilityController",destroy,"web|auth|role:administrator,municipal_technician,jury,legal_manager,financial_manager,housing_manager,maintenance_manager,inspection_manager,support_agent,auditor|active.backoffice|mfa.backoffice|log.backoffice",1,1,1,"role:administrator,municipal_technician,jury,legal_manager,financial_manager,housing_manager,maintenance_manager,inspection_manager,support_agent,auditor",,,1,1,visits.delete,0,"App\Policies\VisitAvailabilityPolicy",delete,confirmed,,none,,0,,authenticated_user_and_route_bound_record,missing,0,0,1,0,"App\Models\VisitAvailability",mutation,1,required,confirmed,0,visits,Visitas,47G,medium,high,not_detected,,laravel_route_collection|resolved_middleware|controller_reflection|controller_source|policy_discovery|permission_catalog,remove_fixed_role;apply_permission:visits.delete;enforce_municipal_scope;preserve_active_mfa_log;add_http_security_tests
backoffice.visit-availabilities.edit,backoffice/visit-availabilities/{visitAvailability}/edit,GET,"App\Http\Controllers\Backoffice\VisitAvailabilityController",edit,"web|auth|role:administrator,municipal_technician,jury,legal_manager,financial_manager,housing_manager,maintenance_manager,inspection_manager,support_agent,auditor|active.backoffice|mfa.backoffice|log.backoffice",1,1,1,"role:administrator,municipal_technician,jury,legal_manager,financial_manager,housing_manager,maintenance_manager,inspection_manager,support_agent,auditor",,,1,1,visits.update,0,"App\Policies\VisitAvailabilityPolicy",update,confirmed,,none,,0,,authenticated_user_and_route_bound_record,missing,0,0,1,0,"App\Models\VisitAvailability",read,0,not_required,confirmed,0,visits,Visitas,47G,medium,high,not_detected,,laravel_route_collection|resolved_middleware|controller_reflection|controller_source|policy_discovery|permission_catalog,remove_fixed_role;apply_permission:visits.update;enforce_municipal_scope;preserve_active_mfa_log;add_http_security_tests
backoffice.visit-availabilities.index,backoffice/visit-availabilities,GET,"App\Http\Controllers\Backoffice\VisitAvailabilityController",index,"web|auth|role:administrator,municipal_technician,jury,legal_manager,financial_manager,housing_manager,maintenance_manager,inspection_manager,support_agent,auditor|active.backoffice|mfa.backoffice|log.backoffice",1,1,1,"role:administrator,municipal_technician,jury,legal_manager,financial_manager,housing_manager,maintenance_manager,inspection_manager,support_agent,auditor",,,1,1,visits.view,0,"App\Policies\VisitAvailabilityPolicy",viewAny,confirmed,,none,,0,,authenticated_user_and_route_bound_record,missing,0,0,1,0,"App\Models\VisitAvailability",read,0,not_required,confirmed,0,visits,Visitas,47G,medium,high,route_name_reference,tests/Feature/Backoffice/HousingVisitManagementTest.php,laravel_route_collection|resolved_middleware|controller_reflection|controller_source|policy_discovery|permission_catalog|existing_test_route_reference,remove_fixed_role;apply_permission:visits.view;enforce_municipal_scope;preserve_active_mfa_log;add_http_security_tests
backoffice.visit-availabilities.show,backoffice/visit-availabilities/{visitAvailability},GET,"App\Http\Controllers\Backoffice\VisitAvailabilityController",show,"web|auth|role:administrator,municipal_technician,jury,legal_manager,financial_manager,housing_manager,maintenance_manager,inspection_manager,support_agent,auditor|active.backoffice|mfa.backoffice|log.backoffice",1,1,1,"role:administrator,municipal_technician,jury,legal_manager,financial_manager,housing_manager,maintenance_manager,inspection_manager,support_agent,auditor",,,1,1,visits.view,0,"App\Policies\VisitAvailabilityPolicy",view,confirmed,,none,,0,,authenticated_user_and_route_bound_record,missing,0,0,1,0,"App\Models\VisitAvailability",read,0,not_required,confirmed,0,visits,Visitas,47G,medium,high,route_name_reference,tests/Feature/Backoffice/HousingVisitManagementTest.php,laravel_route_collection|resolved_middleware|controller_reflection|controller_source|policy_discovery|permission_catalog|existing_test_route_reference,remove_fixed_role;apply_permission:visits.view;enforce_municipal_scope;preserve_active_mfa_log;add_http_security_tests
backoffice.visit-availabilities.slots.generate,backoffice/visit-availabilities/{visitAvailability}/slots,POST,"App\Http\Controllers\Backoffice\VisitAvailabilityController",generateSlots,"web|auth|role:administrator,municipal_technician,jury,legal_manager,financial_manager,housing_manager,maintenance_manager,inspection_manager,support_agent,auditor|active.backoffice|mfa.backoffice|log.backoffice",1,1,1,"role:administrator,municipal_technician,jury,legal_manager,financial_manager,housing_manager,maintenance_manager,inspection_manager,support_agent,auditor",,,0,0,,0,"App\Policies\VisitAvailabilityPolicy",update,confirmed,"App\Http\Requests\GenerateVisitSlotsRequest",gate_or_policy,,0,,authenticated_user_and_route_bound_record,missing,0,0,1,0,"App\Models\VisitAvailability",mutation,1,required,confirmed,0,visits,Visitas,47G,medium,low,route_name_reference,tests/Feature/Sprint22CandidateSupportTest.php,laravel_route_collection|resolved_middleware|controller_reflection|controller_source|form_request_reflection|policy_discovery|existing_test_route_reference,remove_fixed_role;define_semantic_permission;enforce_municipal_scope;preserve_active_mfa_log;add_http_security_tests
backoffice.visit-availabilities.store,backoffice/visit-availabilities,POST,"App\Http\Controllers\Backoffice\VisitAvailabilityController",store,"web|auth|role:administrator,municipal_technician,jury,legal_manager,financial_manager,housing_manager,maintenance_manager,inspection_manager,support_agent,auditor|active.backoffice|mfa.backoffice|log.backoffice",1,1,1,"role:administrator,municipal_technician,jury,legal_manager,financial_manager,housing_manager,maintenance_manager,inspection_manager,support_agent,auditor",,,1,1,visits.create,0,"App\Policies\VisitAvailabilityPolicy",create,confirmed,"App\Http\Requests\StoreVisitAvailabilityRequest",gate_or_policy,,0,,authenticated_user_and_route_bound_record,missing,0,0,1,0,"App\Models\VisitAvailability",mutation,1,required,confirmed,0,visits,Visitas,47G,medium,high,route_name_reference,tests/Feature/Sprint22CandidateSupportTest.php,laravel_route_collection|resolved_middleware|controller_reflection|controller_source|form_request_reflection|policy_discovery|permission_catalog|existing_test_route_reference,remove_fixed_role;apply_permission:visits.create;enforce_municipal_scope;preserve_active_mfa_log;add_http_security_tests
backoffice.visit-availabilities.update,backoffice/visit-availabilities/{visitAvailability},PUT|PATCH,"App\Http\Controllers\Backoffice\VisitAvailabilityController",update,"web|auth|role:administrator,municipal_technician,jury,legal_manager,financial_manager,housing_manager,maintenance_manager,inspection_manager,support_agent,auditor|active.backoffice|mfa.backoffice|log.backoffice",1,1,1,"role:administrator,municipal_technician,jury,legal_manager,financial_manager,housing_manager,maintenance_manager,inspection_manager,support_agent,auditor",,,1,1,visits.update,0,"App\Policies\VisitAvailabilityPolicy",update,inferred,"App\Http\Requests\UpdateVisitAvailabilityRequest",gate_or_policy,,0,,authenticated_user_and_route_bound_record,missing,0,0,1,0,"App\Models\VisitAvailability",mutation,1,required,confirmed,0,visits,Visitas,47G,medium,high,not_detected,,laravel_route_collection|resolved_middleware|controller_reflection|controller_source|form_request_reflection|policy_discovery|permission_catalog,remove_fixed_role;apply_permission:visits.update;enforce_municipal_scope;preserve_active_mfa_log;add_http_security_tests
backoffice.visit-slots.block,backoffice/visit-slots/{visitSlot}/block,POST,"App\Http\Controllers\Backoffice\VisitSlotController",block,"web|auth|role:administrator,municipal_technician,jury,legal_manager,financial_manager,housing_manager,maintenance_manager,inspection_manager,support_agent,auditor|active.backoffice|mfa.backoffice|log.backoffice",1,1,1,"role:administrator,municipal_technician,jury,legal_manager,financial_manager,housing_manager,maintenance_manager,inspection_manager,support_agent,auditor",,,0,0,,0,"App\Policies\VisitSlotPolicy",update,confirmed,,none,,0,,authenticated_user_and_route_bound_record,missing,0,0,1,0,"App\Models\VisitSlot",mutation,1,required,confirmed,0,visits,Visitas,47G,medium,low,not_detected,,laravel_route_collection|resolved_middleware|controller_reflection|controller_source|policy_discovery,remove_fixed_role;define_semantic_permission;enforce_municipal_scope;preserve_active_mfa_log;add_http_security_tests
backoffice.visit-slots.index,backoffice/visit-slots,GET,"App\Http\Controllers\Backoffice\VisitSlotController",index,"web|auth|role:administrator,municipal_technician,jury,legal_manager,financial_manager,housing_manager,maintenance_manager,inspection_manager,support_agent,auditor|active.backoffice|mfa.backoffice|log.backoffice",1,1,1,"role:administrator,municipal_technician,jury,legal_manager,financial_manager,housing_manager,maintenance_manager,inspection_manager,support_agent,auditor",,,1,1,visits.view,0,"App\Policies\VisitSlotPolicy",viewAny,confirmed,,none,,0,,authenticated_user_and_route_bound_record,missing,0,0,1,0,"App\Models\VisitSlot",read,0,not_required,confirmed,0,visits,Visitas,47G,medium,high,route_name_reference,tests/Feature/Backoffice/HousingVisitManagementTest.php,laravel_route_collection|resolved_middleware|controller_reflection|controller_source|policy_discovery|permission_catalog|existing_test_route_reference,remove_fixed_role;apply_permission:visits.view;enforce_municipal_scope;preserve_active_mfa_log;add_http_security_tests
backoffice.visit-slots.unblock,backoffice/visit-slots/{visitSlot}/unblock,POST,"App\Http\Controllers\Backoffice\VisitSlotController",unblock,"web|auth|role:administrator,municipal_technician,jury,legal_manager,financial_manager,housing_manager,maintenance_manager,inspection_manager,support_agent,auditor|active.backoffice|mfa.backoffice|log.backoffice",1,1,1,"role:administrator,municipal_technician,jury,legal_manager,financial_manager,housing_manager,maintenance_manager,inspection_manager,support_agent,auditor",,,0,0,,0,"App\Policies\VisitSlotPolicy",update,confirmed,,none,,0,,authenticated_user_and_route_bound_record,missing,0,0,1,0,"App\Models\VisitSlot",mutation,1,required,confirmed,0,visits,Visitas,47G,medium,low,not_detected,,laravel_route_collection|resolved_middleware|controller_reflection|controller_source|policy_discovery,remove_fixed_role;define_semantic_permission;enforce_municipal_scope;preserve_active_mfa_log;add_http_security_tests
backoffice.procedure-minutes.download,backoffice/procedure-minutes/{procedureMinute}/download,GET,"App\Http\Controllers\Backoffice\ProcedureMinuteController",download,"web|auth|role:administrator,municipal_technician,jury,financial_manager,maintenance_manager,auditor",0,0,0,"role:administrator,municipal_technician,jury,financial_manager,maintenance_manager,auditor",,,0,0,,0,"App\Policies\ProcedureMinutePolicy",download,confirmed,,none,,0,,authenticated_user_and_route_bound_record,missing,0,0,1,0,"App\Models\ProcedureMinute",read,1,recommended,confirmed,1,communications,Comunicações,47H,critical,low,not_detected,,laravel_route_collection|resolved_middleware|controller_reflection|controller_source|policy_discovery,remove_fixed_role;define_semantic_permission;enforce_municipal_scope;preserve_active_mfa_log;add_http_security_tests
backoffice.support-ticket-attachments.download,backoffice/support-ticket-attachments/{supportTicketAttachment}/download,GET,"App\Http\Controllers\Backoffice\SupportTicketAttachmentController",download,"web|auth|role:administrator,municipal_technician,jury,legal_manager,financial_manager,housing_manager,maintenance_manager,inspection_manager,support_agent,auditor|active.backoffice|mfa.backoffice|log.backoffice",1,1,1,"role:administrator,municipal_technician,jury,legal_manager,financial_manager,housing_manager,maintenance_manager,inspection_manager,support_agent,auditor",,,0,0,,0,"App\Policies\SupportTicketAttachmentPolicy",view,confirmed,,none,,0,,authenticated_user_and_route_bound_record,missing,0,0,1,0,"App\Models\SupportTicketAttachment",read,1,recommended,unknown,1,communications,Comunicações,47H,critical,low,not_detected,,laravel_route_collection|resolved_middleware|controller_reflection|controller_source|policy_discovery,remove_fixed_role;define_semantic_permission;enforce_municipal_scope;preserve_active_mfa_log;add_http_security_tests
backoffice.communications.deliveries.postal,backoffice/communications/deliveries/{communicationDelivery}/postal,POST,"App\Http\Controllers\Backoffice\CommunicationDeliveryController",registerPostal,"web|auth|role:administrator,municipal_technician,jury,financial_manager,maintenance_manager,auditor",0,0,0,"role:administrator,municipal_technician,jury,financial_manager,maintenance_manager,auditor",,,1,1,notifications.view,0,"App\Policies\CommunicationDeliveryPolicy",update,confirmed,"App\Http\Requests\RegisterPostalDeliveryRequest",always_true,,0,,authenticated_user_and_route_bound_record,missing,0,0,1,0,"App\Models\CommunicationDelivery",mutation,1,required,missing,1,communications,Comunicações,47H,medium,high,not_detected,,laravel_route_collection|resolved_middleware|controller_reflection|controller_source|form_request_reflection|policy_discovery|permission_catalog,remove_fixed_role;apply_permission:notifications.view;enforce_municipal_scope;preserve_active_mfa_log;add_http_security_tests
backoffice.communications.deliveries.resend,backoffice/communications/deliveries/{communicationDelivery}/resend,POST,"App\Http\Controllers\Backoffice\CommunicationDeliveryController",resend,"web|auth|role:administrator,municipal_technician,jury,financial_manager,maintenance_manager,auditor",0,0,0,"role:administrator,municipal_technician,jury,financial_manager,maintenance_manager,auditor",,,1,1,notifications.view,0,"App\Policies\CommunicationDeliveryPolicy",update,confirmed,,none,,0,,authenticated_user_and_route_bound_record,missing,0,0,1,0,"App\Models\CommunicationDelivery",mutation,1,required,missing,1,communications,Comunicações,47H,medium,high,not_detected,,laravel_route_collection|resolved_middleware|controller_reflection|controller_source|policy_discovery|permission_catalog,remove_fixed_role;apply_permission:notifications.view;enforce_municipal_scope;preserve_active_mfa_log;add_http_security_tests
backoffice.communications.logs.archive,backoffice/communications/logs/{communicationLog}/archive,POST,"App\Http\Controllers\Backoffice\CommunicationLogController",archive,"web|auth|role:administrator,municipal_technician,jury,financial_manager,maintenance_manager,auditor",0,0,0,"role:administrator,municipal_technician,jury,financial_manager,maintenance_manager,auditor",,,1,1,notifications.update,0,"App\Policies\CommunicationLogPolicy",update,confirmed,,none,,0,,authenticated_user_and_route_bound_record,missing,0,0,1,0,"App\Models\CommunicationLog",mutation,1,required,confirmed,1,communications,Comunicações,47H,medium,high,not_detected,,laravel_route_collection|resolved_middleware|controller_reflection|controller_source|policy_discovery|permission_catalog,remove_fixed_role;apply_permission:notifications.update;enforce_municipal_scope;preserve_active_mfa_log;add_http_security_tests
backoffice.communications.logs.cancel,backoffice/communications/logs/{communicationLog}/cancel,POST,"App\Http\Controllers\Backoffice\CommunicationLogController",cancel,"web|auth|role:administrator,municipal_technician,jury,financial_manager,maintenance_manager,auditor",0,0,0,"role:administrator,municipal_technician,jury,financial_manager,maintenance_manager,auditor",,,0,0,,0,"App\Policies\CommunicationLogPolicy",update,confirmed,,none,,0,,authenticated_user_and_route_bound_record,missing,0,0,1,0,"App\Models\CommunicationLog",mutation,1,required,confirmed,1,communications,Comunicações,47H,medium,low,not_detected,,laravel_route_collection|resolved_middleware|controller_reflection|controller_source|policy_discovery,remove_fixed_role;define_semantic_permission;enforce_municipal_scope;preserve_active_mfa_log;add_http_security_tests
backoffice.communications.logs.index,backoffice/communications/logs,GET,"App\Http\Controllers\Backoffice\CommunicationLogController",index,"web|auth|role:administrator,municipal_technician,jury,financial_manager,maintenance_manager,auditor",0,0,0,"role:administrator,municipal_technician,jury,financial_manager,maintenance_manager,auditor",,,1,1,notifications.view,0,"App\Policies\CommunicationLogPolicy",viewAny,confirmed,,none,,0,,authenticated_user_and_route_bound_record,missing,0,0,1,0,"App\Models\CommunicationLog",read,0,recommended,confirmed,1,communications,Comunicações,47H,medium,high,route_name_reference,tests/Feature/Sprint16CommunicationsTest.php,laravel_route_collection|resolved_middleware|controller_reflection|controller_source|policy_discovery|permission_catalog|existing_test_route_reference,remove_fixed_role;apply_permission:notifications.view;enforce_municipal_scope;preserve_active_mfa_log;add_http_security_tests
backoffice.communications.logs.show,backoffice/communications/logs/{communicationLog},GET,"App\Http\Controllers\Backoffice\CommunicationLogController",show,"web|auth|role:administrator,municipal_technician,jury,financial_manager,maintenance_manager,auditor",0,0,0,"role:administrator,municipal_technician,jury,financial_manager,maintenance_manager,auditor",,,1,1,notifications.view,0,"App\Policies\CommunicationLogPolicy",view,confirmed,,none,,0,,authenticated_user_and_route_bound_record,missing,0,0,1,0,"App\Models\CommunicationLog",read,0,recommended,confirmed,1,communications,Comunicações,47H,medium,high,not_detected,,laravel_route_collection|resolved_middleware|controller_reflection|controller_source|policy_discovery|permission_catalog,remove_fixed_role;apply_permission:notifications.view;enforce_municipal_scope;preserve_active_mfa_log;add_http_security_tests
backoffice.communications.logs.store,backoffice/communications/logs,POST,"App\Http\Controllers\Backoffice\CommunicationLogController",store,"web|auth|role:administrator,municipal_technician,jury,financial_manager,maintenance_manager,auditor",0,0,0,"role:administrator,municipal_technician,jury,financial_manager,maintenance_manager,auditor",,,1,1,notifications.create,0,"App\Policies\CommunicationLogPolicy",create,confirmed,"App\Http\Requests\StoreCommunicationLogRequest",always_true,,0,,authenticated_user_and_route_bound_record,missing,0,0,1,0,"App\Models\CommunicationLog",mutation,1,required,confirmed,1,communications,Comunicações,47H,medium,high,route_name_reference,tests/Feature/Sprint16CommunicationsTest.php,laravel_route_collection|resolved_middleware|controller_reflection|controller_source|form_request_reflection|policy_discovery|permission_catalog|existing_test_route_reference,remove_fixed_role;apply_permission:notifications.create;enforce_municipal_scope;preserve_active_mfa_log;add_http_security_tests
backoffice.communications.variables.index,backoffice/communications/variables,GET,"App\Http\Controllers\Backoffice\TemplateVariableController",index,"web|auth|role:administrator,municipal_technician,jury,financial_manager,maintenance_manager,auditor",0,0,0,"role:administrator,municipal_technician,jury,financial_manager,maintenance_manager,auditor",,,1,1,notifications.view,0,"App\Policies\TemplateVariablePolicy",viewAny,confirmed,,none,,0,,authenticated_user_and_route_bound_record,missing,0,0,1,0,"App\Models\TemplateVariable",read,0,recommended,unknown,1,communications,Comunicações,47H,medium,high,not_detected,,laravel_route_collection|resolved_middleware|controller_reflection|controller_source|policy_discovery|permission_catalog,remove_fixed_role;apply_permission:notifications.view;enforce_municipal_scope;preserve_active_mfa_log;add_http_security_tests
backoffice.communications.variables.store,backoffice/communications/variables,POST,"App\Http\Controllers\Backoffice\TemplateVariableController",store,"web|auth|role:administrator,municipal_technician,jury,financial_manager,maintenance_manager,auditor",0,0,0,"role:administrator,municipal_technician,jury,financial_manager,maintenance_manager,auditor",,,1,1,notifications.create,0,"App\Policies\TemplateVariablePolicy",create,confirmed,"App\Http\Requests\StoreTemplateVariableRequest",always_true,,0,,authenticated_user_and_route_bound_record,missing,0,0,1,0,"App\Models\TemplateVariable",mutation,1,required,missing,1,communications,Comunicações,47H,medium,high,not_detected,,laravel_route_collection|resolved_middleware|controller_reflection|controller_source|form_request_reflection|policy_discovery|permission_catalog,remove_fixed_role;apply_permission:notifications.create;enforce_municipal_scope;preserve_active_mfa_log;add_http_security_tests
backoffice.communications.variables.update,backoffice/communications/variables/{templateVariable},PUT|PATCH,"App\Http\Controllers\Backoffice\TemplateVariableController",update,"web|auth|role:administrator,municipal_technician,jury,financial_manager,maintenance_manager,auditor",0,0,0,"role:administrator,municipal_technician,jury,financial_manager,maintenance_manager,auditor",,,1,1,notifications.update,0,"App\Policies\TemplateVariablePolicy",update,confirmed,"App\Http\Requests\StoreTemplateVariableRequest",always_true,,0,,authenticated_user_and_route_bound_record,missing,0,0,1,0,"App\Models\TemplateVariable",mutation,1,required,missing,1,communications,Comunicações,47H,medium,high,not_detected,,laravel_route_collection|resolved_middleware|controller_reflection|controller_source|form_request_reflection|policy_discovery|permission_catalog,remove_fixed_role;apply_permission:notifications.update;enforce_municipal_scope;preserve_active_mfa_log;add_http_security_tests
backoffice.contextual-faqs.create,backoffice/contextual-faqs/create,GET,"App\Http\Controllers\Backoffice\ContextualFaqController",create,"web|auth|role:administrator,municipal_technician,jury,legal_manager,financial_manager,housing_manager,maintenance_manager,inspection_manager,support_agent,auditor|active.backoffice|mfa.backoffice|log.backoffice",1,1,1,"role:administrator,municipal_technician,jury,legal_manager,financial_manager,housing_manager,maintenance_manager,inspection_manager,support_agent,auditor",,,1,1,contextual_faqs.create,0,"App\Policies\ContextualFaqPolicy",create,confirmed,,none,,0,,authenticated_user_and_route_bound_record,missing,0,0,1,0,"App\Models\ContextualFaq",read,0,recommended,unknown,1,communications,Comunicações,47H,medium,high,not_detected,,laravel_route_collection|resolved_middleware|controller_reflection|controller_source|policy_discovery|permission_catalog,remove_fixed_role;apply_permission:contextual_faqs.create;enforce_municipal_scope;preserve_active_mfa_log;add_http_security_tests
backoffice.contextual-faqs.destroy,backoffice/contextual-faqs/{contextualFaq},DELETE,"App\Http\Controllers\Backoffice\ContextualFaqController",destroy,"web|auth|role:administrator,municipal_technician,jury,legal_manager,financial_manager,housing_manager,maintenance_manager,inspection_manager,support_agent,auditor|active.backoffice|mfa.backoffice|log.backoffice",1,1,1,"role:administrator,municipal_technician,jury,legal_manager,financial_manager,housing_manager,maintenance_manager,inspection_manager,support_agent,auditor",,,1,1,contextual_faqs.delete,0,"App\Policies\ContextualFaqPolicy",delete,confirmed,,none,,0,,authenticated_user_and_route_bound_record,missing,0,0,1,0,"App\Models\ContextualFaq",mutation,1,required,missing,1,communications,Comunicações,47H,medium,high,not_detected,,laravel_route_collection|resolved_middleware|controller_reflection|controller_source|policy_discovery|permission_catalog,remove_fixed_role;apply_permission:contextual_faqs.delete;enforce_municipal_scope;preserve_active_mfa_log;add_http_security_tests
backoffice.contextual-faqs.edit,backoffice/contextual-faqs/{contextualFaq}/edit,GET,"App\Http\Controllers\Backoffice\ContextualFaqController",edit,"web|auth|role:administrator,municipal_technician,jury,legal_manager,financial_manager,housing_manager,maintenance_manager,inspection_manager,support_agent,auditor|active.backoffice|mfa.backoffice|log.backoffice",1,1,1,"role:administrator,municipal_technician,jury,legal_manager,financial_manager,housing_manager,maintenance_manager,inspection_manager,support_agent,auditor",,,1,1,contextual_faqs.update,0,"App\Policies\ContextualFaqPolicy",update,confirmed,,none,,0,,authenticated_user_and_route_bound_record,missing,0,0,1,0,"App\Models\ContextualFaq",read,0,recommended,unknown,1,communications,Comunicações,47H,medium,high,not_detected,,laravel_route_collection|resolved_middleware|controller_reflection|controller_source|policy_discovery|permission_catalog,remove_fixed_role;apply_permission:contextual_faqs.update;enforce_municipal_scope;preserve_active_mfa_log;add_http_security_tests
backoffice.contextual-faqs.index,backoffice/contextual-faqs,GET,"App\Http\Controllers\Backoffice\ContextualFaqController",index,"web|auth|role:administrator,municipal_technician,jury,legal_manager,financial_manager,housing_manager,maintenance_manager,inspection_manager,support_agent,auditor|active.backoffice|mfa.backoffice|log.backoffice",1,1,1,"role:administrator,municipal_technician,jury,legal_manager,financial_manager,housing_manager,maintenance_manager,inspection_manager,support_agent,auditor",,,1,1,contextual_faqs.view,0,"App\Policies\ContextualFaqPolicy",viewAny,confirmed,,none,,0,,authenticated_user_and_route_bound_record,missing,0,0,1,0,"App\Models\ContextualFaq",read,0,recommended,unknown,1,communications,Comunicações,47H,medium,high,route_name_reference,tests/Feature/Operations/MunicipalSmokeReadinessTest.php,laravel_route_collection|resolved_middleware|controller_reflection|controller_source|policy_discovery|permission_catalog|existing_test_route_reference,remove_fixed_role;apply_permission:contextual_faqs.view;enforce_municipal_scope;preserve_active_mfa_log;add_http_security_tests
backoffice.contextual-faqs.store,backoffice/contextual-faqs,POST,"App\Http\Controllers\Backoffice\ContextualFaqController",store,"web|auth|role:administrator,municipal_technician,jury,legal_manager,financial_manager,housing_manager,maintenance_manager,inspection_manager,support_agent,auditor|active.backoffice|mfa.backoffice|log.backoffice",1,1,1,"role:administrator,municipal_technician,jury,legal_manager,financial_manager,housing_manager,maintenance_manager,inspection_manager,support_agent,auditor",,,1,1,contextual_faqs.create,0,"App\Policies\ContextualFaqPolicy",create,confirmed,"App\Http\Requests\StoreContextualFaqRequest",gate_or_policy,,0,,authenticated_user_and_route_bound_record,missing,0,0,1,0,"App\Models\ContextualFaq",mutation,1,required,missing,1,communications,Comunicações,47H,medium,high,not_detected,,laravel_route_collection|resolved_middleware|controller_reflection|controller_source|form_request_reflection|policy_discovery|permission_catalog,remove_fixed_role;apply_permission:contextual_faqs.create;enforce_municipal_scope;preserve_active_mfa_log;add_http_security_tests
backoffice.contextual-faqs.update,backoffice/contextual-faqs/{contextualFaq},PUT|PATCH,"App\Http\Controllers\Backoffice\ContextualFaqController",update,"web|auth|role:administrator,municipal_technician,jury,legal_manager,financial_manager,housing_manager,maintenance_manager,inspection_manager,support_agent,auditor|active.backoffice|mfa.backoffice|log.backoffice",1,1,1,"role:administrator,municipal_technician,jury,legal_manager,financial_manager,housing_manager,maintenance_manager,inspection_manager,support_agent,auditor",,,1,1,contextual_faqs.update,0,"App\Policies\ContextualFaqPolicy",update,confirmed,"App\Http\Requests\UpdateContextualFaqRequest",gate_or_policy,,0,,authenticated_user_and_route_bound_record,missing,0,0,1,0,"App\Models\ContextualFaq",mutation,1,required,missing,1,communications,Comunicações,47H,medium,high,not_detected,,laravel_route_collection|resolved_middleware|controller_reflection|controller_source|form_request_reflection|policy_discovery|permission_catalog,remove_fixed_role;apply_permission:contextual_faqs.update;enforce_municipal_scope;preserve_active_mfa_log;add_http_security_tests
backoffice.procedure-minutes.approve,backoffice/procedure-minutes/{procedureMinute}/approve,POST,"App\Http\Controllers\Backoffice\ProcedureMinuteController",approve,"web|auth|role:administrator,municipal_technician,jury,financial_manager,maintenance_manager,auditor",0,0,0,"role:administrator,municipal_technician,jury,financial_manager,maintenance_manager,auditor",,,0,0,,0,"App\Policies\ProcedureMinutePolicy",approve,confirmed,"App\Http\Requests\ApproveProcedureMinuteRequest",inherited,,0,,authenticated_user_and_route_bound_record,missing,0,0,1,0,"App\Models\ProcedureMinute",mutation,1,required,confirmed,1,communications,Comunicações,47H,medium,low,route_name_reference,tests/Feature/Backoffice/ProcedureMinuteManagementTest.php|tests/Feature/Sprint24BackofficeOperationalTest.php,laravel_route_collection|resolved_middleware|controller_reflection|controller_source|form_request_reflection|policy_discovery|existing_test_route_reference,remove_fixed_role;define_semantic_permission;enforce_municipal_scope;preserve_active_mfa_log;add_http_security_tests
backoffice.procedure-minutes.destroy,backoffice/procedure-minutes/{procedureMinute},DELETE,"App\Http\Controllers\Backoffice\ProcedureMinuteController",destroy,"web|auth|role:administrator,municipal_technician,jury,financial_manager,maintenance_manager,auditor",0,0,0,"role:administrator,municipal_technician,jury,financial_manager,maintenance_manager,auditor",,,1,1,notifications.delete,0,"App\Policies\ProcedureMinutePolicy",delete,confirmed,,none,,0,,authenticated_user_and_route_bound_record,missing,0,0,1,0,"App\Models\ProcedureMinute",mutation,1,required,confirmed,1,communications,Comunicações,47H,medium,high,not_detected,,laravel_route_collection|resolved_middleware|controller_reflection|controller_source|policy_discovery|permission_catalog,remove_fixed_role;apply_permission:notifications.delete;enforce_municipal_scope;preserve_active_mfa_log;add_http_security_tests
backoffice.procedure-minutes.generate,backoffice/procedure-minutes,POST,"App\Http\Controllers\Backoffice\ProcedureMinuteController",generate,"web|auth|role:administrator,municipal_technician,jury,financial_manager,maintenance_manager,auditor",0,0,0,"role:administrator,municipal_technician,jury,financial_manager,maintenance_manager,auditor",,,0,0,,0,"App\Policies\ProcedureMinutePolicy",create,confirmed,"App\Http\Requests\GenerateProcedureMinuteRequest",custom,,0,,authenticated_user_and_route_bound_record,missing,0,0,1,0,"App\Models\ProcedureMinute",mutation,1,required,confirmed,1,communications,Comunicações,47H,medium,low,route_name_reference,tests/Feature/Backoffice/ProcedureMinuteManagementTest.php|tests/Feature/Sprint24BackofficeOperationalTest.php,laravel_route_collection|resolved_middleware|controller_reflection|controller_source|form_request_reflection|policy_discovery|existing_test_route_reference,remove_fixed_role;define_semantic_permission;enforce_municipal_scope;preserve_active_mfa_log;add_http_security_tests
backoffice.procedure-minutes.index,backoffice/procedure-minutes,GET,"App\Http\Controllers\Backoffice\ProcedureMinuteController",index,"web|auth|role:administrator,municipal_technician,jury,financial_manager,maintenance_manager,auditor",0,0,0,"role:administrator,municipal_technician,jury,financial_manager,maintenance_manager,auditor",,,1,1,notifications.view,0,"App\Policies\ProcedureMinutePolicy",viewAny,confirmed,,none,,0,,authenticated_user_and_route_bound_record,missing,0,0,1,0,"App\Models\ProcedureMinute",read,0,recommended,confirmed,1,communications,Comunicações,47H,medium,high,route_name_reference,tests/Feature/Backoffice/ProcedureMinuteManagementTest.php,laravel_route_collection|resolved_middleware|controller_reflection|controller_source|policy_discovery|permission_catalog|existing_test_route_reference,remove_fixed_role;apply_permission:notifications.view;enforce_municipal_scope;preserve_active_mfa_log;add_http_security_tests
backoffice.procedure-minutes.show,backoffice/procedure-minutes/{procedureMinute},GET,"App\Http\Controllers\Backoffice\ProcedureMinuteController",show,"web|auth|role:administrator,municipal_technician,jury,financial_manager,maintenance_manager,auditor",0,0,0,"role:administrator,municipal_technician,jury,financial_manager,maintenance_manager,auditor",,,1,1,notifications.view,0,"App\Policies\ProcedureMinutePolicy",view,confirmed,,none,,0,,authenticated_user_and_route_bound_record,missing,0,0,1,0,"App\Models\ProcedureMinute",read,0,recommended,confirmed,1,communications,Comunicações,47H,medium,high,route_name_reference,tests/Feature/Backoffice/ProcedureMinuteManagementTest.php,laravel_route_collection|resolved_middleware|controller_reflection|controller_source|policy_discovery|permission_catalog|existing_test_route_reference,remove_fixed_role;apply_permission:notifications.view;enforce_municipal_scope;preserve_active_mfa_log;add_http_security_tests
backoffice.procedure-templates.create,backoffice/procedure-templates/create,GET,"App\Http\Controllers\Backoffice\ProcedureTemplateController",create,"web|auth|role:administrator,municipal_technician,jury,financial_manager,maintenance_manager,auditor",0,0,0,"role:administrator,municipal_technician,jury,financial_manager,maintenance_manager,auditor",,,1,1,notifications.create,0,"App\Policies\ProcedureTemplatePolicy",create,confirmed,,none,,0,,authenticated_user_and_route_bound_record,missing,0,0,1,0,"App\Models\ProcedureTemplate",read,0,recommended,confirmed,1,communications,Comunicações,47H,medium,high,not_detected,,laravel_route_collection|resolved_middleware|controller_reflection|controller_source|policy_discovery|permission_catalog,remove_fixed_role;apply_permission:notifications.create;enforce_municipal_scope;preserve_active_mfa_log;add_http_security_tests
backoffice.procedure-templates.edit,backoffice/procedure-templates/{procedureTemplate}/edit,GET,"App\Http\Controllers\Backoffice\ProcedureTemplateController",edit,"web|auth|role:administrator,municipal_technician,jury,financial_manager,maintenance_manager,auditor",0,0,0,"role:administrator,municipal_technician,jury,financial_manager,maintenance_manager,auditor",,,1,1,notifications.update,0,"App\Policies\ProcedureTemplatePolicy",update,confirmed,,none,,0,,authenticated_user_and_route_bound_record,missing,0,0,1,0,"App\Models\ProcedureTemplate",read,0,recommended,confirmed,1,communications,Comunicações,47H,medium,high,not_detected,,laravel_route_collection|resolved_middleware|controller_reflection|controller_source|policy_discovery|permission_catalog,remove_fixed_role;apply_permission:notifications.update;enforce_municipal_scope;preserve_active_mfa_log;add_http_security_tests
backoffice.procedure-templates.index,backoffice/procedure-templates,GET,"App\Http\Controllers\Backoffice\ProcedureTemplateController",index,"web|auth|role:administrator,municipal_technician,jury,financial_manager,maintenance_manager,auditor",0,0,0,"role:administrator,municipal_technician,jury,financial_manager,maintenance_manager,auditor",,,1,1,notifications.view,0,"App\Policies\ProcedureTemplatePolicy",viewAny,confirmed,,none,,0,,authenticated_user_and_route_bound_record,missing,0,0,1,0,"App\Models\ProcedureTemplate",read,0,recommended,confirmed,1,communications,Comunicações,47H,medium,high,not_detected,,laravel_route_collection|resolved_middleware|controller_reflection|controller_source|policy_discovery|permission_catalog,remove_fixed_role;apply_permission:notifications.view;enforce_municipal_scope;preserve_active_mfa_log;add_http_security_tests
backoffice.procedure-templates.preview,backoffice/procedure-templates/{procedureTemplate}/preview,GET|POST,"App\Http\Controllers\Backoffice\ProcedureTemplateController",render,"web|auth|role:administrator,municipal_technician,jury,financial_manager,maintenance_manager,auditor",0,0,0,"role:administrator,municipal_technician,jury,financial_manager,maintenance_manager,auditor",,,1,1,notifications.view,0,"App\Policies\ProcedureTemplatePolicy",view,confirmed,"App\Http\Requests\RenderProcedureTemplateRequest",custom,,0,,authenticated_user_and_route_bound_record,missing,0,0,1,0,"App\Models\ProcedureTemplate",mutation,1,required,confirmed,1,communications,Comunicações,47H,medium,high,not_detected,,laravel_route_collection|resolved_middleware|controller_reflection|controller_source|form_request_reflection|policy_discovery|permission_catalog,remove_fixed_role;apply_permission:notifications.view;enforce_municipal_scope;preserve_active_mfa_log;add_http_security_tests
backoffice.procedure-templates.publish,backoffice/procedure-templates/{procedureTemplate}/publish,POST,"App\Http\Controllers\Backoffice\ProcedureTemplateController",publish,"web|auth|role:administrator,municipal_technician,jury,financial_manager,maintenance_manager,auditor",0,0,0,"role:administrator,municipal_technician,jury,financial_manager,maintenance_manager,auditor",,,1,1,notifications.publish,0,"App\Policies\ProcedureTemplatePolicy",publish,confirmed,"App\Http\Requests\PublishProcedureTemplateRequest",custom,,0,,authenticated_user_and_route_bound_record,missing,0,0,1,0,"App\Models\ProcedureTemplate",mutation,1,required,confirmed,1,communications,Comunicações,47H,medium,high,route_name_reference,tests/Feature/Sprint24BackofficeOperationalTest.php,laravel_route_collection|resolved_middleware|controller_reflection|controller_source|form_request_reflection|policy_discovery|permission_catalog|existing_test_route_reference,remove_fixed_role;apply_permission:notifications.publish;enforce_municipal_scope;preserve_active_mfa_log;add_http_security_tests
backoffice.procedure-templates.show,backoffice/procedure-templates/{procedureTemplate},GET,"App\Http\Controllers\Backoffice\ProcedureTemplateController",show,"web|auth|role:administrator,municipal_technician,jury,financial_manager,maintenance_manager,auditor",0,0,0,"role:administrator,municipal_technician,jury,financial_manager,maintenance_manager,auditor",,,1,1,notifications.view,0,"App\Policies\ProcedureTemplatePolicy",view,confirmed,,none,,0,,authenticated_user_and_route_bound_record,missing,0,0,1,0,"App\Models\ProcedureTemplate",read,0,recommended,confirmed,1,communications,Comunicações,47H,medium,high,not_detected,,laravel_route_collection|resolved_middleware|controller_reflection|controller_source|policy_discovery|permission_catalog,remove_fixed_role;apply_permission:notifications.view;enforce_municipal_scope;preserve_active_mfa_log;add_http_security_tests
backoffice.procedure-templates.store,backoffice/procedure-templates,POST,"App\Http\Controllers\Backoffice\ProcedureTemplateController",store,"web|auth|role:administrator,municipal_technician,jury,financial_manager,maintenance_manager,auditor",0,0,0,"role:administrator,municipal_technician,jury,financial_manager,maintenance_manager,auditor",,,1,1,notifications.create,0,"App\Policies\ProcedureTemplatePolicy",create,confirmed,"App\Http\Requests\StoreProcedureTemplateRequest",custom,,0,,authenticated_user_and_route_bound_record,missing,0,0,1,0,"App\Models\ProcedureTemplate",mutation,1,required,confirmed,1,communications,Comunicações,47H,medium,high,route_name_reference,tests/Feature/Sprint24BackofficeOperationalTest.php,laravel_route_collection|resolved_middleware|controller_reflection|controller_source|form_request_reflection|policy_discovery|permission_catalog|existing_test_route_reference,remove_fixed_role;apply_permission:notifications.create;enforce_municipal_scope;preserve_active_mfa_log;add_http_security_tests
backoffice.procedure-templates.update,backoffice/procedure-templates/{procedureTemplate},PUT|PATCH,"App\Http\Controllers\Backoffice\ProcedureTemplateController",update,"web|auth|role:administrator,municipal_technician,jury,financial_manager,maintenance_manager,auditor",0,0,0,"role:administrator,municipal_technician,jury,financial_manager,maintenance_manager,auditor",,,1,1,notifications.update,0,"App\Policies\ProcedureTemplatePolicy",update,confirmed,"App\Http\Requests\UpdateProcedureTemplateRequest",inherited,,0,,authenticated_user_and_route_bound_record,missing,0,0,1,0,"App\Models\ProcedureTemplate",mutation,1,required,confirmed,1,communications,Comunicações,47H,medium,high,not_detected,,laravel_route_collection|resolved_middleware|controller_reflection|controller_source|form_request_reflection|policy_discovery|permission_catalog,remove_fixed_role;apply_permission:notifications.update;enforce_municipal_scope;preserve_active_mfa_log;add_http_security_tests
backoffice.support-ticket-messages.store,backoffice/support-tickets/{supportTicket}/messages,POST,"App\Http\Controllers\Backoffice\SupportTicketMessageController",store,"web|auth|role:administrator,municipal_technician,jury,legal_manager,financial_manager,housing_manager,maintenance_manager,inspection_manager,support_agent,auditor|active.backoffice|mfa.backoffice|log.backoffice",1,1,1,"role:administrator,municipal_technician,jury,legal_manager,financial_manager,housing_manager,maintenance_manager,inspection_manager,support_agent,auditor",,,1,1,support.create,0,"App\Policies\SupportTicketPolicy",update,confirmed,"App\Http\Requests\StoreSupportTicketMessageRequest",gate_or_policy,,0,,authenticated_user_and_route_bound_record,missing,0,0,1,0,"App\Models\SupportTicket",mutation,1,required,confirmed,1,communications,Comunicações,47H,medium,high,route_name_reference,tests/Feature/Candidate/SupportTicketFlowTest.php|tests/Feature/Sprint22CandidateSupportTest.php,laravel_route_collection|resolved_middleware|controller_reflection|controller_source|form_request_reflection|policy_discovery|permission_catalog|existing_test_route_reference,remove_fixed_role;apply_permission:support.create;enforce_municipal_scope;preserve_active_mfa_log;add_http_security_tests
backoffice.support-tickets.assign,backoffice/support-tickets/{supportTicket}/assign,POST,"App\Http\Controllers\Backoffice\SupportTicketController",assign,"web|auth|role:administrator,municipal_technician,jury,legal_manager,financial_manager,housing_manager,maintenance_manager,inspection_manager,support_agent,auditor|active.backoffice|mfa.backoffice|log.backoffice",1,1,1,"role:administrator,municipal_technician,jury,legal_manager,financial_manager,housing_manager,maintenance_manager,inspection_manager,support_agent,auditor",,,0,0,,0,"App\Policies\SupportTicketPolicy",assign,confirmed,"App\Http\Requests\AssignSupportTicketRequest",gate_or_policy,,0,,authenticated_user_and_route_bound_record,missing,0,0,1,0,"App\Models\SupportTicket",mutation,1,required,missing,1,communications,Comunicações,47H,medium,low,not_detected,,laravel_route_collection|resolved_middleware|controller_reflection|controller_source|form_request_reflection|policy_discovery,remove_fixed_role;define_semantic_permission;enforce_municipal_scope;preserve_active_mfa_log;add_http_security_tests
backoffice.support-tickets.index,backoffice/support-tickets,GET,"App\Http\Controllers\Backoffice\SupportTicketController",index,"web|auth|role:administrator,municipal_technician,jury,legal_manager,financial_manager,housing_manager,maintenance_manager,inspection_manager,support_agent,auditor|active.backoffice|mfa.backoffice|log.backoffice",1,1,1,"role:administrator,municipal_technician,jury,legal_manager,financial_manager,housing_manager,maintenance_manager,inspection_manager,support_agent,auditor",,,1,1,support.view,0,"App\Policies\SupportTicketPolicy",viewAny,confirmed,,none,,0,,authenticated_user_and_route_bound_record,missing,0,0,1,0,"App\Models\SupportTicket",read,0,recommended,unknown,1,communications,Comunicações,47H,medium,high,route_name_reference,tests/Feature/Operations/MunicipalSmokeReadinessTest.php|tests/Feature/Security/VisitsAndSupportAuthorizationTest.php,laravel_route_collection|resolved_middleware|controller_reflection|controller_source|policy_discovery|permission_catalog|existing_test_route_reference,remove_fixed_role;apply_permission:support.view;enforce_municipal_scope;preserve_active_mfa_log;add_http_security_tests
backoffice.support-tickets.show,backoffice/support-tickets/{supportTicket},GET,"App\Http\Controllers\Backoffice\SupportTicketController",show,"web|auth|role:administrator,municipal_technician,jury,legal_manager,financial_manager,housing_manager,maintenance_manager,inspection_manager,support_agent,auditor|active.backoffice|mfa.backoffice|log.backoffice",1,1,1,"role:administrator,municipal_technician,jury,legal_manager,financial_manager,housing_manager,maintenance_manager,inspection_manager,support_agent,auditor",,,1,1,support.view,0,"App\Policies\SupportTicketPolicy",view,confirmed,,none,,0,,authenticated_user_and_route_bound_record,missing,0,0,1,0,"App\Models\SupportTicket",read,0,recommended,unknown,1,communications,Comunicações,47H,medium,high,route_name_reference,tests/Feature/Security/VisitsAndSupportAuthorizationTest.php,laravel_route_collection|resolved_middleware|controller_reflection|controller_source|policy_discovery|permission_catalog|existing_test_route_reference,remove_fixed_role;apply_permission:support.view;enforce_municipal_scope;preserve_active_mfa_log;add_http_security_tests
backoffice.support-tickets.status,backoffice/support-tickets/{supportTicket}/status,POST,"App\Http\Controllers\Backoffice\SupportTicketController",updateStatus,"web|auth|role:administrator,municipal_technician,jury,legal_manager,financial_manager,housing_manager,maintenance_manager,inspection_manager,support_agent,auditor|active.backoffice|mfa.backoffice|log.backoffice",1,1,1,"role:administrator,municipal_technician,jury,legal_manager,financial_manager,housing_manager,maintenance_manager,inspection_manager,support_agent,auditor",,,0,0,,0,"App\Policies\SupportTicketPolicy",resolve,confirmed,"App\Http\Requests\UpdateSupportTicketStatusRequest",gate_or_policy,,0,,authenticated_user_and_route_bound_record,missing,0,0,1,0,"App\Models\SupportTicket",mutation,1,required,missing,1,communications,Comunicações,47H,medium,low,route_name_reference,tests/Feature/Security/VisitsAndSupportAuthorizationTest.php,laravel_route_collection|resolved_middleware|controller_reflection|controller_source|form_request_reflection|policy_discovery|existing_test_route_reference,remove_fixed_role;define_semantic_permission;enforce_municipal_scope;preserve_active_mfa_log;add_http_security_tests
backoffice.administrative-workflow-configs.activate,backoffice/administrative-workflow-configs/{administrativeWorkflowConfig}/activate,POST,"App\Http\Controllers\Backoffice\AdministrativeWorkflowConfigController",activate,"web|auth|role:administrator,municipal_technician,jury,financial_manager,maintenance_manager,auditor",0,0,0,"role:administrator,municipal_technician,jury,financial_manager,maintenance_manager,auditor",,,0,0,,0,"App\Policies\AdministrativeWorkflowConfigPolicy",update,confirmed,,none,,0,,authenticated_user_and_route_bound_record,missing,0,0,1,0,"App\Models\AdministrativeWorkflowConfig",mutation,1,required,missing,0,configuration,Configurações,47H,low,low,not_detected,,laravel_route_collection|resolved_middleware|controller_reflection|controller_source|policy_discovery,remove_fixed_role;define_semantic_permission;enforce_municipal_scope;preserve_active_mfa_log;add_http_security_tests
backoffice.administrative-workflow-configs.create,backoffice/administrative-workflow-configs/create,GET,"App\Http\Controllers\Backoffice\AdministrativeWorkflowConfigController",create,"web|auth|role:administrator,municipal_technician,jury,financial_manager,maintenance_manager,auditor",0,0,0,"role:administrator,municipal_technician,jury,financial_manager,maintenance_manager,auditor",,,1,1,settings.create,0,"App\Policies\AdministrativeWorkflowConfigPolicy",create,confirmed,,none,,0,,authenticated_user_and_route_bound_record,missing,0,0,1,0,"App\Models\AdministrativeWorkflowConfig",read,0,not_required,unknown,0,configuration,Configurações,47H,low,high,not_detected,,laravel_route_collection|resolved_middleware|controller_reflection|controller_source|policy_discovery|permission_catalog,remove_fixed_role;apply_permission:settings.create;enforce_municipal_scope;preserve_active_mfa_log;add_http_security_tests
backoffice.administrative-workflow-configs.deactivate,backoffice/administrative-workflow-configs/{administrativeWorkflowConfig}/deactivate,POST,"App\Http\Controllers\Backoffice\AdministrativeWorkflowConfigController",deactivate,"web|auth|role:administrator,municipal_technician,jury,financial_manager,maintenance_manager,auditor",0,0,0,"role:administrator,municipal_technician,jury,financial_manager,maintenance_manager,auditor",,,0,0,,0,"App\Policies\AdministrativeWorkflowConfigPolicy",update,confirmed,,none,,0,,authenticated_user_and_route_bound_record,missing,0,0,1,0,"App\Models\AdministrativeWorkflowConfig",mutation,1,required,missing,0,configuration,Configurações,47H,low,low,not_detected,,laravel_route_collection|resolved_middleware|controller_reflection|controller_source|policy_discovery,remove_fixed_role;define_semantic_permission;enforce_municipal_scope;preserve_active_mfa_log;add_http_security_tests
backoffice.administrative-workflow-configs.edit,backoffice/administrative-workflow-configs/{administrativeWorkflowConfig}/edit,GET,"App\Http\Controllers\Backoffice\AdministrativeWorkflowConfigController",edit,"web|auth|role:administrator,municipal_technician,jury,financial_manager,maintenance_manager,auditor",0,0,0,"role:administrator,municipal_technician,jury,financial_manager,maintenance_manager,auditor",,,1,1,settings.update,0,"App\Policies\AdministrativeWorkflowConfigPolicy",update,confirmed,,none,,0,,authenticated_user_and_route_bound_record,missing,0,0,1,0,"App\Models\AdministrativeWorkflowConfig",read,0,not_required,unknown,0,configuration,Configurações,47H,low,high,not_detected,,laravel_route_collection|resolved_middleware|controller_reflection|controller_source|policy_discovery|permission_catalog,remove_fixed_role;apply_permission:settings.update;enforce_municipal_scope;preserve_active_mfa_log;add_http_security_tests
backoffice.administrative-workflow-configs.index,backoffice/administrative-workflow-configs,GET,"App\Http\Controllers\Backoffice\AdministrativeWorkflowConfigController",index,"web|auth|role:administrator,municipal_technician,jury,financial_manager,maintenance_manager,auditor",0,0,0,"role:administrator,municipal_technician,jury,financial_manager,maintenance_manager,auditor",,,1,1,settings.view,0,"App\Policies\AdministrativeWorkflowConfigPolicy",viewAny,confirmed,,none,,0,,authenticated_user_and_route_bound_record,missing,0,0,1,0,"App\Models\AdministrativeWorkflowConfig",read,0,not_required,unknown,0,configuration,Configurações,47H,low,high,not_detected,,laravel_route_collection|resolved_middleware|controller_reflection|controller_source|policy_discovery|permission_catalog,remove_fixed_role;apply_permission:settings.view;enforce_municipal_scope;preserve_active_mfa_log;add_http_security_tests
backoffice.administrative-workflow-configs.store,backoffice/administrative-workflow-configs,POST,"App\Http\Controllers\Backoffice\AdministrativeWorkflowConfigController",store,"web|auth|role:administrator,municipal_technician,jury,financial_manager,maintenance_manager,auditor",0,0,0,"role:administrator,municipal_technician,jury,financial_manager,maintenance_manager,auditor",,,1,1,settings.create,0,"App\Policies\AdministrativeWorkflowConfigPolicy",create,confirmed,"App\Http\Requests\StoreAdministrativeWorkflowConfigRequest",always_true,,0,,authenticated_user_and_route_bound_record,missing,0,0,1,0,"App\Models\AdministrativeWorkflowConfig",mutation,1,required,missing,0,configuration,Configurações,47H,low,high,not_detected,,laravel_route_collection|resolved_middleware|controller_reflection|controller_source|form_request_reflection|policy_discovery|permission_catalog,remove_fixed_role;apply_permission:settings.create;enforce_municipal_scope;preserve_active_mfa_log;add_http_security_tests
backoffice.administrative-workflow-configs.update,backoffice/administrative-workflow-configs/{administrativeWorkflowConfig},PUT|PATCH,"App\Http\Controllers\Backoffice\AdministrativeWorkflowConfigController",update,"web|auth|role:administrator,municipal_technician,jury,financial_manager,maintenance_manager,auditor",0,0,0,"role:administrator,municipal_technician,jury,financial_manager,maintenance_manager,auditor",,,1,1,settings.update,0,"App\Policies\AdministrativeWorkflowConfigPolicy",update,confirmed,"App\Http\Requests\UpdateAdministrativeWorkflowConfigRequest",always_true,,0,,authenticated_user_and_route_bound_record,missing,0,0,1,0,"App\Models\AdministrativeWorkflowConfig",mutation,1,required,missing,0,configuration,Configurações,47H,low,high,not_detected,,laravel_route_collection|resolved_middleware|controller_reflection|controller_source|form_request_reflection|policy_discovery|permission_catalog,remove_fixed_role;apply_permission:settings.update;enforce_municipal_scope;preserve_active_mfa_log;add_http_security_tests
backoffice.contests.close,backoffice/concursos/{contest}/fechar,POST,"App\Http\Controllers\Backoffice\ContestClosureController",close,"web|auth|role:administrator,municipal_technician,jury,financial_manager,maintenance_manager,auditor",0,0,0,"role:administrator,municipal_technician,jury,financial_manager,maintenance_manager,auditor",,,1,1,contests.update,0,"App\Policies\ContestPolicy",create,confirmed,"App\Http\Requests\CloseContestRequest",always_true,,0,,authenticated_user_and_route_bound_record,missing,0,0,1,0,"App\Models\Contest",mutation,1,required,confirmed,0,configuration,Configurações,47H,low,high,route_name_reference,tests/Feature/Backoffice/LotteryClosureFlowTest.php,laravel_route_collection|resolved_middleware|controller_reflection|controller_source|form_request_reflection|policy_discovery|permission_catalog|existing_test_route_reference,remove_fixed_role;apply_permission:contests.update;enforce_municipal_scope;preserve_active_mfa_log;add_http_security_tests
backoffice.communications.event-rules.activate,backoffice/communications/event-rules/{notificationEventRule}/activate,POST,"App\Http\Controllers\Backoffice\NotificationEventRuleController",activate,"web|auth|role:administrator,municipal_technician,jury,financial_manager,maintenance_manager,auditor",0,0,0,"role:administrator,municipal_technician,jury,financial_manager,maintenance_manager,auditor",,,0,0,,0,"App\Policies\NotificationEventRulePolicy",update,confirmed,,none,,0,,authenticated_user_and_route_bound_record,missing,0,0,1,0,"App\Models\NotificationEventRule",mutation,1,required,confirmed,0,notifications,Notificações,47H,medium,low,not_detected,,laravel_route_collection|resolved_middleware|controller_reflection|controller_source|policy_discovery,remove_fixed_role;define_semantic_permission;enforce_municipal_scope;preserve_active_mfa_log;add_http_security_tests
backoffice.communications.event-rules.create,backoffice/communications/event-rules/create,GET,"App\Http\Controllers\Backoffice\NotificationEventRuleController",create,"web|auth|role:administrator,municipal_technician,jury,financial_manager,maintenance_manager,auditor",0,0,0,"role:administrator,municipal_technician,jury,financial_manager,maintenance_manager,auditor",,,1,1,notifications.create,0,"App\Policies\NotificationEventRulePolicy",create,confirmed,,none,,0,,authenticated_user_and_route_bound_record,missing,0,0,1,0,"App\Models\NotificationEventRule",read,0,not_required,confirmed,0,notifications,Notificações,47H,medium,high,not_detected,,laravel_route_collection|resolved_middleware|controller_reflection|controller_source|policy_discovery|permission_catalog,remove_fixed_role;apply_permission:notifications.create;enforce_municipal_scope;preserve_active_mfa_log;add_http_security_tests
backoffice.communications.event-rules.deactivate,backoffice/communications/event-rules/{notificationEventRule}/deactivate,POST,"App\Http\Controllers\Backoffice\NotificationEventRuleController",deactivate,"web|auth|role:administrator,municipal_technician,jury,financial_manager,maintenance_manager,auditor",0,0,0,"role:administrator,municipal_technician,jury,financial_manager,maintenance_manager,auditor",,,0,0,,0,"App\Policies\NotificationEventRulePolicy",update,confirmed,,none,,0,,authenticated_user_and_route_bound_record,missing,0,0,1,0,"App\Models\NotificationEventRule",mutation,1,required,confirmed,0,notifications,Notificações,47H,medium,low,not_detected,,laravel_route_collection|resolved_middleware|controller_reflection|controller_source|policy_discovery,remove_fixed_role;define_semantic_permission;enforce_municipal_scope;preserve_active_mfa_log;add_http_security_tests
backoffice.communications.event-rules.edit,backoffice/communications/event-rules/{notificationEventRule}/edit,GET,"App\Http\Controllers\Backoffice\NotificationEventRuleController",edit,"web|auth|role:administrator,municipal_technician,jury,financial_manager,maintenance_manager,auditor",0,0,0,"role:administrator,municipal_technician,jury,financial_manager,maintenance_manager,auditor",,,1,1,notifications.update,0,"App\Policies\NotificationEventRulePolicy",update,confirmed,,none,,0,,authenticated_user_and_route_bound_record,missing,0,0,1,0,"App\Models\NotificationEventRule",read,0,not_required,confirmed,0,notifications,Notificações,47H,medium,high,not_detected,,laravel_route_collection|resolved_middleware|controller_reflection|controller_source|policy_discovery|permission_catalog,remove_fixed_role;apply_permission:notifications.update;enforce_municipal_scope;preserve_active_mfa_log;add_http_security_tests
backoffice.communications.event-rules.index,backoffice/communications/event-rules,GET,"App\Http\Controllers\Backoffice\NotificationEventRuleController",index,"web|auth|role:administrator,municipal_technician,jury,financial_manager,maintenance_manager,auditor",0,0,0,"role:administrator,municipal_technician,jury,financial_manager,maintenance_manager,auditor",,,1,1,notifications.view,0,"App\Policies\NotificationEventRulePolicy",viewAny,confirmed,,none,,0,,authenticated_user_and_route_bound_record,missing,0,0,1,0,"App\Models\NotificationEventRule",read,0,not_required,confirmed,0,notifications,Notificações,47H,medium,high,not_detected,,laravel_route_collection|resolved_middleware|controller_reflection|controller_source|policy_discovery|permission_catalog,remove_fixed_role;apply_permission:notifications.view;enforce_municipal_scope;preserve_active_mfa_log;add_http_security_tests
backoffice.communications.event-rules.store,backoffice/communications/event-rules,POST,"App\Http\Controllers\Backoffice\NotificationEventRuleController",store,"web|auth|role:administrator,municipal_technician,jury,financial_manager,maintenance_manager,auditor",0,0,0,"role:administrator,municipal_technician,jury,financial_manager,maintenance_manager,auditor",,,1,1,notifications.create,0,"App\Policies\NotificationEventRulePolicy",create,confirmed,"App\Http\Requests\StoreNotificationEventRuleRequest",always_true,,0,,authenticated_user_and_route_bound_record,missing,0,0,1,0,"App\Models\NotificationEventRule",mutation,1,required,confirmed,0,notifications,Notificações,47H,medium,high,not_detected,,laravel_route_collection|resolved_middleware|controller_reflection|controller_source|form_request_reflection|policy_discovery|permission_catalog,remove_fixed_role;apply_permission:notifications.create;enforce_municipal_scope;preserve_active_mfa_log;add_http_security_tests
backoffice.communications.event-rules.update,backoffice/communications/event-rules/{notificationEventRule},PUT|PATCH,"App\Http\Controllers\Backoffice\NotificationEventRuleController",update,"web|auth|role:administrator,municipal_technician,jury,financial_manager,maintenance_manager,auditor",0,0,0,"role:administrator,municipal_technician,jury,financial_manager,maintenance_manager,auditor",,,1,1,notifications.update,0,"App\Policies\NotificationEventRulePolicy",update,confirmed,"App\Http\Requests\UpdateNotificationEventRuleRequest",always_true,,0,,authenticated_user_and_route_bound_record,missing,0,0,1,0,"App\Models\NotificationEventRule",mutation,1,required,confirmed,0,notifications,Notificações,47H,medium,high,not_detected,,laravel_route_collection|resolved_middleware|controller_reflection|controller_source|form_request_reflection|policy_discovery|permission_catalog,remove_fixed_role;apply_permission:notifications.update;enforce_municipal_scope;preserve_active_mfa_log;add_http_security_tests
backoffice.communications.index,backoffice/communications,GET,"App\Http\Controllers\Backoffice\NotificationCenterController",index,"web|auth|role:administrator,municipal_technician,jury,financial_manager,maintenance_manager,auditor",0,0,0,"role:administrator,municipal_technician,jury,financial_manager,maintenance_manager,auditor",,,1,1,notifications.view,0,,viewAny,confirmed,,none,,0,,authenticated_user,candidate,,0,1,0,,read,0,not_required,unknown,0,notifications,Notificações,47H,medium,medium,route_name_reference,tests/Feature/Sprint16CommunicationsTest.php,laravel_route_collection|resolved_middleware|controller_reflection|controller_source|permission_catalog|existing_test_route_reference,remove_fixed_role;apply_permission:notifications.view;preserve_active_mfa_log;add_http_security_tests
backoffice.communications.preferences.index,backoffice/communications/preferences,GET,"App\Http\Controllers\Backoffice\NotificationPreferenceController",index,"web|auth|role:administrator,municipal_technician,jury,financial_manager,maintenance_manager,auditor",0,0,0,"role:administrator,municipal_technician,jury,financial_manager,maintenance_manager,auditor",,,1,1,notifications.view,0,"App\Policies\NotificationPreferencePolicy",viewAny,confirmed,,none,,0,,authenticated_user_and_route_bound_record,missing,0,0,1,0,"App\Models\NotificationPreference",read,0,not_required,unknown,0,notifications,Notificações,47H,medium,high,not_detected,,laravel_route_collection|resolved_middleware|controller_reflection|controller_source|policy_discovery|permission_catalog,remove_fixed_role;apply_permission:notifications.view;enforce_municipal_scope;preserve_active_mfa_log;add_http_security_tests
backoffice.communications.template-versions.activate,backoffice/communications/template-versions/{notificationTemplateVersion}/activate,POST,"App\Http\Controllers\Backoffice\NotificationTemplateVersionController",activate,"web|auth|role:administrator,municipal_technician,jury,financial_manager,maintenance_manager,auditor",0,0,0,"role:administrator,municipal_technician,jury,financial_manager,maintenance_manager,auditor",,,0,0,,0,"App\Policies\NotificationTemplateVersionPolicy",approve,confirmed,,none,,0,,authenticated_user_and_route_bound_record,missing,0,0,1,0,"App\Models\NotificationTemplateVersion",mutation,1,required,confirmed,0,notifications,Notificações,47H,medium,low,route_name_reference,tests/Feature/Sprint16CommunicationsTest.php,laravel_route_collection|resolved_middleware|controller_reflection|controller_source|policy_discovery|existing_test_route_reference,remove_fixed_role;define_semantic_permission;enforce_municipal_scope;preserve_active_mfa_log;add_http_security_tests
backoffice.communications.template-versions.approve,backoffice/communications/template-versions/{notificationTemplateVersion}/approve,POST,"App\Http\Controllers\Backoffice\NotificationTemplateVersionController",approve,"web|auth|role:administrator,municipal_technician,jury,financial_manager,maintenance_manager,auditor",0,0,0,"role:administrator,municipal_technician,jury,financial_manager,maintenance_manager,auditor",,,0,0,,0,"App\Policies\NotificationTemplateVersionPolicy",approve,confirmed,,none,,0,,authenticated_user_and_route_bound_record,missing,0,0,1,0,"App\Models\NotificationTemplateVersion",mutation,1,required,confirmed,0,notifications,Notificações,47H,medium,low,route_name_reference,tests/Feature/Sprint16CommunicationsTest.php,laravel_route_collection|resolved_middleware|controller_reflection|controller_source|policy_discovery|existing_test_route_reference,remove_fixed_role;define_semantic_permission;enforce_municipal_scope;preserve_active_mfa_log;add_http_security_tests
backoffice.communications.template-versions.archive,backoffice/communications/template-versions/{notificationTemplateVersion}/archive,POST,"App\Http\Controllers\Backoffice\NotificationTemplateVersionController",archive,"web|auth|role:administrator,municipal_technician,jury,financial_manager,maintenance_manager,auditor",0,0,0,"role:administrator,municipal_technician,jury,financial_manager,maintenance_manager,auditor",,,1,1,notifications.update,0,"App\Policies\NotificationTemplateVersionPolicy",update,confirmed,,none,,0,,authenticated_user_and_route_bound_record,missing,0,0,1,0,"App\Models\NotificationTemplateVersion",mutation,1,required,confirmed,0,notifications,Notificações,47H,medium,high,not_detected,,laravel_route_collection|resolved_middleware|controller_reflection|controller_source|policy_discovery|permission_catalog,remove_fixed_role;apply_permission:notifications.update;enforce_municipal_scope;preserve_active_mfa_log;add_http_security_tests
backoffice.communications.template-versions.show,backoffice/communications/template-versions/{notificationTemplateVersion},GET,"App\Http\Controllers\Backoffice\NotificationTemplateVersionController",show,"web|auth|role:administrator,municipal_technician,jury,financial_manager,maintenance_manager,auditor",0,0,0,"role:administrator,municipal_technician,jury,financial_manager,maintenance_manager,auditor",,,1,1,notifications.view,0,"App\Policies\NotificationTemplateVersionPolicy",view,confirmed,,none,,0,,authenticated_user_and_route_bound_record,missing,0,0,1,0,"App\Models\NotificationTemplateVersion",read,0,not_required,confirmed,0,notifications,Notificações,47H,medium,high,not_detected,,laravel_route_collection|resolved_middleware|controller_reflection|controller_source|policy_discovery|permission_catalog,remove_fixed_role;apply_permission:notifications.view;enforce_municipal_scope;preserve_active_mfa_log;add_http_security_tests
backoffice.communications.template-versions.store,backoffice/communications/templates/{notificationTemplate}/versions,POST,"App\Http\Controllers\Backoffice\NotificationTemplateVersionController",store,"web|auth|role:administrator,municipal_technician,jury,financial_manager,maintenance_manager,auditor",0,0,0,"role:administrator,municipal_technician,jury,financial_manager,maintenance_manager,auditor",,,1,1,notifications.create,0,"App\Policies\NotificationTemplatePolicy",update,confirmed,"App\Http\Requests\StoreNotificationTemplateVersionRequest",always_true,,0,,authenticated_user_and_route_bound_record,missing,0,0,1,0,"App\Models\NotificationTemplate",mutation,1,required,confirmed,0,notifications,Notificações,47H,medium,high,not_detected,,laravel_route_collection|resolved_middleware|controller_reflection|controller_source|form_request_reflection|policy_discovery|permission_catalog,remove_fixed_role;apply_permission:notifications.create;enforce_municipal_scope;preserve_active_mfa_log;add_http_security_tests
backoffice.communications.templates.archive,backoffice/communications/templates/{notificationTemplate}/archive,POST,"App\Http\Controllers\Backoffice\NotificationTemplateController",archive,"web|auth|role:administrator,municipal_technician,jury,financial_manager,maintenance_manager,auditor",0,0,0,"role:administrator,municipal_technician,jury,financial_manager,maintenance_manager,auditor",,,1,1,notifications.update,0,"App\Policies\NotificationTemplatePolicy",update,confirmed,,none,,0,,authenticated_user_and_route_bound_record,missing,0,0,1,0,"App\Models\NotificationTemplate",mutation,1,required,confirmed,0,notifications,Notificações,47H,medium,high,not_detected,,laravel_route_collection|resolved_middleware|controller_reflection|controller_source|policy_discovery|permission_catalog,remove_fixed_role;apply_permission:notifications.update;enforce_municipal_scope;preserve_active_mfa_log;add_http_security_tests
backoffice.communications.templates.create,backoffice/communications/templates/create,GET,"App\Http\Controllers\Backoffice\NotificationTemplateController",create,"web|auth|role:administrator,municipal_technician,jury,financial_manager,maintenance_manager,auditor",0,0,0,"role:administrator,municipal_technician,jury,financial_manager,maintenance_manager,auditor",,,1,1,notifications.create,0,"App\Policies\NotificationTemplatePolicy",create,confirmed,,none,,0,,authenticated_user_and_route_bound_record,missing,0,0,1,0,"App\Models\NotificationTemplate",read,0,not_required,confirmed,0,notifications,Notificações,47H,medium,high,not_detected,,laravel_route_collection|resolved_middleware|controller_reflection|controller_source|policy_discovery|permission_catalog,remove_fixed_role;apply_permission:notifications.create;enforce_municipal_scope;preserve_active_mfa_log;add_http_security_tests
backoffice.communications.templates.edit,backoffice/communications/templates/{notificationTemplate}/edit,GET,"App\Http\Controllers\Backoffice\NotificationTemplateController",edit,"web|auth|role:administrator,municipal_technician,jury,financial_manager,maintenance_manager,auditor",0,0,0,"role:administrator,municipal_technician,jury,financial_manager,maintenance_manager,auditor",,,1,1,notifications.update,0,"App\Policies\NotificationTemplatePolicy",update,confirmed,,none,,0,,authenticated_user_and_route_bound_record,missing,0,0,1,0,"App\Models\NotificationTemplate",read,0,not_required,confirmed,0,notifications,Notificações,47H,medium,high,not_detected,,laravel_route_collection|resolved_middleware|controller_reflection|controller_source|policy_discovery|permission_catalog,remove_fixed_role;apply_permission:notifications.update;enforce_municipal_scope;preserve_active_mfa_log;add_http_security_tests
backoffice.communications.templates.index,backoffice/communications/templates,GET,"App\Http\Controllers\Backoffice\NotificationTemplateController",index,"web|auth|role:administrator,municipal_technician,jury,financial_manager,maintenance_manager,auditor",0,0,0,"role:administrator,municipal_technician,jury,financial_manager,maintenance_manager,auditor",,,1,1,notifications.view,0,"App\Policies\NotificationTemplatePolicy",viewAny,confirmed,,none,,0,,authenticated_user_and_route_bound_record,missing,0,0,1,0,"App\Models\NotificationTemplate",read,0,not_required,confirmed,0,notifications,Notificações,47H,medium,high,not_detected,,laravel_route_collection|resolved_middleware|controller_reflection|controller_source|policy_discovery|permission_catalog,remove_fixed_role;apply_permission:notifications.view;enforce_municipal_scope;preserve_active_mfa_log;add_http_security_tests
backoffice.communications.templates.preview,backoffice/communications/templates/{notificationTemplate}/preview,GET|POST,"App\Http\Controllers\Backoffice\NotificationTemplateController",preview,"web|auth|role:administrator,municipal_technician,jury,financial_manager,maintenance_manager,auditor",0,0,0,"role:administrator,municipal_technician,jury,financial_manager,maintenance_manager,auditor",,,1,1,notifications.update,0,"App\Policies\NotificationTemplatePolicy",view,confirmed,,none,,0,,authenticated_user_and_route_bound_record,missing,0,0,1,0,"App\Models\NotificationTemplate",mutation,1,required,confirmed,0,notifications,Notificações,47H,medium,high,route_name_reference,tests/Feature/Sprint16CommunicationsTest.php,laravel_route_collection|resolved_middleware|controller_reflection|controller_source|policy_discovery|permission_catalog|existing_test_route_reference,remove_fixed_role;apply_permission:notifications.update;enforce_municipal_scope;preserve_active_mfa_log;add_http_security_tests
backoffice.communications.templates.show,backoffice/communications/templates/{notificationTemplate},GET,"App\Http\Controllers\Backoffice\NotificationTemplateController",show,"web|auth|role:administrator,municipal_technician,jury,financial_manager,maintenance_manager,auditor",0,0,0,"role:administrator,municipal_technician,jury,financial_manager,maintenance_manager,auditor",,,1,1,notifications.view,0,"App\Policies\NotificationTemplatePolicy",view,confirmed,,none,,0,,authenticated_user_and_route_bound_record,missing,0,0,1,0,"App\Models\NotificationTemplate",read,0,not_required,confirmed,0,notifications,Notificações,47H,medium,high,not_detected,,laravel_route_collection|resolved_middleware|controller_reflection|controller_source|policy_discovery|permission_catalog,remove_fixed_role;apply_permission:notifications.view;enforce_municipal_scope;preserve_active_mfa_log;add_http_security_tests
backoffice.communications.templates.store,backoffice/communications/templates,POST,"App\Http\Controllers\Backoffice\NotificationTemplateController",store,"web|auth|role:administrator,municipal_technician,jury,financial_manager,maintenance_manager,auditor",0,0,0,"role:administrator,municipal_technician,jury,financial_manager,maintenance_manager,auditor",,,1,1,notifications.create,0,"App\Policies\NotificationTemplatePolicy",create,confirmed,"App\Http\Requests\StoreNotificationTemplateRequest",always_true,,0,,authenticated_user_and_route_bound_record,missing,0,0,1,0,"App\Models\NotificationTemplate",mutation,1,required,confirmed,0,notifications,Notificações,47H,medium,high,route_name_reference,tests/Feature/Sprint16CommunicationsTest.php,laravel_route_collection|resolved_middleware|controller_reflection|controller_source|form_request_reflection|policy_discovery|permission_catalog|existing_test_route_reference,remove_fixed_role;apply_permission:notifications.create;enforce_municipal_scope;preserve_active_mfa_log;add_http_security_tests
backoffice.communications.templates.update,backoffice/communications/templates/{notificationTemplate},PUT|PATCH,"App\Http\Controllers\Backoffice\NotificationTemplateController",update,"web|auth|role:administrator,municipal_technician,jury,financial_manager,maintenance_manager,auditor",0,0,0,"role:administrator,municipal_technician,jury,financial_manager,maintenance_manager,auditor",,,1,1,notifications.update,0,"App\Policies\NotificationTemplatePolicy",update,confirmed,"App\Http\Requests\UpdateNotificationTemplateRequest",always_true,,0,,authenticated_user_and_route_bound_record,missing,0,0,1,0,"App\Models\NotificationTemplate",mutation,1,required,confirmed,0,notifications,Notificações,47H,medium,high,not_detected,,laravel_route_collection|resolved_middleware|controller_reflection|controller_source|form_request_reflection|policy_discovery|permission_catalog,remove_fixed_role;apply_permission:notifications.update;enforce_municipal_scope;preserve_active_mfa_log;add_http_security_tests
backoffice.internal-alerts.detect,backoffice/internal-alerts/detect,POST,"App\Http\Controllers\Backoffice\InternalAlertController",detect,"web|auth|role:administrator,municipal_technician,jury,financial_manager,maintenance_manager,auditor",0,0,0,"role:administrator,municipal_technician,jury,financial_manager,maintenance_manager,auditor",,,1,1,notifications.view,0,"App\Policies\InternalAlertPolicy",viewAny,confirmed,,none,,0,,authenticated_user_and_route_bound_record,missing,0,0,1,0,"App\Models\InternalAlert",mutation,1,required,missing,0,notifications,Notificações,47H,medium,high,not_detected,,laravel_route_collection|resolved_middleware|controller_reflection|controller_source|policy_discovery|permission_catalog,remove_fixed_role;apply_permission:notifications.view;enforce_municipal_scope;preserve_active_mfa_log;add_http_security_tests
backoffice.internal-alerts.dismiss,backoffice/internal-alerts/{internalAlert}/dismiss,POST,"App\Http\Controllers\Backoffice\InternalAlertController",dismiss,"web|auth|role:administrator,municipal_technician,jury,financial_manager,maintenance_manager,auditor",0,0,0,"role:administrator,municipal_technician,jury,financial_manager,maintenance_manager,auditor",,,1,1,notifications.view,0,"App\Policies\InternalAlertPolicy",update,confirmed,"App\Http\Requests\ResolveInternalAlertRequest",custom,,0,,authenticated_user_and_route_bound_record,missing,0,0,1,0,"App\Models\InternalAlert",mutation,1,required,missing,0,notifications,Notificações,47H,medium,high,not_detected,,laravel_route_collection|resolved_middleware|controller_reflection|controller_source|form_request_reflection|policy_discovery|permission_catalog,remove_fixed_role;apply_permission:notifications.view;enforce_municipal_scope;preserve_active_mfa_log;add_http_security_tests
backoffice.internal-alerts.index,backoffice/internal-alerts,GET,"App\Http\Controllers\Backoffice\InternalAlertController",index,"web|auth|role:administrator,municipal_technician,jury,financial_manager,maintenance_manager,auditor",0,0,0,"role:administrator,municipal_technician,jury,financial_manager,maintenance_manager,auditor",,,1,1,notifications.view,0,"App\Policies\InternalAlertPolicy",viewAny,confirmed,,none,,0,,authenticated_user_and_route_bound_record,missing,0,0,1,0,"App\Models\InternalAlert",read,0,not_required,unknown,0,notifications,Notificações,47H,medium,high,not_detected,,laravel_route_collection|resolved_middleware|controller_reflection|controller_source|policy_discovery|permission_catalog,remove_fixed_role;apply_permission:notifications.view;enforce_municipal_scope;preserve_active_mfa_log;add_http_security_tests
backoffice.internal-alerts.resolve,backoffice/internal-alerts/{internalAlert}/resolve,POST,"App\Http\Controllers\Backoffice\InternalAlertController",resolve,"web|auth|role:administrator,municipal_technician,jury,financial_manager,maintenance_manager,auditor",0,0,0,"role:administrator,municipal_technician,jury,financial_manager,maintenance_manager,auditor",,,1,1,notifications.view,0,"App\Policies\InternalAlertPolicy",update,confirmed,"App\Http\Requests\ResolveInternalAlertRequest",custom,,0,,authenticated_user_and_route_bound_record,missing,0,0,1,0,"App\Models\InternalAlert",mutation,1,required,missing,0,notifications,Notificações,47H,medium,high,route_name_reference,tests/Feature/Sprint24BackofficeOperationalTest.php,laravel_route_collection|resolved_middleware|controller_reflection|controller_source|form_request_reflection|policy_discovery|permission_catalog|existing_test_route_reference,remove_fixed_role;apply_permission:notifications.view;enforce_municipal_scope;preserve_active_mfa_log;add_http_security_tests
backoffice.internal-alerts.show,backoffice/internal-alerts/{internalAlert},GET,"App\Http\Controllers\Backoffice\InternalAlertController",show,"web|auth|role:administrator,municipal_technician,jury,financial_manager,maintenance_manager,auditor",0,0,0,"role:administrator,municipal_technician,jury,financial_manager,maintenance_manager,auditor",,,1,1,notifications.view,0,"App\Policies\InternalAlertPolicy",view,confirmed,,none,,0,,authenticated_user_and_route_bound_record,missing,0,0,1,0,"App\Models\InternalAlert",read,0,not_required,unknown,0,notifications,Notificações,47H,medium,high,route_name_reference,tests/Feature/Sprint24BackofficeOperationalTest.php,laravel_route_collection|resolved_middleware|controller_reflection|controller_source|policy_discovery|permission_catalog|existing_test_route_reference,remove_fixed_role;apply_permission:notifications.view;enforce_municipal_scope;preserve_active_mfa_log;add_http_security_tests
backoffice.official-notifications.create,backoffice/official-notifications/create,GET,"App\Http\Controllers\Backoffice\OfficialNotificationController",create,"web|auth|role:administrator,municipal_technician,jury,financial_manager,maintenance_manager,auditor",0,0,0,"role:administrator,municipal_technician,jury,financial_manager,maintenance_manager,auditor",,,1,1,notifications.create,0,"App\Policies\OfficialNotificationPolicy",create,confirmed,,none,,0,,authenticated_user_and_route_bound_record,missing,0,0,1,0,"App\Models\OfficialNotification",read,0,not_required,confirmed,0,notifications,Notificações,47H,medium,high,not_detected,,laravel_route_collection|resolved_middleware|controller_reflection|controller_source|policy_discovery|permission_catalog,remove_fixed_role;apply_permission:notifications.create;enforce_municipal_scope;preserve_active_mfa_log;add_http_security_tests
backoffice.official-notifications.index,backoffice/official-notifications,GET,"App\Http\Controllers\Backoffice\OfficialNotificationController",index,"web|auth|role:administrator,municipal_technician,jury,financial_manager,maintenance_manager,auditor",0,0,0,"role:administrator,municipal_technician,jury,financial_manager,maintenance_manager,auditor",,,1,1,notifications.view,0,"App\Policies\OfficialNotificationPolicy",viewAny,confirmed,,none,,0,,authenticated_user_and_route_bound_record,missing,0,0,1,0,"App\Models\OfficialNotification",read,0,not_required,confirmed,0,notifications,Notificações,47H,medium,high,not_detected,,laravel_route_collection|resolved_middleware|controller_reflection|controller_source|policy_discovery|permission_catalog,remove_fixed_role;apply_permission:notifications.view;enforce_municipal_scope;preserve_active_mfa_log;add_http_security_tests
backoffice.official-notifications.mark-failed,backoffice/official-notifications/{officialNotification}/mark-failed,POST,"App\Http\Controllers\Backoffice\OfficialNotificationController",markFailed,"web|auth|role:administrator,municipal_technician,jury,financial_manager,maintenance_manager,auditor",0,0,0,"role:administrator,municipal_technician,jury,financial_manager,maintenance_manager,auditor",,,1,1,notifications.view,0,"App\Policies\OfficialNotificationPolicy",update,confirmed,,none,,0,,authenticated_user_and_route_bound_record,missing,0,0,1,0,"App\Models\OfficialNotification",mutation,1,required,confirmed,0,notifications,Notificações,47H,medium,high,not_detected,,laravel_route_collection|resolved_middleware|controller_reflection|controller_source|policy_discovery|permission_catalog,remove_fixed_role;apply_permission:notifications.view;enforce_municipal_scope;preserve_active_mfa_log;add_http_security_tests
backoffice.official-notifications.mark-sent,backoffice/official-notifications/{officialNotification}/mark-sent,POST,"App\Http\Controllers\Backoffice\OfficialNotificationController",markSent,"web|auth|role:administrator,municipal_technician,jury,financial_manager,maintenance_manager,auditor",0,0,0,"role:administrator,municipal_technician,jury,financial_manager,maintenance_manager,auditor",,,1,1,notifications.view,0,"App\Policies\OfficialNotificationPolicy",update,confirmed,,none,,0,,authenticated_user_and_route_bound_record,missing,0,0,1,0,"App\Models\OfficialNotification",mutation,1,required,confirmed,0,notifications,Notificações,47H,medium,high,not_detected,,laravel_route_collection|resolved_middleware|controller_reflection|controller_source|policy_discovery|permission_catalog,remove_fixed_role;apply_permission:notifications.view;enforce_municipal_scope;preserve_active_mfa_log;add_http_security_tests
backoffice.official-notifications.show,backoffice/official-notifications/{officialNotification},GET,"App\Http\Controllers\Backoffice\OfficialNotificationController",show,"web|auth|role:administrator,municipal_technician,jury,financial_manager,maintenance_manager,auditor",0,0,0,"role:administrator,municipal_technician,jury,financial_manager,maintenance_manager,auditor",,,1,1,notifications.view,0,"App\Policies\OfficialNotificationPolicy",view,confirmed,,none,,0,,authenticated_user_and_route_bound_record,missing,0,0,1,0,"App\Models\OfficialNotification",read,0,not_required,confirmed,0,notifications,Notificações,47H,medium,high,not_detected,,laravel_route_collection|resolved_middleware|controller_reflection|controller_source|policy_discovery|permission_catalog,remove_fixed_role;apply_permission:notifications.view;enforce_municipal_scope;preserve_active_mfa_log;add_http_security_tests
backoffice.official-notifications.store,backoffice/official-notifications,POST,"App\Http\Controllers\Backoffice\OfficialNotificationController",store,"web|auth|role:administrator,municipal_technician,jury,financial_manager,maintenance_manager,auditor",0,0,0,"role:administrator,municipal_technician,jury,financial_manager,maintenance_manager,auditor",,,1,1,notifications.create,0,"App\Policies\OfficialNotificationPolicy",create,confirmed,"App\Http\Requests\StoreOfficialNotificationRequest",always_true,,0,,authenticated_user_and_route_bound_record,missing,0,0,1,0,"App\Models\OfficialNotification",mutation,1,required,confirmed,0,notifications,Notificações,47H,medium,high,not_detected,,laravel_route_collection|resolved_middleware|controller_reflection|controller_source|form_request_reflection|policy_discovery|permission_catalog,remove_fixed_role;apply_permission:notifications.create;enforce_municipal_scope;preserve_active_mfa_log;add_http_security_tests
backoffice.work-tasks.claim,backoffice/work-tasks/{workTask}/claim,POST,"App\Http\Controllers\Backoffice\WorkTaskController",claim,"web|auth|role:administrator,municipal_technician,jury,legal_manager,financial_manager,housing_manager,maintenance_manager,inspection_manager,support_agent,auditor|active.backoffice|mfa.backoffice|log.backoffice",1,1,1,"role:administrator,municipal_technician,jury,legal_manager,financial_manager,housing_manager,maintenance_manager,inspection_manager,support_agent,auditor",,,1,1,work_tasks.claim,0,"App\Policies\WorkTaskPolicy",claim,confirmed,,none,,0,,authenticated_user_and_route_bound_record,missing,0,0,1,0,"App\Models\WorkTask",mutation,1,required,confirmed,0,notifications,Notificações,47H,medium,high,route_name_reference,tests/Feature/Security/WorkTaskAuthorizationTest.php,laravel_route_collection|resolved_middleware|controller_reflection|controller_source|policy_discovery|permission_catalog|existing_test_route_reference,remove_fixed_role;apply_permission:work_tasks.claim;enforce_municipal_scope;preserve_active_mfa_log;add_http_security_tests
backoffice.work-tasks.index,backoffice/work-tasks,GET,"App\Http\Controllers\Backoffice\WorkTaskController",index,"web|auth|role:administrator,municipal_technician,jury,legal_manager,financial_manager,housing_manager,maintenance_manager,inspection_manager,support_agent,auditor|active.backoffice|mfa.backoffice|log.backoffice",1,1,1,"role:administrator,municipal_technician,jury,legal_manager,financial_manager,housing_manager,maintenance_manager,inspection_manager,support_agent,auditor",,,1,1,work_tasks.view,0,"App\Policies\WorkTaskPolicy",viewAny,confirmed,,none,,0,,authenticated_user_and_route_bound_record,missing,0,0,1,0,"App\Models\WorkTask",read,0,not_required,confirmed,0,notifications,Notificações,47H,medium,high,route_name_reference,tests/Feature/Operations/MunicipalSmokeReadinessTest.php|tests/Feature/Security/CandidateTenantIdorProtectionTest.php|tests/Feature/Security/WorkTaskAuthorizationTest.php,laravel_route_collection|resolved_middleware|controller_reflection|controller_source|policy_discovery|permission_catalog|existing_test_route_reference,remove_fixed_role;apply_permission:work_tasks.view;enforce_municipal_scope;preserve_active_mfa_log;add_http_security_tests
backoffice.work-tasks.my,backoffice/work-tasks/my,GET,"App\Http\Controllers\Backoffice\WorkTaskController",my,"web|auth|role:administrator,municipal_technician,jury,legal_manager,financial_manager,housing_manager,maintenance_manager,inspection_manager,support_agent,auditor|active.backoffice|mfa.backoffice|log.backoffice",1,1,1,"role:administrator,municipal_technician,jury,legal_manager,financial_manager,housing_manager,maintenance_manager,inspection_manager,support_agent,auditor",,,1,1,work_tasks.view,0,"App\Policies\WorkTaskPolicy",viewAny,confirmed,,none,,0,,authenticated_user_and_route_bound_record,missing,0,0,1,0,"App\Models\WorkTask",read,0,not_required,confirmed,0,notifications,Notificações,47H,medium,high,route_name_reference,tests/Feature/Backoffice/WorkTaskInboxTest.php,laravel_route_collection|resolved_middleware|controller_reflection|controller_source|policy_discovery|permission_catalog|existing_test_route_reference,remove_fixed_role;apply_permission:work_tasks.view;enforce_municipal_scope;preserve_active_mfa_log;add_http_security_tests
backoffice.work-tasks.overdue,backoffice/work-tasks/overdue,GET,"App\Http\Controllers\Backoffice\WorkTaskController",overdue,"web|auth|role:administrator,municipal_technician,jury,legal_manager,financial_manager,housing_manager,maintenance_manager,inspection_manager,support_agent,auditor|active.backoffice|mfa.backoffice|log.backoffice",1,1,1,"role:administrator,municipal_technician,jury,legal_manager,financial_manager,housing_manager,maintenance_manager,inspection_manager,support_agent,auditor",,,1,1,work_tasks.view,0,"App\Policies\WorkTaskPolicy",viewAny,confirmed,,none,,0,,authenticated_user_and_route_bound_record,missing,0,0,1,0,"App\Models\WorkTask",read,0,not_required,confirmed,0,notifications,Notificações,47H,medium,high,not_detected,,laravel_route_collection|resolved_middleware|controller_reflection|controller_source|policy_discovery|permission_catalog,remove_fixed_role;apply_permission:work_tasks.view;enforce_municipal_scope;preserve_active_mfa_log;add_http_security_tests
backoffice.work-tasks.reassign,backoffice/work-tasks/{workTask}/reassign,POST,"App\Http\Controllers\Backoffice\WorkTaskController",reassign,"web|auth|role:administrator,municipal_technician,jury,legal_manager,financial_manager,housing_manager,maintenance_manager,inspection_manager,support_agent,auditor|active.backoffice|mfa.backoffice|log.backoffice",1,1,1,"role:administrator,municipal_technician,jury,legal_manager,financial_manager,housing_manager,maintenance_manager,inspection_manager,support_agent,auditor",,,1,1,work_tasks.reassign,0,"App\Policies\WorkTaskPolicy",reassign,confirmed,"App\Http\Requests\ReassignWorkTaskRequest",inherited,,0,,authenticated_user_and_route_bound_record,missing,0,0,1,0,"App\Models\WorkTask",mutation,1,required,confirmed,0,notifications,Notificações,47H,medium,high,route_name_reference,tests/Feature/Security/WorkTaskAuthorizationTest.php,laravel_route_collection|resolved_middleware|controller_reflection|controller_source|form_request_reflection|policy_discovery|permission_catalog|existing_test_route_reference,remove_fixed_role;apply_permission:work_tasks.reassign;enforce_municipal_scope;preserve_active_mfa_log;add_http_security_tests
backoffice.work-tasks.show,backoffice/work-tasks/{workTask},GET,"App\Http\Controllers\Backoffice\WorkTaskController",show,"web|auth|role:administrator,municipal_technician,jury,legal_manager,financial_manager,housing_manager,maintenance_manager,inspection_manager,support_agent,auditor|active.backoffice|mfa.backoffice|log.backoffice",1,1,1,"role:administrator,municipal_technician,jury,legal_manager,financial_manager,housing_manager,maintenance_manager,inspection_manager,support_agent,auditor",,,1,1,work_tasks.view,0,"App\Policies\WorkTaskPolicy",view,confirmed,,none,,0,,authenticated_user_and_route_bound_record,missing,0,0,1,0,"App\Models\WorkTask",read,0,not_required,confirmed,0,notifications,Notificações,47H,medium,high,route_name_reference,tests/Feature/Backoffice/WorkTaskInboxTest.php|tests/Feature/Security/WorkTaskAuthorizationTest.php,laravel_route_collection|resolved_middleware|controller_reflection|controller_source|policy_discovery|permission_catalog|existing_test_route_reference,remove_fixed_role;apply_permission:work_tasks.view;enforce_municipal_scope;preserve_active_mfa_log;add_http_security_tests
backoffice.work-tasks.status,backoffice/work-tasks/{workTask}/status,POST,"App\Http\Controllers\Backoffice\WorkTaskController",updateStatus,"web|auth|role:administrator,municipal_technician,jury,legal_manager,financial_manager,housing_manager,maintenance_manager,inspection_manager,support_agent,auditor|active.backoffice|mfa.backoffice|log.backoffice",1,1,1,"role:administrator,municipal_technician,jury,legal_manager,financial_manager,housing_manager,maintenance_manager,inspection_manager,support_agent,auditor",,,1,1,work_tasks.update_status,0,"App\Policies\WorkTaskPolicy",complete,confirmed,"App\Http\Requests\UpdateWorkTaskStatusRequest",custom,,0,,authenticated_user_and_route_bound_record,missing,0,0,1,0,"App\Models\WorkTask",mutation,1,required,confirmed,0,notifications,Notificações,47H,medium,high,route_name_reference,tests/Feature/Security/WorkTaskAuthorizationTest.php,laravel_route_collection|resolved_middleware|controller_reflection|controller_source|form_request_reflection|policy_discovery|permission_catalog|existing_test_route_reference,remove_fixed_role;apply_permission:work_tasks.update_status;enforce_municipal_scope;preserve_active_mfa_log;add_http_security_tests
backoffice.work-tasks.team,backoffice/work-tasks/team,GET,"App\Http\Controllers\Backoffice\WorkTaskController",team,"web|auth|role:administrator,municipal_technician,jury,legal_manager,financial_manager,housing_manager,maintenance_manager,inspection_manager,support_agent,auditor|active.backoffice|mfa.backoffice|log.backoffice",1,1,1,"role:administrator,municipal_technician,jury,legal_manager,financial_manager,housing_manager,maintenance_manager,inspection_manager,support_agent,auditor",,,1,1,work_tasks.view_team,0,"App\Policies\WorkTaskPolicy",viewAny,confirmed,,none,,0,,authenticated_user_and_route_bound_record,missing,0,0,1,0,"App\Models\WorkTask",read,0,not_required,confirmed,0,notifications,Notificações,47H,medium,high,route_name_reference,tests/Feature/Backoffice/WorkTaskInboxTest.php,laravel_route_collection|resolved_middleware|controller_reflection|controller_source|policy_discovery|permission_catalog|existing_test_route_reference,remove_fixed_role;apply_permission:work_tasks.view_team;enforce_municipal_scope;preserve_active_mfa_log;add_http_security_tests
backoffice.analytics.index,backoffice/analytics,GET,"App\Http\Controllers\Backoffice\Reporting\AnalyticsController",__invoke,"web|auth|role:administrator,municipal_technician,jury,financial_manager,maintenance_manager,auditor",0,0,0,"role:administrator,municipal_technician,jury,financial_manager,maintenance_manager,auditor",,,1,1,reports.view,0,,,missing,"App\Http\Requests\Analytics\AnalyticsFilterRequest",custom,,,,dynamic_domain_context,candidate,,0,0,1,,read,0,not_required,unknown,0,reports,Relatórios,47H,low,medium,route_name_reference,tests/Feature/UX/DashboardAccessibilityTest.php|tests/Feature/UX/DashboardAnalyticsTest.php|tests/Feature/UX/DashboardAuthorizationTest.php|tests/Feature/UX/DashboardPerformanceTest.php|tests/Feature/UX/DashboardRgpdTest.php|tests/Feature/UX/FunnelAnalyticsTest.php|tests/Feature/UX/ProfileAnalyticsDashboardTest.php|tests/Feature/UX/TrendChartTest.php,laravel_route_collection|resolved_middleware|controller_reflection|controller_source|form_request_reflection|permission_catalog|existing_test_route_reference,remove_fixed_role;apply_permission:reports.view;preserve_active_mfa_log;add_http_security_tests
backoffice.cases.audit.show,backoffice/cases/audit/{auditEvent},GET,"App\Http\Controllers\Backoffice\CaseWorkspaceController",audit,"web|auth|role:administrator,municipal_technician,jury,financial_manager,maintenance_manager,auditor",0,0,0,"role:administrator,municipal_technician,jury,financial_manager,maintenance_manager,auditor",,,1,1,reports.audit,0,"App\Policies\AuditEventPolicy",audit,inferred,,none,,,,dynamic_domain_context,candidate,,0,0,1,"App\Models\AuditEvent",read,1,not_required,confirmed,0,reports,Relatórios,47H,low,high,not_detected,,laravel_route_collection|resolved_middleware|controller_reflection|controller_source|policy_discovery|permission_catalog,remove_fixed_role;apply_permission:reports.audit;preserve_active_mfa_log;add_http_security_tests
backoffice.cases.contests.show,backoffice/cases/contests/{contest},GET,"App\Http\Controllers\Backoffice\CaseWorkspaceController",contest,"web|auth|role:administrator,municipal_technician,jury,financial_manager,maintenance_manager,auditor",0,0,0,"role:administrator,municipal_technician,jury,financial_manager,maintenance_manager,auditor",,,1,1,contests.view,0,"App\Policies\ContestPolicy",viewBackoffice,inferred,,none,,,,dynamic_domain_context,candidate,,0,0,1,"App\Models\Contest",read,0,not_required,unknown,0,reports,Relatórios,47H,low,high,route_name_reference,tests/Feature/UX/CaseWorkspaceAccessibilityTest.php|tests/Feature/UX/CaseWorkspaceAuthorizationTest.php|tests/Feature/UX/CaseWorkspaceChecklistTest.php|tests/Feature/UX/CaseWorkspaceContextSearchTest.php|tests/Feature/UX/CaseWorkspaceTimelineTest.php|tests/Feature/UX/ContestCaseWorkspaceTest.php|tests/Feature/UX/EnterpriseCaseWorkspaceTest.php|tests/Feature/UX/UniversalSearchTest.php,laravel_route_collection|resolved_middleware|controller_reflection|controller_source|policy_discovery|permission_catalog|existing_test_route_reference,remove_fixed_role;apply_permission:contests.view;preserve_active_mfa_log;add_http_security_tests
backoffice.cases.tickets.show,backoffice/cases/tickets/{supportTicket},GET,"App\Http\Controllers\Backoffice\CaseWorkspaceController",ticket,"web|auth|role:administrator,municipal_technician,jury,financial_manager,maintenance_manager,auditor",0,0,0,"role:administrator,municipal_technician,jury,financial_manager,maintenance_manager,auditor",,,1,1,reports.view,0,"App\Policies\SupportTicketPolicy",view,inferred,,none,,,,dynamic_domain_context,candidate,,0,0,1,"App\Models\SupportTicket",read,0,not_required,unknown,0,reports,Relatórios,47H,low,high,route_name_reference,tests/Feature/UX/CaseWorkspaceRgpdTest.php|tests/Feature/UX/SupportTicketCaseWorkspaceTest.php,laravel_route_collection|resolved_middleware|controller_reflection|controller_source|policy_discovery|permission_catalog|existing_test_route_reference,remove_fixed_role;apply_permission:reports.view;preserve_active_mfa_log;add_http_security_tests
backoffice.communications.dashboard,backoffice/communications/dashboard,GET,"App\Http\Controllers\Backoffice\NotificationCenterController",index,"web|auth|role:administrator,municipal_technician,jury,financial_manager,maintenance_manager,auditor",0,0,0,"role:administrator,municipal_technician,jury,financial_manager,maintenance_manager,auditor",,,1,1,reports.view,0,,viewAny,confirmed,,none,,,,dynamic_domain_context,candidate,,0,0,1,,read,0,not_required,unknown,0,reports,Relatórios,47H,low,medium,not_detected,,laravel_route_collection|resolved_middleware|controller_reflection|controller_source|permission_catalog,remove_fixed_role;apply_permission:reports.view;preserve_active_mfa_log;add_http_security_tests
backoffice.operational.dashboard,backoffice/operational/dashboard,GET,"App\Http\Controllers\Backoffice\OperationalDashboardController",index,"web|auth|role:administrator,municipal_technician,jury,financial_manager,maintenance_manager,auditor",0,0,0,"role:administrator,municipal_technician,jury,financial_manager,maintenance_manager,auditor",,,1,1,reports.view,0,,,missing,"App\Http\Requests\FilterOperationalDashboardRequest",inherited,,,,dynamic_domain_context,candidate,,0,0,1,,read,0,not_required,unknown,0,reports,Relatórios,47H,low,medium,route_name_reference,tests/Feature/Sprint24BackofficeOperationalTest.php,laravel_route_collection|resolved_middleware|controller_reflection|controller_source|form_request_reflection|permission_catalog|existing_test_route_reference,remove_fixed_role;apply_permission:reports.view;preserve_active_mfa_log;add_http_security_tests
backoffice.operational.executive-dashboard,backoffice/operational/executive-dashboard,GET,"App\Http\Controllers\Backoffice\ExecutiveDashboardController",index,"web|auth|role:administrator,municipal_technician,jury,financial_manager,maintenance_manager,auditor",0,0,0,"role:administrator,municipal_technician,jury,financial_manager,maintenance_manager,auditor",,,1,1,reports.view,0,,,missing,"App\Http\Requests\FilterExecutiveDashboardRequest",custom,,,,dynamic_domain_context,confirmed,1,0,0,1,,read,0,not_required,unknown,0,reports,Relatórios,47H,low,medium,route_name_reference,tests/Feature/Sprint24BackofficeOperationalTest.php,laravel_route_collection|resolved_middleware|controller_reflection|controller_source|form_request_reflection|permission_catalog|existing_test_route_reference,remove_fixed_role;apply_permission:reports.view;preserve_active_mfa_log;add_http_security_tests
backoffice.productivity.index,backoffice/productivity,GET,"App\Http\Controllers\Backoffice\ProductivityController",__invoke,"web|auth|role:administrator,municipal_technician,jury,legal_manager,financial_manager,housing_manager,maintenance_manager,inspection_manager,support_agent,auditor|active.backoffice|mfa.backoffice|log.backoffice",1,1,1,"role:administrator,municipal_technician,jury,legal_manager,financial_manager,housing_manager,maintenance_manager,inspection_manager,support_agent,auditor",,,1,1,reports.view,0,,,missing,,none,,,,dynamic_domain_context,candidate,,0,0,1,,read,0,not_required,unknown,0,reports,Relatórios,47H,low,medium,route_name_reference,tests/Feature/UX/BatchToolbarTest.php|tests/Feature/UX/DeadlineIndicatorTest.php|tests/Feature/UX/MunicipalInboxTest.php|tests/Feature/UX/MyWorkTest.php|tests/Feature/UX/NextCaseTest.php|tests/Feature/UX/ProductivityAccessibilityTest.php|tests/Feature/UX/ProductivityAuthorizationTest.php|tests/Feature/UX/ProductivityRgpdTest.php|tests/Feature/UX/SmartQueueTest.php|tests/Feature/UX/WorkloadTest.php,laravel_route_collection|resolved_middleware|controller_reflection|controller_source|permission_catalog|existing_test_route_reference,remove_fixed_role;apply_permission:reports.view;preserve_active_mfa_log;add_http_security_tests
backoffice.reports.analytics,backoffice/reports/analytics,GET,"App\Http\Controllers\Backoffice\Reporting\AnalyticsController",__invoke,"web|auth|role:administrator,municipal_technician,jury,financial_manager,maintenance_manager,auditor",0,0,0,"role:administrator,municipal_technician,jury,financial_manager,maintenance_manager,auditor",,,1,1,reports.view,0,,,missing,"App\Http\Requests\Analytics\AnalyticsFilterRequest",custom,,,,dynamic_domain_context,candidate,,0,0,1,,read,0,not_required,unknown,0,reports,Relatórios,47H,low,medium,not_detected,,laravel_route_collection|resolved_middleware|controller_reflection|controller_source|form_request_reflection|permission_catalog,remove_fixed_role;apply_permission:reports.view;preserve_active_mfa_log;add_http_security_tests
backoffice.reports.dashboard,backoffice/reports/dashboard,GET,"App\Http\Controllers\Backoffice\Reporting\OperationalDashboardController",__invoke,"web|auth|role:administrator,municipal_technician,jury,financial_manager,maintenance_manager,auditor",0,0,0,"role:administrator,municipal_technician,jury,financial_manager,maintenance_manager,auditor",,,1,1,reports.view,0,,,missing,"App\Http\Requests\Reporting\DashboardFilterRequest",custom,,,,dynamic_domain_context,candidate,,0,0,1,,read,0,not_required,unknown,0,reports,Relatórios,47H,low,medium,not_detected,,laravel_route_collection|resolved_middleware|controller_reflection|controller_source|form_request_reflection|permission_catalog,remove_fixed_role;apply_permission:reports.view;preserve_active_mfa_log;add_http_security_tests
backoffice.reports.dashboards.create,backoffice/reports/dashboards/create,GET,"App\Http\Controllers\Backoffice\Reporting\DashboardDefinitionController",create,"web|auth|role:administrator,municipal_technician,jury,financial_manager,maintenance_manager,auditor",0,0,0,"role:administrator,municipal_technician,jury,financial_manager,maintenance_manager,auditor",,,1,1,reports.create,0,"App\Policies\DashboardDefinitionPolicy",create,confirmed,,none,,,,dynamic_domain_context,candidate,,0,0,1,"App\Models\DashboardDefinition",read,0,not_required,unknown,0,reports,Relatórios,47H,low,high,not_detected,,laravel_route_collection|resolved_middleware|controller_reflection|controller_source|policy_discovery|permission_catalog,remove_fixed_role;apply_permission:reports.create;preserve_active_mfa_log;add_http_security_tests
backoffice.reports.dashboards.destroy,backoffice/reports/dashboards/{dashboardDefinition},DELETE,"App\Http\Controllers\Backoffice\Reporting\DashboardDefinitionController",destroy,"web|auth|role:administrator,municipal_technician,jury,financial_manager,maintenance_manager,auditor",0,0,0,"role:administrator,municipal_technician,jury,financial_manager,maintenance_manager,auditor",,,1,1,reports.delete,0,"App\Policies\DashboardDefinitionPolicy",delete,confirmed,,none,,,,dynamic_domain_context,candidate,,0,0,1,"App\Models\DashboardDefinition",mutation,1,required,missing,0,reports,Relatórios,47H,low,high,not_detected,,laravel_route_collection|resolved_middleware|controller_reflection|controller_source|policy_discovery|permission_catalog,remove_fixed_role;apply_permission:reports.delete;preserve_active_mfa_log;add_http_security_tests
backoffice.reports.dashboards.edit,backoffice/reports/dashboards/{dashboardDefinition}/edit,GET,"App\Http\Controllers\Backoffice\Reporting\DashboardDefinitionController",edit,"web|auth|role:administrator,municipal_technician,jury,financial_manager,maintenance_manager,auditor",0,0,0,"role:administrator,municipal_technician,jury,financial_manager,maintenance_manager,auditor",,,1,1,reports.update,0,"App\Policies\DashboardDefinitionPolicy",update,confirmed,,none,,,,dynamic_domain_context,candidate,,0,0,1,"App\Models\DashboardDefinition",read,0,not_required,unknown,0,reports,Relatórios,47H,low,high,not_detected,,laravel_route_collection|resolved_middleware|controller_reflection|controller_source|policy_discovery|permission_catalog,remove_fixed_role;apply_permission:reports.update;preserve_active_mfa_log;add_http_security_tests
backoffice.reports.dashboards.index,backoffice/reports/dashboards,GET,"App\Http\Controllers\Backoffice\Reporting\DashboardDefinitionController",index,"web|auth|role:administrator,municipal_technician,jury,financial_manager,maintenance_manager,auditor",0,0,0,"role:administrator,municipal_technician,jury,financial_manager,maintenance_manager,auditor",,,1,1,reports.view,0,"App\Policies\DashboardDefinitionPolicy",viewAny,confirmed,,none,,,,dynamic_domain_context,candidate,,0,0,1,"App\Models\DashboardDefinition",read,0,not_required,unknown,0,reports,Relatórios,47H,low,high,not_detected,,laravel_route_collection|resolved_middleware|controller_reflection|controller_source|policy_discovery|permission_catalog,remove_fixed_role;apply_permission:reports.view;preserve_active_mfa_log;add_http_security_tests
backoffice.reports.dashboards.store,backoffice/reports/dashboards,POST,"App\Http\Controllers\Backoffice\Reporting\DashboardDefinitionController",store,"web|auth|role:administrator,municipal_technician,jury,financial_manager,maintenance_manager,auditor",0,0,0,"role:administrator,municipal_technician,jury,financial_manager,maintenance_manager,auditor",,,1,1,reports.create,0,"App\Policies\DashboardDefinitionPolicy",create,confirmed,"App\Http\Requests\Reporting\StoreDashboardDefinitionRequest",gate_or_policy,,,,dynamic_domain_context,candidate,,0,0,1,"App\Models\DashboardDefinition",mutation,1,required,missing,0,reports,Relatórios,47H,low,high,not_detected,,laravel_route_collection|resolved_middleware|controller_reflection|controller_source|form_request_reflection|policy_discovery|permission_catalog,remove_fixed_role;apply_permission:reports.create;preserve_active_mfa_log;add_http_security_tests
backoffice.reports.dashboards.update,backoffice/reports/dashboards/{dashboardDefinition},PUT|PATCH,"App\Http\Controllers\Backoffice\Reporting\DashboardDefinitionController",update,"web|auth|role:administrator,municipal_technician,jury,financial_manager,maintenance_manager,auditor",0,0,0,"role:administrator,municipal_technician,jury,financial_manager,maintenance_manager,auditor",,,1,1,reports.update,0,"App\Policies\DashboardDefinitionPolicy",update,confirmed,"App\Http\Requests\Reporting\UpdateDashboardDefinitionRequest",gate_or_policy,,,,dynamic_domain_context,candidate,,0,0,1,"App\Models\DashboardDefinition",mutation,1,required,missing,0,reports,Relatórios,47H,low,high,not_detected,,laravel_route_collection|resolved_middleware|controller_reflection|controller_source|form_request_reflection|policy_discovery|permission_catalog,remove_fixed_role;apply_permission:reports.update;preserve_active_mfa_log;add_http_security_tests
backoffice.reports.definitions.create,backoffice/reports/definitions/create,GET,"App\Http\Controllers\Backoffice\Reporting\ReportDefinitionController",create,"web|auth|role:administrator,municipal_technician,jury,financial_manager,maintenance_manager,auditor",0,0,0,"role:administrator,municipal_technician,jury,financial_manager,maintenance_manager,auditor",,,1,1,reports.create,0,"App\Policies\ReportDefinitionPolicy",create,confirmed,,none,,0,,authenticated_user_and_route_bound_record,missing,0,0,1,0,"App\Models\ReportDefinition",read,0,not_required,unknown,0,reports,Relatórios,47H,low,high,not_detected,,laravel_route_collection|resolved_middleware|controller_reflection|controller_source|policy_discovery|permission_catalog,remove_fixed_role;apply_permission:reports.create;enforce_municipal_scope;preserve_active_mfa_log;add_http_security_tests
backoffice.reports.definitions.destroy,backoffice/reports/definitions/{reportDefinition},DELETE,"App\Http\Controllers\Backoffice\Reporting\ReportDefinitionController",destroy,"web|auth|role:administrator,municipal_technician,jury,financial_manager,maintenance_manager,auditor",0,0,0,"role:administrator,municipal_technician,jury,financial_manager,maintenance_manager,auditor",,,1,1,reports.delete,0,"App\Policies\ReportDefinitionPolicy",delete,confirmed,,none,,0,,authenticated_user_and_route_bound_record,missing,0,0,1,0,"App\Models\ReportDefinition",mutation,1,required,missing,0,reports,Relatórios,47H,low,high,not_detected,,laravel_route_collection|resolved_middleware|controller_reflection|controller_source|policy_discovery|permission_catalog,remove_fixed_role;apply_permission:reports.delete;enforce_municipal_scope;preserve_active_mfa_log;add_http_security_tests
backoffice.reports.definitions.edit,backoffice/reports/definitions/{reportDefinition}/edit,GET,"App\Http\Controllers\Backoffice\Reporting\ReportDefinitionController",edit,"web|auth|role:administrator,municipal_technician,jury,financial_manager,maintenance_manager,auditor",0,0,0,"role:administrator,municipal_technician,jury,financial_manager,maintenance_manager,auditor",,,1,1,reports.update,0,"App\Policies\ReportDefinitionPolicy",update,confirmed,,none,,0,,authenticated_user_and_route_bound_record,missing,0,0,1,0,"App\Models\ReportDefinition",read,0,not_required,unknown,0,reports,Relatórios,47H,low,high,not_detected,,laravel_route_collection|resolved_middleware|controller_reflection|controller_source|policy_discovery|permission_catalog,remove_fixed_role;apply_permission:reports.update;enforce_municipal_scope;preserve_active_mfa_log;add_http_security_tests
backoffice.reports.definitions.store,backoffice/reports/definitions,POST,"App\Http\Controllers\Backoffice\Reporting\ReportDefinitionController",store,"web|auth|role:administrator,municipal_technician,jury,financial_manager,maintenance_manager,auditor",0,0,0,"role:administrator,municipal_technician,jury,financial_manager,maintenance_manager,auditor",,,1,1,reports.create,0,"App\Policies\ReportDefinitionPolicy",create,confirmed,"App\Http\Requests\Reporting\StoreReportDefinitionRequest",gate_or_policy,,0,,authenticated_user_and_route_bound_record,missing,0,0,1,0,"App\Models\ReportDefinition",mutation,1,required,missing,0,reports,Relatórios,47H,low,high,route_name_reference,tests/Feature/Reports/MunicipalReportsAuthorizationTest.php|tests/Feature/Sprint17ReportingDashboardTest.php,laravel_route_collection|resolved_middleware|controller_reflection|controller_source|form_request_reflection|policy_discovery|permission_catalog|existing_test_route_reference,remove_fixed_role;apply_permission:reports.create;enforce_municipal_scope;preserve_active_mfa_log;add_http_security_tests
backoffice.reports.definitions.update,backoffice/reports/definitions/{reportDefinition},PUT|PATCH,"App\Http\Controllers\Backoffice\Reporting\ReportDefinitionController",update,"web|auth|role:administrator,municipal_technician,jury,financial_manager,maintenance_manager,auditor",0,0,0,"role:administrator,municipal_technician,jury,financial_manager,maintenance_manager,auditor",,,1,1,reports.update,0,"App\Policies\ReportDefinitionPolicy",update,confirmed,"App\Http\Requests\Reporting\UpdateReportDefinitionRequest",gate_or_policy,,0,,authenticated_user_and_route_bound_record,missing,0,0,1,0,"App\Models\ReportDefinition",mutation,1,required,missing,0,reports,Relatórios,47H,low,high,not_detected,,laravel_route_collection|resolved_middleware|controller_reflection|controller_source|form_request_reflection|policy_discovery|permission_catalog,remove_fixed_role;apply_permission:reports.update;enforce_municipal_scope;preserve_active_mfa_log;add_http_security_tests
backoffice.reports.executive,backoffice/reports/executive,GET,"App\Http\Controllers\Backoffice\Reporting\ExecutiveDashboardController",__invoke,"web|auth|role:administrator,municipal_technician,jury,financial_manager,maintenance_manager,auditor",0,0,0,"role:administrator,municipal_technician,jury,financial_manager,maintenance_manager,auditor",,,1,1,reports.view,0,,,missing,"App\Http\Requests\Reporting\DashboardFilterRequest",custom,,,,dynamic_domain_context,candidate,,0,0,1,,read,0,not_required,unknown,0,reports,Relatórios,47H,low,medium,route_name_reference,tests/Feature/Sprint17ReportingDashboardTest.php|tests/Feature/UX/ExecutiveDashboardTest.php,laravel_route_collection|resolved_middleware|controller_reflection|controller_source|form_request_reflection|permission_catalog|existing_test_route_reference,remove_fixed_role;apply_permission:reports.view;preserve_active_mfa_log;add_http_security_tests
backoffice.reports.filter-presets.destroy,backoffice/reports/filter-presets/{reportFilterPreset},DELETE,"App\Http\Controllers\Backoffice\Reporting\ReportFilterPresetController",destroy,"web|auth|role:administrator,municipal_technician,jury,financial_manager,maintenance_manager,auditor",0,0,0,"role:administrator,municipal_technician,jury,financial_manager,maintenance_manager,auditor",,,1,1,reports.delete,0,"App\Policies\ReportFilterPresetPolicy",delete,confirmed,,none,,0,,authenticated_user_and_route_bound_record,missing,0,0,1,0,"App\Models\ReportFilterPreset",mutation,1,required,missing,0,reports,Relatórios,47H,low,high,not_detected,,laravel_route_collection|resolved_middleware|controller_reflection|controller_source|policy_discovery|permission_catalog,remove_fixed_role;apply_permission:reports.delete;enforce_municipal_scope;preserve_active_mfa_log;add_http_security_tests
backoffice.reports.filter-presets.index,backoffice/reports/filter-presets,GET,"App\Http\Controllers\Backoffice\Reporting\ReportFilterPresetController",index,"web|auth|role:administrator,municipal_technician,jury,financial_manager,maintenance_manager,auditor",0,0,0,"role:administrator,municipal_technician,jury,financial_manager,maintenance_manager,auditor",,,1,1,reports.view,0,"App\Policies\ReportFilterPresetPolicy",viewAny,confirmed,,none,,0,,authenticated_user_and_route_bound_record,missing,0,0,1,0,"App\Models\ReportFilterPreset",read,1,not_required,unknown,0,reports,Relatórios,47H,low,high,not_detected,,laravel_route_collection|resolved_middleware|controller_reflection|controller_source|policy_discovery|permission_catalog,remove_fixed_role;apply_permission:reports.view;enforce_municipal_scope;preserve_active_mfa_log;add_http_security_tests
backoffice.reports.filter-presets.store,backoffice/reports/filter-presets,POST,"App\Http\Controllers\Backoffice\Reporting\ReportFilterPresetController",store,"web|auth|role:administrator,municipal_technician,jury,financial_manager,maintenance_manager,auditor",0,0,0,"role:administrator,municipal_technician,jury,financial_manager,maintenance_manager,auditor",,,1,1,reports.create,0,"App\Policies\ReportFilterPresetPolicy",create,confirmed,"App\Http\Requests\Reporting\StoreReportFilterPresetRequest",gate_or_policy,,0,,authenticated_user_and_route_bound_record,missing,0,0,1,0,"App\Models\ReportFilterPreset",mutation,1,required,missing,0,reports,Relatórios,47H,low,high,not_detected,,laravel_route_collection|resolved_middleware|controller_reflection|controller_source|form_request_reflection|policy_discovery|permission_catalog,remove_fixed_role;apply_permission:reports.create;enforce_municipal_scope;preserve_active_mfa_log;add_http_security_tests
backoffice.reports.filter-presets.update,backoffice/reports/filter-presets/{reportFilterPreset},PUT|PATCH,"App\Http\Controllers\Backoffice\Reporting\ReportFilterPresetController",update,"web|auth|role:administrator,municipal_technician,jury,financial_manager,maintenance_manager,auditor",0,0,0,"role:administrator,municipal_technician,jury,financial_manager,maintenance_manager,auditor",,,1,1,reports.update,0,"App\Policies\ReportFilterPresetPolicy",update,confirmed,"App\Http\Requests\Reporting\UpdateReportFilterPresetRequest",gate_or_policy,,0,,authenticated_user_and_route_bound_record,missing,0,0,1,0,"App\Models\ReportFilterPreset",mutation,1,required,missing,0,reports,Relatórios,47H,low,high,not_detected,,laravel_route_collection|resolved_middleware|controller_reflection|controller_source|form_request_reflection|policy_discovery|permission_catalog,remove_fixed_role;apply_permission:reports.update;enforce_municipal_scope;preserve_active_mfa_log;add_http_security_tests
backoffice.reports.indicators.index,backoffice/reports/indicators,GET,"App\Http\Controllers\Backoffice\Reporting\IndicatorController",index,"web|auth|role:administrator,municipal_technician,jury,financial_manager,maintenance_manager,auditor",0,0,0,"role:administrator,municipal_technician,jury,financial_manager,maintenance_manager,auditor",,,1,1,reports.view,0,,viewAny,confirmed,,none,,0,,authenticated_user,candidate,,0,1,0,,read,0,not_required,unknown,0,reports,Relatórios,47H,low,medium,not_detected,,laravel_route_collection|resolved_middleware|controller_reflection|controller_source|permission_catalog,remove_fixed_role;apply_permission:reports.view;preserve_active_mfa_log;add_http_security_tests
backoffice.reports.indicators.show,backoffice/reports/indicators/{indicatorDefinition},GET,"App\Http\Controllers\Backoffice\Reporting\IndicatorController",show,"web|auth|role:administrator,municipal_technician,jury,financial_manager,maintenance_manager,auditor",0,0,0,"role:administrator,municipal_technician,jury,financial_manager,maintenance_manager,auditor",,,1,1,reports.view,0,"App\Policies\IndicatorDefinitionPolicy",view,confirmed,"App\Http\Requests\Reporting\DashboardFilterRequest",custom,,0,,authenticated_user_and_route_bound_record,missing,0,0,1,0,"App\Models\IndicatorDefinition",read,0,not_required,unknown,0,reports,Relatórios,47H,low,high,not_detected,,laravel_route_collection|resolved_middleware|controller_reflection|controller_source|form_request_reflection|policy_discovery|permission_catalog,remove_fixed_role;apply_permission:reports.view;enforce_municipal_scope;preserve_active_mfa_log;add_http_security_tests
backoffice.reports.indicators.store,backoffice/reports/indicators,POST,"App\Http\Controllers\Backoffice\Reporting\IndicatorController",store,"web|auth|role:administrator,municipal_technician,jury,financial_manager,maintenance_manager,auditor",0,0,0,"role:administrator,municipal_technician,jury,financial_manager,maintenance_manager,auditor",,,1,1,reports.create,0,,create,confirmed,"App\Http\Requests\Reporting\StoreIndicatorDefinitionRequest",gate_or_policy,,0,,authenticated_user,candidate,,0,1,0,,mutation,1,required,missing,0,reports,Relatórios,47H,low,medium,not_detected,,laravel_route_collection|resolved_middleware|controller_reflection|controller_source|form_request_reflection|permission_catalog,remove_fixed_role;apply_permission:reports.create;preserve_active_mfa_log;add_http_security_tests
backoffice.reports.indicators.update,backoffice/reports/indicators/{indicatorDefinition},PUT|PATCH,"App\Http\Controllers\Backoffice\Reporting\IndicatorController",update,"web|auth|role:administrator,municipal_technician,jury,financial_manager,maintenance_manager,auditor",0,0,0,"role:administrator,municipal_technician,jury,financial_manager,maintenance_manager,auditor",,,1,1,reports.update,0,"App\Policies\IndicatorDefinitionPolicy",update,confirmed,"App\Http\Requests\Reporting\UpdateIndicatorDefinitionRequest",gate_or_policy,,0,,authenticated_user_and_route_bound_record,missing,0,0,1,0,"App\Models\IndicatorDefinition",mutation,1,required,missing,0,reports,Relatórios,47H,low,high,not_detected,,laravel_route_collection|resolved_middleware|controller_reflection|controller_source|form_request_reflection|policy_discovery|permission_catalog,remove_fixed_role;apply_permission:reports.update;enforce_municipal_scope;preserve_active_mfa_log;add_http_security_tests
backoffice.reports.operational,backoffice/reports/operational,GET,"App\Http\Controllers\Backoffice\Reporting\OperationalDashboardController",__invoke,"web|auth|role:administrator,municipal_technician,jury,financial_manager,maintenance_manager,auditor",0,0,0,"role:administrator,municipal_technician,jury,financial_manager,maintenance_manager,auditor",,,1,1,reports.view,0,,,missing,"App\Http\Requests\Reporting\DashboardFilterRequest",custom,,,,dynamic_domain_context,candidate,,0,0,1,,read,0,not_required,unknown,0,reports,Relatórios,47H,low,medium,route_name_reference,tests/Feature/Reports/MunicipalReportsAuthorizationTest.php|tests/Feature/Sprint17ReportingDashboardTest.php,laravel_route_collection|resolved_middleware|controller_reflection|controller_source|form_request_reflection|permission_catalog|existing_test_route_reference,remove_fixed_role;apply_permission:reports.view;preserve_active_mfa_log;add_http_security_tests
backoffice.reports.runs.index,backoffice/reports/runs,GET,"App\Http\Controllers\Backoffice\Reporting\ReportRunController",index,"web|auth|role:administrator,municipal_technician,jury,financial_manager,maintenance_manager,auditor",0,0,0,"role:administrator,municipal_technician,jury,financial_manager,maintenance_manager,auditor",,,1,1,reports.view,0,"App\Policies\ReportRunPolicy",viewAny,confirmed,,none,,0,,authenticated_user_and_route_bound_record,confirmed,1,0,1,0,"App\Models\ReportRun",read,0,not_required,confirmed,0,reports,Relatórios,47H,low,high,not_detected,,laravel_route_collection|resolved_middleware|controller_reflection|controller_source|policy_discovery|permission_catalog,remove_fixed_role;apply_permission:reports.view;preserve_active_mfa_log;add_http_security_tests
backoffice.reports.runs.show,backoffice/reports/runs/{reportRun},GET,"App\Http\Controllers\Backoffice\Reporting\ReportRunController",show,"web|auth|role:administrator,municipal_technician,jury,financial_manager,maintenance_manager,auditor",0,0,0,"role:administrator,municipal_technician,jury,financial_manager,maintenance_manager,auditor",,,1,1,reports.view,0,"App\Policies\ReportRunPolicy",view,confirmed,,none,,0,,authenticated_user_and_route_bound_record,confirmed,1,0,1,0,"App\Models\ReportRun",read,0,not_required,confirmed,0,reports,Relatórios,47H,low,high,route_name_reference,tests/Feature/Sprint17ReportingDashboardTest.php,laravel_route_collection|resolved_middleware|controller_reflection|controller_source|policy_discovery|permission_catalog|existing_test_route_reference,remove_fixed_role;apply_permission:reports.view;preserve_active_mfa_log;add_http_security_tests
backoffice.reports.runs.store,backoffice/reports/definitions/{reportDefinition}/run,POST,"App\Http\Controllers\Backoffice\Reporting\ReportRunController",store,"web|auth|role:administrator,municipal_technician,jury,financial_manager,maintenance_manager,auditor",0,0,0,"role:administrator,municipal_technician,jury,financial_manager,maintenance_manager,auditor",,,1,1,reports.create,0,"App\Policies\ReportDefinitionPolicy",run,confirmed,"App\Http\Requests\Reporting\RunReportRequest",gate_or_policy,,0,,authenticated_user_and_route_bound_record,confirmed,1,0,1,0,"App\Models\ReportDefinition",mutation,1,required,confirmed,0,reports,Relatórios,47H,low,high,route_name_reference,tests/Feature/Sprint17ReportingDashboardTest.php,laravel_route_collection|resolved_middleware|controller_reflection|controller_source|form_request_reflection|policy_discovery|permission_catalog|existing_test_route_reference,remove_fixed_role;apply_permission:reports.create;preserve_active_mfa_log;add_http_security_tests
backoffice.reports.widgets.destroy,backoffice/reports/widgets/{dashboardWidget},DELETE,"App\Http\Controllers\Backoffice\Reporting\DashboardWidgetController",destroy,"web|auth|role:administrator,municipal_technician,jury,financial_manager,maintenance_manager,auditor",0,0,0,"role:administrator,municipal_technician,jury,financial_manager,maintenance_manager,auditor",,,1,1,reports.delete,0,"App\Policies\DashboardWidgetPolicy",delete,confirmed,,none,,,,dynamic_domain_context,candidate,,0,0,1,"App\Models\DashboardWidget",mutation,1,required,missing,0,reports,Relatórios,47H,low,high,not_detected,,laravel_route_collection|resolved_middleware|controller_reflection|controller_source|policy_discovery|permission_catalog,remove_fixed_role;apply_permission:reports.delete;preserve_active_mfa_log;add_http_security_tests
backoffice.reports.widgets.store,backoffice/reports/widgets,POST,"App\Http\Controllers\Backoffice\Reporting\DashboardWidgetController",store,"web|auth|role:administrator,municipal_technician,jury,financial_manager,maintenance_manager,auditor",0,0,0,"role:administrator,municipal_technician,jury,financial_manager,maintenance_manager,auditor",,,1,1,reports.create,0,"App\Policies\DashboardWidgetPolicy",create,confirmed,"App\Http\Requests\Reporting\StoreDashboardWidgetRequest",gate_or_policy,,,,dynamic_domain_context,candidate,,0,0,1,"App\Models\DashboardWidget",mutation,1,required,missing,0,reports,Relatórios,47H,low,high,not_detected,,laravel_route_collection|resolved_middleware|controller_reflection|controller_source|form_request_reflection|policy_discovery|permission_catalog,remove_fixed_role;apply_permission:reports.create;preserve_active_mfa_log;add_http_security_tests
backoffice.reports.widgets.update,backoffice/reports/widgets/{dashboardWidget},PUT|PATCH,"App\Http\Controllers\Backoffice\Reporting\DashboardWidgetController",update,"web|auth|role:administrator,municipal_technician,jury,financial_manager,maintenance_manager,auditor",0,0,0,"role:administrator,municipal_technician,jury,financial_manager,maintenance_manager,auditor",,,1,1,reports.update,0,"App\Policies\DashboardWidgetPolicy",update,confirmed,"App\Http\Requests\Reporting\UpdateDashboardWidgetRequest",gate_or_policy,,,,dynamic_domain_context,candidate,,0,0,1,"App\Models\DashboardWidget",mutation,1,required,missing,0,reports,Relatórios,47H,low,high,not_detected,,laravel_route_collection|resolved_middleware|controller_reflection|controller_source|form_request_reflection|policy_discovery|permission_catalog,remove_fixed_role;apply_permission:reports.update;preserve_active_mfa_log;add_http_security_tests
backoffice.work-tasks.dashboard,backoffice/work-tasks/dashboard,GET,"App\Http\Controllers\Backoffice\WorkTaskDashboardController",__invoke,"web|auth|role:administrator,municipal_technician,jury,legal_manager,financial_manager,housing_manager,maintenance_manager,inspection_manager,support_agent,auditor|active.backoffice|mfa.backoffice|log.backoffice",1,1,1,"role:administrator,municipal_technician,jury,legal_manager,financial_manager,housing_manager,maintenance_manager,inspection_manager,support_agent,auditor",,,1,1,work_tasks.view,0,,,missing,,none,,,,dynamic_domain_context,candidate,,0,0,1,,read,0,not_required,unknown,0,reports,Relatórios,47H,low,medium,route_name_reference,tests/Feature/Backoffice/WorkTaskDashboardTest.php|tests/Feature/Operations/MunicipalSmokeReadinessTest.php|tests/Feature/UX/LegacyScreenNormalizationTest.php,laravel_route_collection|resolved_middleware|controller_reflection|controller_source|permission_catalog|existing_test_route_reference,remove_fixed_role;apply_permission:work_tasks.view;preserve_active_mfa_log;add_http_security_tests
